ISO-10303-21;
HEADER;
/* Generated by software containing ST-Developer
 * from STEP Tools, Inc. (www.steptools.com) 
 */

FILE_DESCRIPTION(
/* description */ (''),
/* implementation_level */ '2;1');

FILE_NAME(
/* name */ 'X-Axis Printable.step',
/* time_stamp */ '2026-06-02T14:43:00+01:00',
/* author */ (''),
/* organization */ (''),
/* preprocessor_version */ 'ST-DEVELOPER v20.1',
/* originating_system */ 'Autodesk Translation Framework v15.8.0.0',
/* authorisation */ '');

FILE_SCHEMA (('AUTOMOTIVE_DESIGN { 1 0 10303 214 3 1 1 }'));
ENDSEC;

DATA;
#10=MECHANICAL_DESIGN_GEOMETRIC_PRESENTATION_REPRESENTATION('',(#29,#30,
#31,#32),#4684);
#11=ITEM_DEFINED_TRANSFORMATION($,$,#2869,#3001);
#12=ITEM_DEFINED_TRANSFORMATION($,$,#2868,#3107);
#13=ITEM_DEFINED_TRANSFORMATION($,$,#3002,#3108);
#14=(
REPRESENTATION_RELATIONSHIP($,$,#4702,#4701)
REPRESENTATION_RELATIONSHIP_WITH_TRANSFORMATION(#11)
SHAPE_REPRESENTATION_RELATIONSHIP()
);
#15=(
REPRESENTATION_RELATIONSHIP($,$,#4701,#4700)
REPRESENTATION_RELATIONSHIP_WITH_TRANSFORMATION(#12)
SHAPE_REPRESENTATION_RELATIONSHIP()
);
#16=(
REPRESENTATION_RELATIONSHIP($,$,#4703,#4700)
REPRESENTATION_RELATIONSHIP_WITH_TRANSFORMATION(#13)
SHAPE_REPRESENTATION_RELATIONSHIP()
);
#17=CONTEXT_DEPENDENT_SHAPE_REPRESENTATION(#14,#4696);
#18=CONTEXT_DEPENDENT_SHAPE_REPRESENTATION(#15,#4698);
#19=CONTEXT_DEPENDENT_SHAPE_REPRESENTATION(#16,#4699);
#20=NEXT_ASSEMBLY_USAGE_OCCURRENCE('Component12:1','Component12:1',
'Component12:1',#4706,#4707,'Component12:1');
#21=NEXT_ASSEMBLY_USAGE_OCCURRENCE('Frame:1','Frame:1','Frame:1',#4705,
#4706,'Frame:1');
#22=NEXT_ASSEMBLY_USAGE_OCCURRENCE('Carriage (1):1','Carriage (1):1',
'Carriage (1):1',#4705,#4708,'Carriage (1):1');
#23=SHAPE_REPRESENTATION_RELATIONSHIP('SRR','None',#4702,#26);
#24=SHAPE_REPRESENTATION_RELATIONSHIP('SRR','None',#4701,#27);
#25=SHAPE_REPRESENTATION_RELATIONSHIP('SRR','None',#4703,#28);
#26=ADVANCED_BREP_SHAPE_REPRESENTATION('',(#33),#4682);
#27=ADVANCED_BREP_SHAPE_REPRESENTATION('',(#34,#35),#4681);
#28=ADVANCED_BREP_SHAPE_REPRESENTATION('',(#36),#4683);
#29=STYLED_ITEM('',(#4724),#33);
#30=STYLED_ITEM('',(#4724),#34);
#31=STYLED_ITEM('',(#4724),#35);
#32=STYLED_ITEM('',(#4724),#36);
#33=MANIFOLD_SOLID_BREP('Body9',#2851);
#34=MANIFOLD_SOLID_BREP('Body1',#2852);
#35=MANIFOLD_SOLID_BREP('Body5',#2853);
#36=MANIFOLD_SOLID_BREP('Body1',#2854);
#37=CYLINDRICAL_SURFACE('',#2898,2.79999999999999);
#38=CYLINDRICAL_SURFACE('',#2900,2.79999999999999);
#39=CYLINDRICAL_SURFACE('',#2902,2.80000000000001);
#40=CYLINDRICAL_SURFACE('',#2904,4.1);
#41=CYLINDRICAL_SURFACE('',#2906,4.24999999999999);
#42=CYLINDRICAL_SURFACE('',#2908,4.1);
#43=CYLINDRICAL_SURFACE('',#2910,2.79999999999999);
#44=CYLINDRICAL_SURFACE('',#2927,2.79999999999999);
#45=CYLINDRICAL_SURFACE('',#2930,2.79999999999999);
#46=CYLINDRICAL_SURFACE('',#2933,2.80000000000001);
#47=CYLINDRICAL_SURFACE('',#2936,4.1);
#48=CYLINDRICAL_SURFACE('',#2939,4.24999999999999);
#49=CYLINDRICAL_SURFACE('',#2942,4.1);
#50=CYLINDRICAL_SURFACE('',#2945,2.79999999999999);
#51=CYLINDRICAL_SURFACE('',#2950,11.1);
#52=CYLINDRICAL_SURFACE('',#2965,1.9);
#53=CYLINDRICAL_SURFACE('',#2967,1.9);
#54=CYLINDRICAL_SURFACE('',#2969,1.9);
#55=CYLINDRICAL_SURFACE('',#2971,1.9);
#56=CYLINDRICAL_SURFACE('',#2974,1.7);
#57=CYLINDRICAL_SURFACE('',#2977,1.7);
#58=CYLINDRICAL_SURFACE('',#2980,11.2);
#59=CYLINDRICAL_SURFACE('',#2986,13.);
#60=CYLINDRICAL_SURFACE('',#2994,13.);
#61=CYLINDRICAL_SURFACE('',#3016,1.75000000000001);
#62=CYLINDRICAL_SURFACE('',#3019,1.75000000000001);
#63=CYLINDRICAL_SURFACE('',#3022,1.75000000000001);
#64=CYLINDRICAL_SURFACE('',#3026,1.75000000000001);
#65=CYLINDRICAL_SURFACE('',#3030,1.75000000000001);
#66=CYLINDRICAL_SURFACE('',#3051,8.2);
#67=CYLINDRICAL_SURFACE('',#3053,1.85);
#68=CYLINDRICAL_SURFACE('',#3055,1.85);
#69=CYLINDRICAL_SURFACE('',#3057,1.85);
#70=CYLINDRICAL_SURFACE('',#3059,1.85);
#71=CYLINDRICAL_SURFACE('',#3062,16.);
#72=CYLINDRICAL_SURFACE('',#3073,1.74999999999999);
#73=CYLINDRICAL_SURFACE('',#3075,1.75000000000001);
#74=CYLINDRICAL_SURFACE('',#3077,1.75000000000001);
#75=CYLINDRICAL_SURFACE('',#3079,1.74999999999999);
#76=CYLINDRICAL_SURFACE('',#3094,1.75000000000001);
#77=CYLINDRICAL_SURFACE('',#3096,1.75000000000001);
#78=CYLINDRICAL_SURFACE('',#3098,1.75000000000001);
#79=CYLINDRICAL_SURFACE('',#3100,1.75000000000001);
#80=FACE_BOUND('',#412,.T.);
#81=FACE_BOUND('',#413,.T.);
#82=FACE_BOUND('',#414,.T.);
#83=FACE_BOUND('',#415,.T.);
#84=FACE_BOUND('',#416,.T.);
#85=FACE_BOUND('',#417,.T.);
#86=FACE_BOUND('',#418,.T.);
#87=FACE_BOUND('',#431,.T.);
#88=FACE_BOUND('',#432,.T.);
#89=FACE_BOUND('',#433,.T.);
#90=FACE_BOUND('',#434,.T.);
#91=FACE_BOUND('',#435,.T.);
#92=FACE_BOUND('',#436,.T.);
#93=FACE_BOUND('',#437,.T.);
#94=FACE_BOUND('',#459,.T.);
#95=FACE_BOUND('',#462,.T.);
#96=FACE_BOUND('',#463,.T.);
#97=FACE_BOUND('',#464,.T.);
#98=FACE_BOUND('',#465,.T.);
#99=FACE_BOUND('',#466,.T.);
#100=FACE_BOUND('',#467,.T.);
#101=FACE_BOUND('',#468,.T.);
#102=FACE_BOUND('',#469,.T.);
#103=FACE_BOUND('',#470,.T.);
#104=FACE_BOUND('',#471,.T.);
#105=FACE_BOUND('',#472,.T.);
#106=FACE_BOUND('',#486,.T.);
#107=FACE_BOUND('',#487,.T.);
#108=FACE_BOUND('',#488,.T.);
#109=FACE_BOUND('',#489,.T.);
#110=FACE_BOUND('',#490,.T.);
#111=FACE_BOUND('',#491,.T.);
#112=FACE_BOUND('',#492,.T.);
#113=FACE_BOUND('',#493,.T.);
#114=FACE_BOUND('',#494,.T.);
#115=FACE_BOUND('',#495,.T.);
#116=FACE_BOUND('',#496,.T.);
#117=FACE_BOUND('',#513,.T.);
#118=FACE_BOUND('',#514,.T.);
#119=FACE_BOUND('',#515,.T.);
#120=FACE_BOUND('',#517,.T.);
#121=FACE_BOUND('',#518,.T.);
#122=FACE_BOUND('',#519,.T.);
#123=FACE_BOUND('',#524,.T.);
#124=FACE_BOUND('',#525,.T.);
#125=FACE_BOUND('',#526,.T.);
#126=FACE_BOUND('',#537,.T.);
#127=FACE_BOUND('',#538,.T.);
#128=FACE_BOUND('',#539,.T.);
#129=FACE_BOUND('',#540,.T.);
#130=FACE_BOUND('',#541,.T.);
#131=FACE_BOUND('',#543,.T.);
#132=FACE_BOUND('',#546,.T.);
#133=FACE_BOUND('',#549,.T.);
#134=FACE_BOUND('',#550,.T.);
#135=FACE_BOUND('',#551,.T.);
#136=FACE_BOUND('',#552,.T.);
#137=FACE_BOUND('',#553,.T.);
#138=FACE_BOUND('',#563,.T.);
#139=FACE_BOUND('',#564,.T.);
#140=FACE_BOUND('',#565,.T.);
#141=FACE_BOUND('',#566,.T.);
#142=FACE_BOUND('',#567,.T.);
#143=FACE_BOUND('',#571,.T.);
#144=FACE_BOUND('',#572,.T.);
#145=FACE_BOUND('',#574,.T.);
#146=FACE_BOUND('',#575,.T.);
#147=FACE_BOUND('',#585,.T.);
#148=FACE_BOUND('',#586,.T.);
#149=FACE_BOUND('',#587,.T.);
#150=FACE_BOUND('',#588,.T.);
#151=FACE_BOUND('',#592,.T.);
#152=FACE_BOUND('',#593,.T.);
#153=FACE_BOUND('',#595,.T.);
#154=FACE_BOUND('',#596,.T.);
#155=FACE_BOUND('',#606,.T.);
#156=FACE_BOUND('',#607,.T.);
#157=FACE_BOUND('',#608,.T.);
#158=FACE_BOUND('',#609,.T.);
#159=CIRCLE('',#2888,2.79999999999999);
#160=CIRCLE('',#2889,2.79999999999999);
#161=CIRCLE('',#2890,2.80000000000001);
#162=CIRCLE('',#2891,4.1);
#163=CIRCLE('',#2892,4.24999999999999);
#164=CIRCLE('',#2893,4.1);
#165=CIRCLE('',#2894,2.79999999999999);
#166=CIRCLE('',#2899,2.79999999999999);
#167=CIRCLE('',#2901,2.79999999999999);
#168=CIRCLE('',#2903,2.80000000000001);
#169=CIRCLE('',#2905,4.1);
#170=CIRCLE('',#2907,4.24999999999999);
#171=CIRCLE('',#2909,4.1);
#172=CIRCLE('',#2911,2.79999999999999);
#173=CIRCLE('',#2928,2.79999999999999);
#174=CIRCLE('',#2929,2.79999999999999);
#175=CIRCLE('',#2931,2.79999999999999);
#176=CIRCLE('',#2932,2.79999999999999);
#177=CIRCLE('',#2934,2.80000000000001);
#178=CIRCLE('',#2935,2.80000000000001);
#179=CIRCLE('',#2937,4.1);
#180=CIRCLE('',#2938,4.1);
#181=CIRCLE('',#2940,4.24999999999999);
#182=CIRCLE('',#2941,4.24999999999999);
#183=CIRCLE('',#2943,4.1);
#184=CIRCLE('',#2944,4.1);
#185=CIRCLE('',#2946,2.79999999999999);
#186=CIRCLE('',#2947,2.79999999999999);
#187=CIRCLE('',#2949,11.1);
#188=CIRCLE('',#2951,11.1);
#189=CIRCLE('',#2953,1.9);
#190=CIRCLE('',#2954,1.9);
#191=CIRCLE('',#2955,1.9);
#192=CIRCLE('',#2956,1.9);
#193=CIRCLE('',#2966,1.9);
#194=CIRCLE('',#2968,1.9);
#195=CIRCLE('',#2970,1.9);
#196=CIRCLE('',#2972,1.9);
#197=CIRCLE('',#2975,1.7);
#198=CIRCLE('',#2976,1.7);
#199=CIRCLE('',#2978,1.7);
#200=CIRCLE('',#2979,1.7);
#201=CIRCLE('',#2981,11.2);
#202=CIRCLE('',#2982,11.2);
#203=CIRCLE('',#2987,13.);
#204=CIRCLE('',#2988,13.);
#205=CIRCLE('',#2995,13.);
#206=CIRCLE('',#2996,13.);
#207=CIRCLE('',#3004,1.75000000000001);
#208=CIRCLE('',#3005,1.75000000000001);
#209=CIRCLE('',#3006,1.75000000000001);
#210=CIRCLE('',#3008,1.75000000000001);
#211=CIRCLE('',#3009,1.75000000000001);
#212=CIRCLE('',#3010,1.75000000000001);
#213=CIRCLE('',#3012,1.75000000000001);
#214=CIRCLE('',#3013,1.75000000000001);
#215=CIRCLE('',#3014,1.75000000000001);
#216=CIRCLE('',#3017,1.75000000000001);
#217=CIRCLE('',#3018,1.75000000000001);
#218=CIRCLE('',#3020,1.75000000000001);
#219=CIRCLE('',#3021,1.75000000000001);
#220=CIRCLE('',#3023,1.75000000000001);
#221=CIRCLE('',#3024,1.75000000000001);
#222=CIRCLE('',#3025,1.75000000000001);
#223=CIRCLE('',#3027,1.75000000000001);
#224=CIRCLE('',#3028,1.75000000000001);
#225=CIRCLE('',#3029,1.75000000000001);
#226=CIRCLE('',#3031,1.75000000000001);
#227=CIRCLE('',#3032,1.75000000000001);
#228=CIRCLE('',#3033,1.75000000000001);
#229=CIRCLE('',#3044,16.);
#230=CIRCLE('',#3045,8.2);
#231=CIRCLE('',#3046,1.85);
#232=CIRCLE('',#3047,1.85);
#233=CIRCLE('',#3048,1.85);
#234=CIRCLE('',#3049,1.85);
#235=CIRCLE('',#3052,8.2);
#236=CIRCLE('',#3054,1.85);
#237=CIRCLE('',#3056,1.85);
#238=CIRCLE('',#3058,1.85);
#239=CIRCLE('',#3060,1.85);
#240=CIRCLE('',#3063,16.);
#241=CIRCLE('',#3068,1.74999999999999);
#242=CIRCLE('',#3069,1.75000000000001);
#243=CIRCLE('',#3071,1.74999999999999);
#244=CIRCLE('',#3072,1.75000000000001);
#245=CIRCLE('',#3074,1.74999999999999);
#246=CIRCLE('',#3076,1.75000000000001);
#247=CIRCLE('',#3078,1.75000000000001);
#248=CIRCLE('',#3080,1.74999999999999);
#249=CIRCLE('',#3089,1.75000000000001);
#250=CIRCLE('',#3090,1.75000000000001);
#251=CIRCLE('',#3092,1.75000000000001);
#252=CIRCLE('',#3093,1.75000000000001);
#253=CIRCLE('',#3095,1.75000000000001);
#254=CIRCLE('',#3097,1.75000000000001);
#255=CIRCLE('',#3099,1.75000000000001);
#256=CIRCLE('',#3101,1.75000000000001);
#257=FACE_OUTER_BOUND('',#394,.T.);
#258=FACE_OUTER_BOUND('',#395,.T.);
#259=FACE_OUTER_BOUND('',#396,.T.);
#260=FACE_OUTER_BOUND('',#397,.T.);
#261=FACE_OUTER_BOUND('',#398,.T.);
#262=FACE_OUTER_BOUND('',#399,.T.);
#263=FACE_OUTER_BOUND('',#400,.T.);
#264=FACE_OUTER_BOUND('',#401,.T.);
#265=FACE_OUTER_BOUND('',#402,.T.);
#266=FACE_OUTER_BOUND('',#403,.T.);
#267=FACE_OUTER_BOUND('',#404,.T.);
#268=FACE_OUTER_BOUND('',#405,.T.);
#269=FACE_OUTER_BOUND('',#406,.T.);
#270=FACE_OUTER_BOUND('',#407,.T.);
#271=FACE_OUTER_BOUND('',#408,.T.);
#272=FACE_OUTER_BOUND('',#409,.T.);
#273=FACE_OUTER_BOUND('',#410,.T.);
#274=FACE_OUTER_BOUND('',#411,.T.);
#275=FACE_OUTER_BOUND('',#419,.T.);
#276=FACE_OUTER_BOUND('',#420,.T.);
#277=FACE_OUTER_BOUND('',#421,.T.);
#278=FACE_OUTER_BOUND('',#422,.T.);
#279=FACE_OUTER_BOUND('',#423,.T.);
#280=FACE_OUTER_BOUND('',#424,.T.);
#281=FACE_OUTER_BOUND('',#425,.T.);
#282=FACE_OUTER_BOUND('',#426,.T.);
#283=FACE_OUTER_BOUND('',#427,.T.);
#284=FACE_OUTER_BOUND('',#428,.T.);
#285=FACE_OUTER_BOUND('',#429,.T.);
#286=FACE_OUTER_BOUND('',#430,.T.);
#287=FACE_OUTER_BOUND('',#438,.T.);
#288=FACE_OUTER_BOUND('',#439,.T.);
#289=FACE_OUTER_BOUND('',#440,.T.);
#290=FACE_OUTER_BOUND('',#441,.T.);
#291=FACE_OUTER_BOUND('',#442,.T.);
#292=FACE_OUTER_BOUND('',#443,.T.);
#293=FACE_OUTER_BOUND('',#444,.T.);
#294=FACE_OUTER_BOUND('',#445,.T.);
#295=FACE_OUTER_BOUND('',#446,.T.);
#296=FACE_OUTER_BOUND('',#447,.T.);
#297=FACE_OUTER_BOUND('',#448,.T.);
#298=FACE_OUTER_BOUND('',#449,.T.);
#299=FACE_OUTER_BOUND('',#450,.T.);
#300=FACE_OUTER_BOUND('',#451,.T.);
#301=FACE_OUTER_BOUND('',#452,.T.);
#302=FACE_OUTER_BOUND('',#453,.T.);
#303=FACE_OUTER_BOUND('',#454,.T.);
#304=FACE_OUTER_BOUND('',#455,.T.);
#305=FACE_OUTER_BOUND('',#456,.T.);
#306=FACE_OUTER_BOUND('',#457,.T.);
#307=FACE_OUTER_BOUND('',#458,.T.);
#308=FACE_OUTER_BOUND('',#460,.T.);
#309=FACE_OUTER_BOUND('',#461,.T.);
#310=FACE_OUTER_BOUND('',#473,.T.);
#311=FACE_OUTER_BOUND('',#474,.T.);
#312=FACE_OUTER_BOUND('',#475,.T.);
#313=FACE_OUTER_BOUND('',#476,.T.);
#314=FACE_OUTER_BOUND('',#477,.T.);
#315=FACE_OUTER_BOUND('',#478,.T.);
#316=FACE_OUTER_BOUND('',#479,.T.);
#317=FACE_OUTER_BOUND('',#480,.T.);
#318=FACE_OUTER_BOUND('',#481,.T.);
#319=FACE_OUTER_BOUND('',#482,.T.);
#320=FACE_OUTER_BOUND('',#483,.T.);
#321=FACE_OUTER_BOUND('',#484,.T.);
#322=FACE_OUTER_BOUND('',#485,.T.);
#323=FACE_OUTER_BOUND('',#497,.T.);
#324=FACE_OUTER_BOUND('',#498,.T.);
#325=FACE_OUTER_BOUND('',#499,.T.);
#326=FACE_OUTER_BOUND('',#500,.T.);
#327=FACE_OUTER_BOUND('',#501,.T.);
#328=FACE_OUTER_BOUND('',#502,.T.);
#329=FACE_OUTER_BOUND('',#503,.T.);
#330=FACE_OUTER_BOUND('',#504,.T.);
#331=FACE_OUTER_BOUND('',#505,.T.);
#332=FACE_OUTER_BOUND('',#506,.T.);
#333=FACE_OUTER_BOUND('',#507,.T.);
#334=FACE_OUTER_BOUND('',#508,.T.);
#335=FACE_OUTER_BOUND('',#509,.T.);
#336=FACE_OUTER_BOUND('',#510,.T.);
#337=FACE_OUTER_BOUND('',#511,.T.);
#338=FACE_OUTER_BOUND('',#512,.T.);
#339=FACE_OUTER_BOUND('',#516,.T.);
#340=FACE_OUTER_BOUND('',#520,.T.);
#341=FACE_OUTER_BOUND('',#521,.T.);
#342=FACE_OUTER_BOUND('',#522,.T.);
#343=FACE_OUTER_BOUND('',#523,.T.);
#344=FACE_OUTER_BOUND('',#527,.T.);
#345=FACE_OUTER_BOUND('',#528,.T.);
#346=FACE_OUTER_BOUND('',#529,.T.);
#347=FACE_OUTER_BOUND('',#530,.T.);
#348=FACE_OUTER_BOUND('',#531,.T.);
#349=FACE_OUTER_BOUND('',#532,.T.);
#350=FACE_OUTER_BOUND('',#533,.T.);
#351=FACE_OUTER_BOUND('',#534,.T.);
#352=FACE_OUTER_BOUND('',#535,.T.);
#353=FACE_OUTER_BOUND('',#536,.T.);
#354=FACE_OUTER_BOUND('',#542,.T.);
#355=FACE_OUTER_BOUND('',#544,.T.);
#356=FACE_OUTER_BOUND('',#545,.T.);
#357=FACE_OUTER_BOUND('',#547,.T.);
#358=FACE_OUTER_BOUND('',#548,.T.);
#359=FACE_OUTER_BOUND('',#554,.T.);
#360=FACE_OUTER_BOUND('',#555,.T.);
#361=FACE_OUTER_BOUND('',#556,.T.);
#362=FACE_OUTER_BOUND('',#557,.T.);
#363=FACE_OUTER_BOUND('',#558,.T.);
#364=FACE_OUTER_BOUND('',#559,.T.);
#365=FACE_OUTER_BOUND('',#560,.T.);
#366=FACE_OUTER_BOUND('',#561,.T.);
#367=FACE_OUTER_BOUND('',#562,.T.);
#368=FACE_OUTER_BOUND('',#568,.T.);
#369=FACE_OUTER_BOUND('',#569,.T.);
#370=FACE_OUTER_BOUND('',#570,.T.);
#371=FACE_OUTER_BOUND('',#573,.T.);
#372=FACE_OUTER_BOUND('',#576,.T.);
#373=FACE_OUTER_BOUND('',#577,.T.);
#374=FACE_OUTER_BOUND('',#578,.T.);
#375=FACE_OUTER_BOUND('',#579,.T.);
#376=FACE_OUTER_BOUND('',#580,.T.);
#377=FACE_OUTER_BOUND('',#581,.T.);
#378=FACE_OUTER_BOUND('',#582,.T.);
#379=FACE_OUTER_BOUND('',#583,.T.);
#380=FACE_OUTER_BOUND('',#584,.T.);
#381=FACE_OUTER_BOUND('',#589,.T.);
#382=FACE_OUTER_BOUND('',#590,.T.);
#383=FACE_OUTER_BOUND('',#591,.T.);
#384=FACE_OUTER_BOUND('',#594,.T.);
#385=FACE_OUTER_BOUND('',#597,.T.);
#386=FACE_OUTER_BOUND('',#598,.T.);
#387=FACE_OUTER_BOUND('',#599,.T.);
#388=FACE_OUTER_BOUND('',#600,.T.);
#389=FACE_OUTER_BOUND('',#601,.T.);
#390=FACE_OUTER_BOUND('',#602,.T.);
#391=FACE_OUTER_BOUND('',#603,.T.);
#392=FACE_OUTER_BOUND('',#604,.T.);
#393=FACE_OUTER_BOUND('',#605,.T.);
#394=EDGE_LOOP('',(#1840,#1841,#1842,#1843));
#395=EDGE_LOOP('',(#1844,#1845,#1846,#1847));
#396=EDGE_LOOP('',(#1848,#1849,#1850,#1851));
#397=EDGE_LOOP('',(#1852,#1853,#1854,#1855));
#398=EDGE_LOOP('',(#1856,#1857,#1858,#1859));
#399=EDGE_LOOP('',(#1860,#1861,#1862,#1863,#1864,#1865,#1866,#1867,#1868,
#1869));
#400=EDGE_LOOP('',(#1870,#1871,#1872,#1873));
#401=EDGE_LOOP('',(#1874,#1875,#1876,#1877));
#402=EDGE_LOOP('',(#1878,#1879,#1880,#1881));
#403=EDGE_LOOP('',(#1882,#1883,#1884,#1885));
#404=EDGE_LOOP('',(#1886,#1887,#1888,#1889));
#405=EDGE_LOOP('',(#1890,#1891,#1892,#1893));
#406=EDGE_LOOP('',(#1894,#1895,#1896,#1897));
#407=EDGE_LOOP('',(#1898,#1899,#1900,#1901));
#408=EDGE_LOOP('',(#1902,#1903,#1904,#1905,#1906,#1907,#1908,#1909,#1910,
#1911));
#409=EDGE_LOOP('',(#1912,#1913,#1914,#1915));
#410=EDGE_LOOP('',(#1916,#1917,#1918,#1919));
#411=EDGE_LOOP('',(#1920,#1921,#1922,#1923,#1924,#1925,#1926,#1927,#1928,
#1929,#1930,#1931,#1932,#1933,#1934));
#412=EDGE_LOOP('',(#1935));
#413=EDGE_LOOP('',(#1936));
#414=EDGE_LOOP('',(#1937));
#415=EDGE_LOOP('',(#1938));
#416=EDGE_LOOP('',(#1939));
#417=EDGE_LOOP('',(#1940));
#418=EDGE_LOOP('',(#1941));
#419=EDGE_LOOP('',(#1942,#1943,#1944,#1945));
#420=EDGE_LOOP('',(#1946,#1947,#1948,#1949));
#421=EDGE_LOOP('',(#1950,#1951,#1952,#1953));
#422=EDGE_LOOP('',(#1954,#1955,#1956,#1957));
#423=EDGE_LOOP('',(#1958,#1959,#1960,#1961));
#424=EDGE_LOOP('',(#1962,#1963,#1964,#1965));
#425=EDGE_LOOP('',(#1966,#1967,#1968,#1969));
#426=EDGE_LOOP('',(#1970,#1971,#1972,#1973));
#427=EDGE_LOOP('',(#1974,#1975,#1976,#1977));
#428=EDGE_LOOP('',(#1978,#1979,#1980,#1981));
#429=EDGE_LOOP('',(#1982,#1983,#1984,#1985));
#430=EDGE_LOOP('',(#1986,#1987,#1988,#1989,#1990,#1991,#1992,#1993,#1994,
#1995,#1996,#1997,#1998,#1999,#2000));
#431=EDGE_LOOP('',(#2001));
#432=EDGE_LOOP('',(#2002));
#433=EDGE_LOOP('',(#2003));
#434=EDGE_LOOP('',(#2004));
#435=EDGE_LOOP('',(#2005));
#436=EDGE_LOOP('',(#2006));
#437=EDGE_LOOP('',(#2007));
#438=EDGE_LOOP('',(#2008,#2009,#2010,#2011));
#439=EDGE_LOOP('',(#2012,#2013,#2014,#2015));
#440=EDGE_LOOP('',(#2016,#2017,#2018,#2019));
#441=EDGE_LOOP('',(#2020,#2021,#2022,#2023));
#442=EDGE_LOOP('',(#2024,#2025,#2026,#2027));
#443=EDGE_LOOP('',(#2028,#2029,#2030,#2031));
#444=EDGE_LOOP('',(#2032,#2033,#2034,#2035));
#445=EDGE_LOOP('',(#2036,#2037,#2038,#2039));
#446=EDGE_LOOP('',(#2040,#2041,#2042,#2043,#2044,#2045,#2046,#2047,#2048,
#2049));
#447=EDGE_LOOP('',(#2050,#2051,#2052,#2053));
#448=EDGE_LOOP('',(#2054,#2055,#2056,#2057));
#449=EDGE_LOOP('',(#2058,#2059,#2060,#2061));
#450=EDGE_LOOP('',(#2062,#2063,#2064,#2065));
#451=EDGE_LOOP('',(#2066,#2067,#2068,#2069));
#452=EDGE_LOOP('',(#2070,#2071,#2072,#2073));
#453=EDGE_LOOP('',(#2074,#2075,#2076,#2077));
#454=EDGE_LOOP('',(#2078,#2079,#2080,#2081));
#455=EDGE_LOOP('',(#2082,#2083,#2084,#2085));
#456=EDGE_LOOP('',(#2086,#2087,#2088,#2089));
#457=EDGE_LOOP('',(#2090,#2091,#2092,#2093));
#458=EDGE_LOOP('',(#2094));
#459=EDGE_LOOP('',(#2095));
#460=EDGE_LOOP('',(#2096,#2097,#2098,#2099));
#461=EDGE_LOOP('',(#2100,#2101,#2102,#2103,#2104,#2105,#2106,#2107,#2108,
#2109,#2110,#2111,#2112,#2113,#2114));
#462=EDGE_LOOP('',(#2115));
#463=EDGE_LOOP('',(#2116));
#464=EDGE_LOOP('',(#2117));
#465=EDGE_LOOP('',(#2118));
#466=EDGE_LOOP('',(#2119));
#467=EDGE_LOOP('',(#2120));
#468=EDGE_LOOP('',(#2121));
#469=EDGE_LOOP('',(#2122));
#470=EDGE_LOOP('',(#2123));
#471=EDGE_LOOP('',(#2124));
#472=EDGE_LOOP('',(#2125));
#473=EDGE_LOOP('',(#2126,#2127,#2128,#2129));
#474=EDGE_LOOP('',(#2130,#2131,#2132,#2133,#2134,#2135,#2136,#2137,#2138,
#2139));
#475=EDGE_LOOP('',(#2140,#2141,#2142,#2143));
#476=EDGE_LOOP('',(#2144,#2145,#2146,#2147));
#477=EDGE_LOOP('',(#2148,#2149,#2150,#2151));
#478=EDGE_LOOP('',(#2152,#2153,#2154,#2155));
#479=EDGE_LOOP('',(#2156,#2157,#2158,#2159));
#480=EDGE_LOOP('',(#2160,#2161,#2162,#2163));
#481=EDGE_LOOP('',(#2164,#2165,#2166,#2167));
#482=EDGE_LOOP('',(#2168,#2169,#2170,#2171));
#483=EDGE_LOOP('',(#2172,#2173,#2174,#2175));
#484=EDGE_LOOP('',(#2176,#2177,#2178,#2179));
#485=EDGE_LOOP('',(#2180,#2181,#2182,#2183,#2184,#2185,#2186,#2187,#2188,
#2189,#2190,#2191,#2192,#2193,#2194));
#486=EDGE_LOOP('',(#2195));
#487=EDGE_LOOP('',(#2196));
#488=EDGE_LOOP('',(#2197));
#489=EDGE_LOOP('',(#2198));
#490=EDGE_LOOP('',(#2199));
#491=EDGE_LOOP('',(#2200));
#492=EDGE_LOOP('',(#2201));
#493=EDGE_LOOP('',(#2202));
#494=EDGE_LOOP('',(#2203));
#495=EDGE_LOOP('',(#2204));
#496=EDGE_LOOP('',(#2205));
#497=EDGE_LOOP('',(#2206,#2207,#2208,#2209));
#498=EDGE_LOOP('',(#2210,#2211,#2212,#2213));
#499=EDGE_LOOP('',(#2214,#2215,#2216,#2217));
#500=EDGE_LOOP('',(#2218,#2219,#2220,#2221));
#501=EDGE_LOOP('',(#2222,#2223,#2224,#2225));
#502=EDGE_LOOP('',(#2226,#2227,#2228,#2229));
#503=EDGE_LOOP('',(#2230,#2231,#2232,#2233));
#504=EDGE_LOOP('',(#2234,#2235,#2236,#2237));
#505=EDGE_LOOP('',(#2238,#2239,#2240,#2241));
#506=EDGE_LOOP('',(#2242,#2243,#2244,#2245));
#507=EDGE_LOOP('',(#2246,#2247,#2248,#2249));
#508=EDGE_LOOP('',(#2250,#2251,#2252,#2253));
#509=EDGE_LOOP('',(#2254,#2255,#2256,#2257));
#510=EDGE_LOOP('',(#2258,#2259,#2260,#2261));
#511=EDGE_LOOP('',(#2262,#2263,#2264,#2265));
#512=EDGE_LOOP('',(#2266,#2267,#2268,#2269,#2270,#2271,#2272,#2273,#2274,
#2275,#2276,#2277));
#513=EDGE_LOOP('',(#2278));
#514=EDGE_LOOP('',(#2279));
#515=EDGE_LOOP('',(#2280));
#516=EDGE_LOOP('',(#2281,#2282,#2283,#2284,#2285,#2286,#2287,#2288,#2289,
#2290,#2291,#2292));
#517=EDGE_LOOP('',(#2293));
#518=EDGE_LOOP('',(#2294));
#519=EDGE_LOOP('',(#2295));
#520=EDGE_LOOP('',(#2296,#2297,#2298,#2299,#2300));
#521=EDGE_LOOP('',(#2301,#2302,#2303,#2304,#2305));
#522=EDGE_LOOP('',(#2306,#2307,#2308,#2309,#2310));
#523=EDGE_LOOP('',(#2311,#2312,#2313,#2314));
#524=EDGE_LOOP('',(#2315,#2316,#2317,#2318));
#525=EDGE_LOOP('',(#2319,#2320,#2321,#2322));
#526=EDGE_LOOP('',(#2323,#2324,#2325,#2326));
#527=EDGE_LOOP('',(#2327,#2328,#2329,#2330));
#528=EDGE_LOOP('',(#2331,#2332,#2333,#2334));
#529=EDGE_LOOP('',(#2335,#2336,#2337,#2338,#2339,#2340,#2341,#2342));
#530=EDGE_LOOP('',(#2343,#2344,#2345,#2346,#2347,#2348,#2349,#2350));
#531=EDGE_LOOP('',(#2351,#2352,#2353,#2354,#2355,#2356,#2357,#2358));
#532=EDGE_LOOP('',(#2359,#2360,#2361,#2362));
#533=EDGE_LOOP('',(#2363,#2364,#2365,#2366));
#534=EDGE_LOOP('',(#2367,#2368,#2369,#2370));
#535=EDGE_LOOP('',(#2371,#2372,#2373,#2374));
#536=EDGE_LOOP('',(#2375,#2376,#2377,#2378));
#537=EDGE_LOOP('',(#2379));
#538=EDGE_LOOP('',(#2380));
#539=EDGE_LOOP('',(#2381));
#540=EDGE_LOOP('',(#2382));
#541=EDGE_LOOP('',(#2383));
#542=EDGE_LOOP('',(#2384,#2385,#2386,#2387,#2388,#2389,#2390,#2391,#2392,
#2393));
#543=EDGE_LOOP('',(#2394));
#544=EDGE_LOOP('',(#2395,#2396,#2397,#2398));
#545=EDGE_LOOP('',(#2399,#2400,#2401,#2402,#2403,#2404,#2405,#2406,#2407,
#2408));
#546=EDGE_LOOP('',(#2409));
#547=EDGE_LOOP('',(#2410,#2411,#2412,#2413));
#548=EDGE_LOOP('',(#2414,#2415,#2416,#2417,#2418,#2419,#2420,#2421,#2422,
#2423));
#549=EDGE_LOOP('',(#2424));
#550=EDGE_LOOP('',(#2425));
#551=EDGE_LOOP('',(#2426));
#552=EDGE_LOOP('',(#2427));
#553=EDGE_LOOP('',(#2428));
#554=EDGE_LOOP('',(#2429,#2430,#2431,#2432,#2433,#2434,#2435,#2436));
#555=EDGE_LOOP('',(#2437,#2438,#2439,#2440));
#556=EDGE_LOOP('',(#2441,#2442,#2443,#2444));
#557=EDGE_LOOP('',(#2445,#2446,#2447,#2448));
#558=EDGE_LOOP('',(#2449,#2450,#2451,#2452));
#559=EDGE_LOOP('',(#2453,#2454,#2455,#2456));
#560=EDGE_LOOP('',(#2457,#2458,#2459,#2460,#2461,#2462,#2463,#2464));
#561=EDGE_LOOP('',(#2465,#2466,#2467,#2468));
#562=EDGE_LOOP('',(#2469,#2470,#2471,#2472,#2473,#2474,#2475,#2476,#2477,
#2478));
#563=EDGE_LOOP('',(#2479));
#564=EDGE_LOOP('',(#2480));
#565=EDGE_LOOP('',(#2481));
#566=EDGE_LOOP('',(#2482));
#567=EDGE_LOOP('',(#2483));
#568=EDGE_LOOP('',(#2484,#2485,#2486,#2487));
#569=EDGE_LOOP('',(#2488,#2489,#2490,#2491));
#570=EDGE_LOOP('',(#2492,#2493,#2494,#2495));
#571=EDGE_LOOP('',(#2496));
#572=EDGE_LOOP('',(#2497));
#573=EDGE_LOOP('',(#2498,#2499,#2500,#2501));
#574=EDGE_LOOP('',(#2502));
#575=EDGE_LOOP('',(#2503));
#576=EDGE_LOOP('',(#2504,#2505,#2506,#2507));
#577=EDGE_LOOP('',(#2508,#2509,#2510,#2511));
#578=EDGE_LOOP('',(#2512,#2513,#2514,#2515));
#579=EDGE_LOOP('',(#2516,#2517,#2518,#2519));
#580=EDGE_LOOP('',(#2520,#2521,#2522,#2523,#2524,#2525,#2526,#2527));
#581=EDGE_LOOP('',(#2528,#2529,#2530,#2531));
#582=EDGE_LOOP('',(#2532,#2533,#2534,#2535,#2536,#2537,#2538,#2539));
#583=EDGE_LOOP('',(#2540,#2541,#2542,#2543));
#584=EDGE_LOOP('',(#2544,#2545,#2546,#2547));
#585=EDGE_LOOP('',(#2548));
#586=EDGE_LOOP('',(#2549));
#587=EDGE_LOOP('',(#2550));
#588=EDGE_LOOP('',(#2551));
#589=EDGE_LOOP('',(#2552,#2553,#2554,#2555));
#590=EDGE_LOOP('',(#2556,#2557,#2558,#2559));
#591=EDGE_LOOP('',(#2560,#2561,#2562,#2563));
#592=EDGE_LOOP('',(#2564));
#593=EDGE_LOOP('',(#2565));
#594=EDGE_LOOP('',(#2566,#2567,#2568,#2569));
#595=EDGE_LOOP('',(#2570));
#596=EDGE_LOOP('',(#2571));
#597=EDGE_LOOP('',(#2572,#2573,#2574,#2575));
#598=EDGE_LOOP('',(#2576,#2577,#2578,#2579));
#599=EDGE_LOOP('',(#2580,#2581,#2582,#2583));
#600=EDGE_LOOP('',(#2584,#2585,#2586,#2587));
#601=EDGE_LOOP('',(#2588,#2589,#2590,#2591,#2592,#2593,#2594,#2595));
#602=EDGE_LOOP('',(#2596,#2597,#2598,#2599));
#603=EDGE_LOOP('',(#2600,#2601,#2602,#2603,#2604,#2605,#2606,#2607));
#604=EDGE_LOOP('',(#2608,#2609,#2610,#2611));
#605=EDGE_LOOP('',(#2612,#2613,#2614,#2615));
#606=EDGE_LOOP('',(#2616));
#607=EDGE_LOOP('',(#2617));
#608=EDGE_LOOP('',(#2618));
#609=EDGE_LOOP('',(#2619));
#610=LINE('',#3891,#902);
#611=LINE('',#3893,#903);
#612=LINE('',#3895,#904);
#613=LINE('',#3896,#905);
#614=LINE('',#3900,#906);
#615=LINE('',#3902,#907);
#616=LINE('',#3904,#908);
#617=LINE('',#3905,#909);
#618=LINE('',#3907,#910);
#619=LINE('',#3908,#911);
#620=LINE('',#3912,#912);
#621=LINE('',#3914,#913);
#622=LINE('',#3916,#914);
#623=LINE('',#3917,#915);
#624=LINE('',#3920,#916);
#625=LINE('',#3922,#917);
#626=LINE('',#3923,#918);
#627=LINE('',#3926,#919);
#628=LINE('',#3928,#920);
#629=LINE('',#3930,#921);
#630=LINE('',#3932,#922);
#631=LINE('',#3934,#923);
#632=LINE('',#3936,#924);
#633=LINE('',#3938,#925);
#634=LINE('',#3940,#926);
#635=LINE('',#3941,#927);
#636=LINE('',#3945,#928);
#637=LINE('',#3947,#929);
#638=LINE('',#3949,#930);
#639=LINE('',#3950,#931);
#640=LINE('',#3953,#932);
#641=LINE('',#3955,#933);
#642=LINE('',#3956,#934);
#643=LINE('',#3959,#935);
#644=LINE('',#3960,#936);
#645=LINE('',#3963,#937);
#646=LINE('',#3964,#938);
#647=LINE('',#3967,#939);
#648=LINE('',#3968,#940);
#649=LINE('',#3971,#941);
#650=LINE('',#3972,#942);
#651=LINE('',#3975,#943);
#652=LINE('',#3976,#944);
#653=LINE('',#3979,#945);
#654=LINE('',#3980,#946);
#655=LINE('',#3982,#947);
#656=LINE('',#3983,#948);
#657=LINE('',#3985,#949);
#658=LINE('',#3986,#950);
#659=LINE('',#3989,#951);
#660=LINE('',#3991,#952);
#661=LINE('',#3992,#953);
#662=LINE('',#3995,#954);
#663=LINE('',#3997,#955);
#664=LINE('',#3999,#956);
#665=LINE('',#4000,#957);
#666=LINE('',#4017,#958);
#667=LINE('',#4019,#959);
#668=LINE('',#4020,#960);
#669=LINE('',#4023,#961);
#670=LINE('',#4024,#962);
#671=LINE('',#4026,#963);
#672=LINE('',#4030,#964);
#673=LINE('',#4034,#965);
#674=LINE('',#4038,#966);
#675=LINE('',#4042,#967);
#676=LINE('',#4046,#968);
#677=LINE('',#4050,#969);
#678=LINE('',#4054,#970);
#679=LINE('',#4056,#971);
#680=LINE('',#4061,#972);
#681=LINE('',#4063,#973);
#682=LINE('',#4065,#974);
#683=LINE('',#4066,#975);
#684=LINE('',#4070,#976);
#685=LINE('',#4072,#977);
#686=LINE('',#4074,#978);
#687=LINE('',#4075,#979);
#688=LINE('',#4078,#980);
#689=LINE('',#4080,#981);
#690=LINE('',#4081,#982);
#691=LINE('',#4084,#983);
#692=LINE('',#4086,#984);
#693=LINE('',#4087,#985);
#694=LINE('',#4090,#986);
#695=LINE('',#4092,#987);
#696=LINE('',#4093,#988);
#697=LINE('',#4096,#989);
#698=LINE('',#4098,#990);
#699=LINE('',#4099,#991);
#700=LINE('',#4102,#992);
#701=LINE('',#4104,#993);
#702=LINE('',#4105,#994);
#703=LINE('',#4108,#995);
#704=LINE('',#4110,#996);
#705=LINE('',#4111,#997);
#706=LINE('',#4113,#998);
#707=LINE('',#4114,#999);
#708=LINE('',#4117,#1000);
#709=LINE('',#4119,#1001);
#710=LINE('',#4120,#1002);
#711=LINE('',#4124,#1003);
#712=LINE('',#4126,#1004);
#713=LINE('',#4128,#1005);
#714=LINE('',#4129,#1006);
#715=LINE('',#4132,#1007);
#716=LINE('',#4134,#1008);
#717=LINE('',#4135,#1009);
#718=LINE('',#4139,#1010);
#719=LINE('',#4140,#1011);
#720=LINE('',#4141,#1012);
#721=LINE('',#4146,#1013);
#722=LINE('',#4152,#1014);
#723=LINE('',#4158,#1015);
#724=LINE('',#4164,#1016);
#725=LINE('',#4170,#1017);
#726=LINE('',#4176,#1018);
#727=LINE('',#4182,#1019);
#728=LINE('',#4190,#1020);
#729=LINE('',#4193,#1021);
#730=LINE('',#4195,#1022);
#731=LINE('',#4197,#1023);
#732=LINE('',#4198,#1024);
#733=LINE('',#4200,#1025);
#734=LINE('',#4202,#1026);
#735=LINE('',#4204,#1027);
#736=LINE('',#4205,#1028);
#737=LINE('',#4216,#1029);
#738=LINE('',#4217,#1030);
#739=LINE('',#4220,#1031);
#740=LINE('',#4221,#1032);
#741=LINE('',#4224,#1033);
#742=LINE('',#4226,#1034);
#743=LINE('',#4227,#1035);
#744=LINE('',#4229,#1036);
#745=LINE('',#4232,#1037);
#746=LINE('',#4234,#1038);
#747=LINE('',#4235,#1039);
#748=LINE('',#4237,#1040);
#749=LINE('',#4239,#1041);
#750=LINE('',#4241,#1042);
#751=LINE('',#4244,#1043);
#752=LINE('',#4248,#1044);
#753=LINE('',#4252,#1045);
#754=LINE('',#4256,#1046);
#755=LINE('',#4263,#1047);
#756=LINE('',#4269,#1048);
#757=LINE('',#4275,#1049);
#758=LINE('',#4280,#1050);
#759=LINE('',#4282,#1051);
#760=LINE('',#4284,#1052);
#761=LINE('',#4285,#1053);
#762=LINE('',#4288,#1054);
#763=LINE('',#4290,#1055);
#764=LINE('',#4291,#1056);
#765=LINE('',#4294,#1057);
#766=LINE('',#4296,#1058);
#767=LINE('',#4297,#1059);
#768=LINE('',#4303,#1060);
#769=LINE('',#4306,#1061);
#770=LINE('',#4308,#1062);
#771=LINE('',#4309,#1063);
#772=LINE('',#4312,#1064);
#773=LINE('',#4314,#1065);
#774=LINE('',#4315,#1066);
#775=LINE('',#4318,#1067);
#776=LINE('',#4320,#1068);
#777=LINE('',#4321,#1069);
#778=LINE('',#4324,#1070);
#779=LINE('',#4326,#1071);
#780=LINE('',#4327,#1072);
#781=LINE('',#4330,#1073);
#782=LINE('',#4332,#1074);
#783=LINE('',#4333,#1075);
#784=LINE('',#4339,#1076);
#785=LINE('',#4342,#1077);
#786=LINE('',#4344,#1078);
#787=LINE('',#4345,#1079);
#788=LINE('',#4347,#1080);
#789=LINE('',#4348,#1081);
#790=LINE('',#4356,#1082);
#791=LINE('',#4360,#1083);
#792=LINE('',#4367,#1084);
#793=LINE('',#4371,#1085);
#794=LINE('',#4378,#1086);
#795=LINE('',#4382,#1087);
#796=LINE('',#4389,#1088);
#797=LINE('',#4391,#1089);
#798=LINE('',#4393,#1090);
#799=LINE('',#4394,#1091);
#800=LINE('',#4397,#1092);
#801=LINE('',#4399,#1093);
#802=LINE('',#4401,#1094);
#803=LINE('',#4402,#1095);
#804=LINE('',#4405,#1096);
#805=LINE('',#4407,#1097);
#806=LINE('',#4409,#1098);
#807=LINE('',#4410,#1099);
#808=LINE('',#4413,#1100);
#809=LINE('',#4415,#1101);
#810=LINE('',#4417,#1102);
#811=LINE('',#4418,#1103);
#812=LINE('',#4423,#1104);
#813=LINE('',#4429,#1105);
#814=LINE('',#4434,#1106);
#815=LINE('',#4440,#1107);
#816=LINE('',#4446,#1108);
#817=LINE('',#4451,#1109);
#818=LINE('',#4453,#1110);
#819=LINE('',#4454,#1111);
#820=LINE('',#4457,#1112);
#821=LINE('',#4458,#1113);
#822=LINE('',#4461,#1114);
#823=LINE('',#4462,#1115);
#824=LINE('',#4464,#1116);
#825=LINE('',#4467,#1117);
#826=LINE('',#4468,#1118);
#827=LINE('',#4470,#1119);
#828=LINE('',#4472,#1120);
#829=LINE('',#4474,#1121);
#830=LINE('',#4476,#1122);
#831=LINE('',#4477,#1123);
#832=LINE('',#4479,#1124);
#833=LINE('',#4480,#1125);
#834=LINE('',#4483,#1126);
#835=LINE('',#4485,#1127);
#836=LINE('',#4487,#1128);
#837=LINE('',#4489,#1129);
#838=LINE('',#4490,#1130);
#839=LINE('',#4491,#1131);
#840=LINE('',#4492,#1132);
#841=LINE('',#4494,#1133);
#842=LINE('',#4495,#1134);
#843=LINE('',#4498,#1135);
#844=LINE('',#4501,#1136);
#845=LINE('',#4514,#1137);
#846=LINE('',#4515,#1138);
#847=LINE('',#4518,#1139);
#848=LINE('',#4522,#1140);
#849=LINE('',#4526,#1141);
#850=LINE('',#4530,#1142);
#851=LINE('',#4534,#1143);
#852=LINE('',#4538,#1144);
#853=LINE('',#4539,#1145);
#854=LINE('',#4545,#1146);
#855=LINE('',#4547,#1147);
#856=LINE('',#4548,#1148);
#857=LINE('',#4551,#1149);
#858=LINE('',#4553,#1150);
#859=LINE('',#4554,#1151);
#860=LINE('',#4557,#1152);
#861=LINE('',#4559,#1153);
#862=LINE('',#4560,#1154);
#863=LINE('',#4567,#1155);
#864=LINE('',#4569,#1156);
#865=LINE('',#4570,#1157);
#866=LINE('',#4577,#1158);
#867=LINE('',#4581,#1159);
#868=LINE('',#4585,#1160);
#869=LINE('',#4589,#1161);
#870=LINE('',#4594,#1162);
#871=LINE('',#4595,#1163);
#872=LINE('',#4596,#1164);
#873=LINE('',#4599,#1165);
#874=LINE('',#4600,#1166);
#875=LINE('',#4603,#1167);
#876=LINE('',#4604,#1168);
#877=LINE('',#4606,#1169);
#878=LINE('',#4610,#1170);
#879=LINE('',#4612,#1171);
#880=LINE('',#4613,#1172);
#881=LINE('',#4616,#1173);
#882=LINE('',#4618,#1174);
#883=LINE('',#4619,#1175);
#884=LINE('',#4622,#1176);
#885=LINE('',#4624,#1177);
#886=LINE('',#4625,#1178);
#887=LINE('',#4632,#1179);
#888=LINE('',#4634,#1180);
#889=LINE('',#4635,#1181);
#890=LINE('',#4642,#1182);
#891=LINE('',#4646,#1183);
#892=LINE('',#4650,#1184);
#893=LINE('',#4654,#1185);
#894=LINE('',#4659,#1186);
#895=LINE('',#4660,#1187);
#896=LINE('',#4661,#1188);
#897=LINE('',#4664,#1189);
#898=LINE('',#4665,#1190);
#899=LINE('',#4668,#1191);
#900=LINE('',#4669,#1192);
#901=LINE('',#4671,#1193);
#902=VECTOR('',#3117,10.);
#903=VECTOR('',#3118,10.);
#904=VECTOR('',#3119,10.);
#905=VECTOR('',#3120,10.);
#906=VECTOR('',#3123,10.);
#907=VECTOR('',#3124,10.);
#908=VECTOR('',#3125,10.);
#909=VECTOR('',#3126,10.);
#910=VECTOR('',#3129,10.);
#911=VECTOR('',#3130,10.);
#912=VECTOR('',#3133,10.);
#913=VECTOR('',#3134,10.);
#914=VECTOR('',#3135,10.);
#915=VECTOR('',#3136,10.);
#916=VECTOR('',#3139,10.);
#917=VECTOR('',#3140,10.);
#918=VECTOR('',#3141,10.);
#919=VECTOR('',#3144,10.);
#920=VECTOR('',#3145,10.);
#921=VECTOR('',#3146,10.);
#922=VECTOR('',#3147,10.);
#923=VECTOR('',#3148,10.);
#924=VECTOR('',#3149,10.);
#925=VECTOR('',#3150,10.);
#926=VECTOR('',#3151,10.);
#927=VECTOR('',#3152,10.);
#928=VECTOR('',#3155,10.);
#929=VECTOR('',#3156,10.);
#930=VECTOR('',#3157,10.);
#931=VECTOR('',#3158,10.);
#932=VECTOR('',#3161,10.);
#933=VECTOR('',#3162,10.);
#934=VECTOR('',#3163,10.);
#935=VECTOR('',#3166,10.);
#936=VECTOR('',#3167,10.);
#937=VECTOR('',#3170,10.);
#938=VECTOR('',#3171,10.);
#939=VECTOR('',#3174,10.);
#940=VECTOR('',#3175,10.);
#941=VECTOR('',#3178,10.);
#942=VECTOR('',#3179,10.);
#943=VECTOR('',#3182,10.);
#944=VECTOR('',#3183,10.);
#945=VECTOR('',#3186,10.);
#946=VECTOR('',#3187,10.);
#947=VECTOR('',#3190,10.);
#948=VECTOR('',#3191,10.);
#949=VECTOR('',#3194,10.);
#950=VECTOR('',#3195,10.);
#951=VECTOR('',#3198,10.);
#952=VECTOR('',#3199,10.);
#953=VECTOR('',#3200,10.);
#954=VECTOR('',#3203,10.);
#955=VECTOR('',#3204,10.);
#956=VECTOR('',#3205,10.);
#957=VECTOR('',#3206,10.);
#958=VECTOR('',#3223,10.);
#959=VECTOR('',#3224,10.);
#960=VECTOR('',#3225,10.);
#961=VECTOR('',#3228,10.);
#962=VECTOR('',#3229,10.);
#963=VECTOR('',#3232,10.);
#964=VECTOR('',#3237,2.79999999999999);
#965=VECTOR('',#3242,2.79999999999999);
#966=VECTOR('',#3247,2.80000000000001);
#967=VECTOR('',#3252,4.1);
#968=VECTOR('',#3257,4.24999999999999);
#969=VECTOR('',#3262,4.1);
#970=VECTOR('',#3267,2.79999999999999);
#971=VECTOR('',#3270,10.);
#972=VECTOR('',#3275,10.);
#973=VECTOR('',#3276,10.);
#974=VECTOR('',#3277,10.);
#975=VECTOR('',#3278,10.);
#976=VECTOR('',#3281,10.);
#977=VECTOR('',#3282,10.);
#978=VECTOR('',#3283,10.);
#979=VECTOR('',#3284,10.);
#980=VECTOR('',#3287,10.);
#981=VECTOR('',#3288,10.);
#982=VECTOR('',#3289,10.);
#983=VECTOR('',#3292,10.);
#984=VECTOR('',#3293,10.);
#985=VECTOR('',#3294,10.);
#986=VECTOR('',#3297,10.);
#987=VECTOR('',#3298,10.);
#988=VECTOR('',#3299,10.);
#989=VECTOR('',#3302,10.);
#990=VECTOR('',#3303,10.);
#991=VECTOR('',#3304,10.);
#992=VECTOR('',#3307,10.);
#993=VECTOR('',#3308,10.);
#994=VECTOR('',#3309,10.);
#995=VECTOR('',#3312,10.);
#996=VECTOR('',#3313,10.);
#997=VECTOR('',#3314,10.);
#998=VECTOR('',#3317,10.);
#999=VECTOR('',#3318,10.);
#1000=VECTOR('',#3321,10.);
#1001=VECTOR('',#3322,10.);
#1002=VECTOR('',#3323,10.);
#1003=VECTOR('',#3326,10.);
#1004=VECTOR('',#3327,10.);
#1005=VECTOR('',#3328,10.);
#1006=VECTOR('',#3329,10.);
#1007=VECTOR('',#3332,10.);
#1008=VECTOR('',#3333,10.);
#1009=VECTOR('',#3334,10.);
#1010=VECTOR('',#3337,10.);
#1011=VECTOR('',#3338,10.);
#1012=VECTOR('',#3339,10.);
#1013=VECTOR('',#3344,2.79999999999999);
#1014=VECTOR('',#3351,2.79999999999999);
#1015=VECTOR('',#3358,2.80000000000001);
#1016=VECTOR('',#3365,4.1);
#1017=VECTOR('',#3372,4.24999999999999);
#1018=VECTOR('',#3379,4.1);
#1019=VECTOR('',#3386,2.79999999999999);
#1020=VECTOR('',#3397,11.1);
#1021=VECTOR('',#3400,10.);
#1022=VECTOR('',#3401,10.);
#1023=VECTOR('',#3402,10.);
#1024=VECTOR('',#3403,10.);
#1025=VECTOR('',#3404,10.);
#1026=VECTOR('',#3405,10.);
#1027=VECTOR('',#3406,10.);
#1028=VECTOR('',#3407,10.);
#1029=VECTOR('',#3418,10.);
#1030=VECTOR('',#3419,10.);
#1031=VECTOR('',#3422,10.);
#1032=VECTOR('',#3423,10.);
#1033=VECTOR('',#3426,10.);
#1034=VECTOR('',#3427,10.);
#1035=VECTOR('',#3428,10.);
#1036=VECTOR('',#3431,10.);
#1037=VECTOR('',#3434,10.);
#1038=VECTOR('',#3435,10.);
#1039=VECTOR('',#3436,10.);
#1040=VECTOR('',#3439,10.);
#1041=VECTOR('',#3442,10.);
#1042=VECTOR('',#3445,10.);
#1043=VECTOR('',#3448,1.7);
#1044=VECTOR('',#3453,1.7);
#1045=VECTOR('',#3458,1.7);
#1046=VECTOR('',#3463,1.7);
#1047=VECTOR('',#3472,1.7);
#1048=VECTOR('',#3479,1.7);
#1049=VECTOR('',#3486,11.2);
#1050=VECTOR('',#3491,10.);
#1051=VECTOR('',#3492,10.);
#1052=VECTOR('',#3493,10.);
#1053=VECTOR('',#3494,10.);
#1054=VECTOR('',#3497,10.);
#1055=VECTOR('',#3498,10.);
#1056=VECTOR('',#3499,10.);
#1057=VECTOR('',#3502,10.);
#1058=VECTOR('',#3503,10.);
#1059=VECTOR('',#3504,10.);
#1060=VECTOR('',#3511,10.);
#1061=VECTOR('',#3514,10.);
#1062=VECTOR('',#3515,10.);
#1063=VECTOR('',#3516,10.);
#1064=VECTOR('',#3519,10.);
#1065=VECTOR('',#3520,10.);
#1066=VECTOR('',#3521,10.);
#1067=VECTOR('',#3524,10.);
#1068=VECTOR('',#3525,10.);
#1069=VECTOR('',#3526,10.);
#1070=VECTOR('',#3529,10.);
#1071=VECTOR('',#3530,10.);
#1072=VECTOR('',#3531,10.);
#1073=VECTOR('',#3534,10.);
#1074=VECTOR('',#3535,10.);
#1075=VECTOR('',#3536,10.);
#1076=VECTOR('',#3543,10.);
#1077=VECTOR('',#3546,10.);
#1078=VECTOR('',#3547,10.);
#1079=VECTOR('',#3548,10.);
#1080=VECTOR('',#3551,10.);
#1081=VECTOR('',#3552,10.);
#1082=VECTOR('',#3563,10.);
#1083=VECTOR('',#3566,10.);
#1084=VECTOR('',#3573,10.);
#1085=VECTOR('',#3576,10.);
#1086=VECTOR('',#3583,10.);
#1087=VECTOR('',#3586,10.);
#1088=VECTOR('',#3593,10.);
#1089=VECTOR('',#3594,10.);
#1090=VECTOR('',#3595,10.);
#1091=VECTOR('',#3596,10.);
#1092=VECTOR('',#3597,10.);
#1093=VECTOR('',#3598,10.);
#1094=VECTOR('',#3599,10.);
#1095=VECTOR('',#3600,10.);
#1096=VECTOR('',#3601,10.);
#1097=VECTOR('',#3602,10.);
#1098=VECTOR('',#3603,10.);
#1099=VECTOR('',#3604,10.);
#1100=VECTOR('',#3605,10.);
#1101=VECTOR('',#3606,10.);
#1102=VECTOR('',#3607,10.);
#1103=VECTOR('',#3608,10.);
#1104=VECTOR('',#3613,1.75000000000001);
#1105=VECTOR('',#3620,1.75000000000001);
#1106=VECTOR('',#3627,1.75000000000001);
#1107=VECTOR('',#3636,1.75000000000001);
#1108=VECTOR('',#3645,1.75000000000001);
#1109=VECTOR('',#3652,10.);
#1110=VECTOR('',#3653,10.);
#1111=VECTOR('',#3654,10.);
#1112=VECTOR('',#3657,10.);
#1113=VECTOR('',#3658,10.);
#1114=VECTOR('',#3661,10.);
#1115=VECTOR('',#3662,10.);
#1116=VECTOR('',#3665,10.);
#1117=VECTOR('',#3670,10.);
#1118=VECTOR('',#3671,10.);
#1119=VECTOR('',#3672,10.);
#1120=VECTOR('',#3673,10.);
#1121=VECTOR('',#3674,10.);
#1122=VECTOR('',#3675,10.);
#1123=VECTOR('',#3676,10.);
#1124=VECTOR('',#3679,10.);
#1125=VECTOR('',#3680,10.);
#1126=VECTOR('',#3683,10.);
#1127=VECTOR('',#3684,10.);
#1128=VECTOR('',#3685,10.);
#1129=VECTOR('',#3686,10.);
#1130=VECTOR('',#3687,10.);
#1131=VECTOR('',#3688,10.);
#1132=VECTOR('',#3689,10.);
#1133=VECTOR('',#3692,10.);
#1134=VECTOR('',#3693,10.);
#1135=VECTOR('',#3696,10.);
#1136=VECTOR('',#3699,10.);
#1137=VECTOR('',#3712,10.);
#1138=VECTOR('',#3713,10.);
#1139=VECTOR('',#3716,8.2);
#1140=VECTOR('',#3721,1.85);
#1141=VECTOR('',#3726,1.85);
#1142=VECTOR('',#3731,1.85);
#1143=VECTOR('',#3736,1.85);
#1144=VECTOR('',#3741,10.);
#1145=VECTOR('',#3742,10.);
#1146=VECTOR('',#3751,10.);
#1147=VECTOR('',#3752,10.);
#1148=VECTOR('',#3753,10.);
#1149=VECTOR('',#3756,10.);
#1150=VECTOR('',#3757,10.);
#1151=VECTOR('',#3758,10.);
#1152=VECTOR('',#3761,10.);
#1153=VECTOR('',#3762,10.);
#1154=VECTOR('',#3763,10.);
#1155=VECTOR('',#3770,10.);
#1156=VECTOR('',#3771,10.);
#1157=VECTOR('',#3772,10.);
#1158=VECTOR('',#3779,1.74999999999999);
#1159=VECTOR('',#3784,1.75000000000001);
#1160=VECTOR('',#3789,1.75000000000001);
#1161=VECTOR('',#3794,1.74999999999999);
#1162=VECTOR('',#3799,10.);
#1163=VECTOR('',#3800,10.);
#1164=VECTOR('',#3801,10.);
#1165=VECTOR('',#3804,10.);
#1166=VECTOR('',#3805,10.);
#1167=VECTOR('',#3808,10.);
#1168=VECTOR('',#3809,10.);
#1169=VECTOR('',#3812,10.);
#1170=VECTOR('',#3817,10.);
#1171=VECTOR('',#3818,10.);
#1172=VECTOR('',#3819,10.);
#1173=VECTOR('',#3822,10.);
#1174=VECTOR('',#3823,10.);
#1175=VECTOR('',#3824,10.);
#1176=VECTOR('',#3827,10.);
#1177=VECTOR('',#3828,10.);
#1178=VECTOR('',#3829,10.);
#1179=VECTOR('',#3836,10.);
#1180=VECTOR('',#3837,10.);
#1181=VECTOR('',#3838,10.);
#1182=VECTOR('',#3845,1.75000000000001);
#1183=VECTOR('',#3850,1.75000000000001);
#1184=VECTOR('',#3855,1.75000000000001);
#1185=VECTOR('',#3860,1.75000000000001);
#1186=VECTOR('',#3865,10.);
#1187=VECTOR('',#3866,10.);
#1188=VECTOR('',#3867,10.);
#1189=VECTOR('',#3870,10.);
#1190=VECTOR('',#3871,10.);
#1191=VECTOR('',#3874,10.);
#1192=VECTOR('',#3875,10.);
#1193=VECTOR('',#3878,10.);
#1194=VERTEX_POINT('',#3889);
#1195=VERTEX_POINT('',#3890);
#1196=VERTEX_POINT('',#3892);
#1197=VERTEX_POINT('',#3894);
#1198=VERTEX_POINT('',#3898);
#1199=VERTEX_POINT('',#3899);
#1200=VERTEX_POINT('',#3901);
#1201=VERTEX_POINT('',#3903);
#1202=VERTEX_POINT('',#3910);
#1203=VERTEX_POINT('',#3911);
#1204=VERTEX_POINT('',#3913);
#1205=VERTEX_POINT('',#3915);
#1206=VERTEX_POINT('',#3919);
#1207=VERTEX_POINT('',#3921);
#1208=VERTEX_POINT('',#3925);
#1209=VERTEX_POINT('',#3927);
#1210=VERTEX_POINT('',#3929);
#1211=VERTEX_POINT('',#3931);
#1212=VERTEX_POINT('',#3933);
#1213=VERTEX_POINT('',#3935);
#1214=VERTEX_POINT('',#3937);
#1215=VERTEX_POINT('',#3939);
#1216=VERTEX_POINT('',#3943);
#1217=VERTEX_POINT('',#3944);
#1218=VERTEX_POINT('',#3946);
#1219=VERTEX_POINT('',#3948);
#1220=VERTEX_POINT('',#3952);
#1221=VERTEX_POINT('',#3954);
#1222=VERTEX_POINT('',#3958);
#1223=VERTEX_POINT('',#3962);
#1224=VERTEX_POINT('',#3966);
#1225=VERTEX_POINT('',#3970);
#1226=VERTEX_POINT('',#3974);
#1227=VERTEX_POINT('',#3978);
#1228=VERTEX_POINT('',#3988);
#1229=VERTEX_POINT('',#3990);
#1230=VERTEX_POINT('',#3994);
#1231=VERTEX_POINT('',#3996);
#1232=VERTEX_POINT('',#3998);
#1233=VERTEX_POINT('',#4001);
#1234=VERTEX_POINT('',#4003);
#1235=VERTEX_POINT('',#4005);
#1236=VERTEX_POINT('',#4007);
#1237=VERTEX_POINT('',#4009);
#1238=VERTEX_POINT('',#4011);
#1239=VERTEX_POINT('',#4013);
#1240=VERTEX_POINT('',#4016);
#1241=VERTEX_POINT('',#4018);
#1242=VERTEX_POINT('',#4022);
#1243=VERTEX_POINT('',#4028);
#1244=VERTEX_POINT('',#4032);
#1245=VERTEX_POINT('',#4036);
#1246=VERTEX_POINT('',#4040);
#1247=VERTEX_POINT('',#4044);
#1248=VERTEX_POINT('',#4048);
#1249=VERTEX_POINT('',#4052);
#1250=VERTEX_POINT('',#4059);
#1251=VERTEX_POINT('',#4060);
#1252=VERTEX_POINT('',#4062);
#1253=VERTEX_POINT('',#4064);
#1254=VERTEX_POINT('',#4068);
#1255=VERTEX_POINT('',#4069);
#1256=VERTEX_POINT('',#4071);
#1257=VERTEX_POINT('',#4073);
#1258=VERTEX_POINT('',#4077);
#1259=VERTEX_POINT('',#4079);
#1260=VERTEX_POINT('',#4083);
#1261=VERTEX_POINT('',#4085);
#1262=VERTEX_POINT('',#4089);
#1263=VERTEX_POINT('',#4091);
#1264=VERTEX_POINT('',#4095);
#1265=VERTEX_POINT('',#4097);
#1266=VERTEX_POINT('',#4101);
#1267=VERTEX_POINT('',#4103);
#1268=VERTEX_POINT('',#4107);
#1269=VERTEX_POINT('',#4109);
#1270=VERTEX_POINT('',#4116);
#1271=VERTEX_POINT('',#4118);
#1272=VERTEX_POINT('',#4122);
#1273=VERTEX_POINT('',#4123);
#1274=VERTEX_POINT('',#4125);
#1275=VERTEX_POINT('',#4127);
#1276=VERTEX_POINT('',#4131);
#1277=VERTEX_POINT('',#4133);
#1278=VERTEX_POINT('',#4137);
#1279=VERTEX_POINT('',#4138);
#1280=VERTEX_POINT('',#4143);
#1281=VERTEX_POINT('',#4145);
#1282=VERTEX_POINT('',#4149);
#1283=VERTEX_POINT('',#4151);
#1284=VERTEX_POINT('',#4155);
#1285=VERTEX_POINT('',#4157);
#1286=VERTEX_POINT('',#4161);
#1287=VERTEX_POINT('',#4163);
#1288=VERTEX_POINT('',#4167);
#1289=VERTEX_POINT('',#4169);
#1290=VERTEX_POINT('',#4173);
#1291=VERTEX_POINT('',#4175);
#1292=VERTEX_POINT('',#4179);
#1293=VERTEX_POINT('',#4181);
#1294=VERTEX_POINT('',#4185);
#1295=VERTEX_POINT('',#4188);
#1296=VERTEX_POINT('',#4192);
#1297=VERTEX_POINT('',#4194);
#1298=VERTEX_POINT('',#4196);
#1299=VERTEX_POINT('',#4199);
#1300=VERTEX_POINT('',#4201);
#1301=VERTEX_POINT('',#4203);
#1302=VERTEX_POINT('',#4206);
#1303=VERTEX_POINT('',#4208);
#1304=VERTEX_POINT('',#4210);
#1305=VERTEX_POINT('',#4212);
#1306=VERTEX_POINT('',#4215);
#1307=VERTEX_POINT('',#4219);
#1308=VERTEX_POINT('',#4223);
#1309=VERTEX_POINT('',#4225);
#1310=VERTEX_POINT('',#4231);
#1311=VERTEX_POINT('',#4233);
#1312=VERTEX_POINT('',#4243);
#1313=VERTEX_POINT('',#4247);
#1314=VERTEX_POINT('',#4251);
#1315=VERTEX_POINT('',#4255);
#1316=VERTEX_POINT('',#4260);
#1317=VERTEX_POINT('',#4262);
#1318=VERTEX_POINT('',#4266);
#1319=VERTEX_POINT('',#4268);
#1320=VERTEX_POINT('',#4272);
#1321=VERTEX_POINT('',#4274);
#1322=VERTEX_POINT('',#4278);
#1323=VERTEX_POINT('',#4279);
#1324=VERTEX_POINT('',#4281);
#1325=VERTEX_POINT('',#4283);
#1326=VERTEX_POINT('',#4287);
#1327=VERTEX_POINT('',#4289);
#1328=VERTEX_POINT('',#4293);
#1329=VERTEX_POINT('',#4295);
#1330=VERTEX_POINT('',#4299);
#1331=VERTEX_POINT('',#4301);
#1332=VERTEX_POINT('',#4305);
#1333=VERTEX_POINT('',#4307);
#1334=VERTEX_POINT('',#4311);
#1335=VERTEX_POINT('',#4313);
#1336=VERTEX_POINT('',#4317);
#1337=VERTEX_POINT('',#4319);
#1338=VERTEX_POINT('',#4323);
#1339=VERTEX_POINT('',#4325);
#1340=VERTEX_POINT('',#4329);
#1341=VERTEX_POINT('',#4331);
#1342=VERTEX_POINT('',#4335);
#1343=VERTEX_POINT('',#4337);
#1344=VERTEX_POINT('',#4341);
#1345=VERTEX_POINT('',#4343);
#1346=VERTEX_POINT('',#4354);
#1347=VERTEX_POINT('',#4355);
#1348=VERTEX_POINT('',#4357);
#1349=VERTEX_POINT('',#4359);
#1350=VERTEX_POINT('',#4361);
#1351=VERTEX_POINT('',#4365);
#1352=VERTEX_POINT('',#4366);
#1353=VERTEX_POINT('',#4368);
#1354=VERTEX_POINT('',#4370);
#1355=VERTEX_POINT('',#4372);
#1356=VERTEX_POINT('',#4376);
#1357=VERTEX_POINT('',#4377);
#1358=VERTEX_POINT('',#4379);
#1359=VERTEX_POINT('',#4381);
#1360=VERTEX_POINT('',#4383);
#1361=VERTEX_POINT('',#4387);
#1362=VERTEX_POINT('',#4388);
#1363=VERTEX_POINT('',#4390);
#1364=VERTEX_POINT('',#4392);
#1365=VERTEX_POINT('',#4395);
#1366=VERTEX_POINT('',#4396);
#1367=VERTEX_POINT('',#4398);
#1368=VERTEX_POINT('',#4400);
#1369=VERTEX_POINT('',#4403);
#1370=VERTEX_POINT('',#4404);
#1371=VERTEX_POINT('',#4406);
#1372=VERTEX_POINT('',#4408);
#1373=VERTEX_POINT('',#4411);
#1374=VERTEX_POINT('',#4412);
#1375=VERTEX_POINT('',#4414);
#1376=VERTEX_POINT('',#4416);
#1377=VERTEX_POINT('',#4420);
#1378=VERTEX_POINT('',#4422);
#1379=VERTEX_POINT('',#4426);
#1380=VERTEX_POINT('',#4428);
#1381=VERTEX_POINT('',#4432);
#1382=VERTEX_POINT('',#4438);
#1383=VERTEX_POINT('',#4444);
#1384=VERTEX_POINT('',#4450);
#1385=VERTEX_POINT('',#4452);
#1386=VERTEX_POINT('',#4456);
#1387=VERTEX_POINT('',#4460);
#1388=VERTEX_POINT('',#4469);
#1389=VERTEX_POINT('',#4471);
#1390=VERTEX_POINT('',#4473);
#1391=VERTEX_POINT('',#4475);
#1392=VERTEX_POINT('',#4482);
#1393=VERTEX_POINT('',#4484);
#1394=VERTEX_POINT('',#4486);
#1395=VERTEX_POINT('',#4488);
#1396=VERTEX_POINT('',#4497);
#1397=VERTEX_POINT('',#4499);
#1398=VERTEX_POINT('',#4502);
#1399=VERTEX_POINT('',#4504);
#1400=VERTEX_POINT('',#4506);
#1401=VERTEX_POINT('',#4508);
#1402=VERTEX_POINT('',#4510);
#1403=VERTEX_POINT('',#4513);
#1404=VERTEX_POINT('',#4517);
#1405=VERTEX_POINT('',#4521);
#1406=VERTEX_POINT('',#4525);
#1407=VERTEX_POINT('',#4529);
#1408=VERTEX_POINT('',#4533);
#1409=VERTEX_POINT('',#4537);
#1410=VERTEX_POINT('',#4544);
#1411=VERTEX_POINT('',#4546);
#1412=VERTEX_POINT('',#4550);
#1413=VERTEX_POINT('',#4552);
#1414=VERTEX_POINT('',#4556);
#1415=VERTEX_POINT('',#4558);
#1416=VERTEX_POINT('',#4561);
#1417=VERTEX_POINT('',#4563);
#1418=VERTEX_POINT('',#4566);
#1419=VERTEX_POINT('',#4568);
#1420=VERTEX_POINT('',#4571);
#1421=VERTEX_POINT('',#4573);
#1422=VERTEX_POINT('',#4576);
#1423=VERTEX_POINT('',#4580);
#1424=VERTEX_POINT('',#4584);
#1425=VERTEX_POINT('',#4588);
#1426=VERTEX_POINT('',#4592);
#1427=VERTEX_POINT('',#4593);
#1428=VERTEX_POINT('',#4598);
#1429=VERTEX_POINT('',#4602);
#1430=VERTEX_POINT('',#4609);
#1431=VERTEX_POINT('',#4611);
#1432=VERTEX_POINT('',#4615);
#1433=VERTEX_POINT('',#4617);
#1434=VERTEX_POINT('',#4621);
#1435=VERTEX_POINT('',#4623);
#1436=VERTEX_POINT('',#4626);
#1437=VERTEX_POINT('',#4628);
#1438=VERTEX_POINT('',#4631);
#1439=VERTEX_POINT('',#4633);
#1440=VERTEX_POINT('',#4636);
#1441=VERTEX_POINT('',#4638);
#1442=VERTEX_POINT('',#4641);
#1443=VERTEX_POINT('',#4645);
#1444=VERTEX_POINT('',#4649);
#1445=VERTEX_POINT('',#4653);
#1446=VERTEX_POINT('',#4657);
#1447=VERTEX_POINT('',#4658);
#1448=VERTEX_POINT('',#4663);
#1449=VERTEX_POINT('',#4667);
#1450=EDGE_CURVE('',#1194,#1195,#610,.T.);
#1451=EDGE_CURVE('',#1195,#1196,#611,.T.);
#1452=EDGE_CURVE('',#1196,#1197,#612,.T.);
#1453=EDGE_CURVE('',#1194,#1197,#613,.T.);
#1454=EDGE_CURVE('',#1198,#1199,#614,.T.);
#1455=EDGE_CURVE('',#1200,#1198,#615,.T.);
#1456=EDGE_CURVE('',#1201,#1200,#616,.T.);
#1457=EDGE_CURVE('',#1201,#1199,#617,.T.);
#1458=EDGE_CURVE('',#1201,#1196,#618,.T.);
#1459=EDGE_CURVE('',#1197,#1200,#619,.T.);
#1460=EDGE_CURVE('',#1202,#1203,#620,.T.);
#1461=EDGE_CURVE('',#1204,#1202,#621,.T.);
#1462=EDGE_CURVE('',#1205,#1204,#622,.T.);
#1463=EDGE_CURVE('',#1203,#1205,#623,.T.);
#1464=EDGE_CURVE('',#1206,#1205,#624,.T.);
#1465=EDGE_CURVE('',#1207,#1206,#625,.T.);
#1466=EDGE_CURVE('',#1203,#1207,#626,.T.);
#1467=EDGE_CURVE('',#1199,#1208,#627,.T.);
#1468=EDGE_CURVE('',#1208,#1209,#628,.T.);
#1469=EDGE_CURVE('',#1209,#1210,#629,.T.);
#1470=EDGE_CURVE('',#1210,#1211,#630,.T.);
#1471=EDGE_CURVE('',#1211,#1212,#631,.T.);
#1472=EDGE_CURVE('',#1212,#1213,#632,.T.);
#1473=EDGE_CURVE('',#1213,#1214,#633,.T.);
#1474=EDGE_CURVE('',#1214,#1215,#634,.T.);
#1475=EDGE_CURVE('',#1198,#1215,#635,.T.);
#1476=EDGE_CURVE('',#1216,#1217,#636,.T.);
#1477=EDGE_CURVE('',#1217,#1218,#637,.T.);
#1478=EDGE_CURVE('',#1219,#1218,#638,.T.);
#1479=EDGE_CURVE('',#1216,#1219,#639,.T.);
#1480=EDGE_CURVE('',#1209,#1220,#640,.T.);
#1481=EDGE_CURVE('',#1221,#1220,#641,.T.);
#1482=EDGE_CURVE('',#1210,#1221,#642,.T.);
#1483=EDGE_CURVE('',#1222,#1221,#643,.T.);
#1484=EDGE_CURVE('',#1211,#1222,#644,.T.);
#1485=EDGE_CURVE('',#1223,#1222,#645,.T.);
#1486=EDGE_CURVE('',#1212,#1223,#646,.T.);
#1487=EDGE_CURVE('',#1224,#1223,#647,.T.);
#1488=EDGE_CURVE('',#1213,#1224,#648,.T.);
#1489=EDGE_CURVE('',#1225,#1224,#649,.T.);
#1490=EDGE_CURVE('',#1214,#1225,#650,.T.);
#1491=EDGE_CURVE('',#1226,#1225,#651,.T.);
#1492=EDGE_CURVE('',#1215,#1226,#652,.T.);
#1493=EDGE_CURVE('',#1208,#1227,#653,.T.);
#1494=EDGE_CURVE('',#1220,#1227,#654,.T.);
#1495=EDGE_CURVE('',#1227,#1219,#655,.T.);
#1496=EDGE_CURVE('',#1218,#1226,#656,.T.);
#1497=EDGE_CURVE('',#1217,#1206,#657,.T.);
#1498=EDGE_CURVE('',#1216,#1207,#658,.T.);
#1499=EDGE_CURVE('',#1202,#1228,#659,.T.);
#1500=EDGE_CURVE('',#1228,#1229,#660,.T.);
#1501=EDGE_CURVE('',#1229,#1204,#661,.T.);
#1502=EDGE_CURVE('',#1230,#1195,#662,.T.);
#1503=EDGE_CURVE('',#1231,#1230,#663,.T.);
#1504=EDGE_CURVE('',#1232,#1231,#664,.T.);
#1505=EDGE_CURVE('',#1228,#1232,#665,.T.);
#1506=EDGE_CURVE('',#1233,#1233,#159,.T.);
#1507=EDGE_CURVE('',#1234,#1234,#160,.T.);
#1508=EDGE_CURVE('',#1235,#1235,#161,.T.);
#1509=EDGE_CURVE('',#1236,#1236,#162,.T.);
#1510=EDGE_CURVE('',#1237,#1237,#163,.T.);
#1511=EDGE_CURVE('',#1238,#1238,#164,.T.);
#1512=EDGE_CURVE('',#1239,#1239,#165,.T.);
#1513=EDGE_CURVE('',#1231,#1240,#666,.T.);
#1514=EDGE_CURVE('',#1241,#1240,#667,.T.);
#1515=EDGE_CURVE('',#1232,#1241,#668,.T.);
#1516=EDGE_CURVE('',#1230,#1242,#669,.T.);
#1517=EDGE_CURVE('',#1240,#1242,#670,.T.);
#1518=EDGE_CURVE('',#1242,#1194,#671,.T.);
#1519=EDGE_CURVE('',#1243,#1243,#166,.T.);
#1520=EDGE_CURVE('',#1243,#1233,#672,.T.);
#1521=EDGE_CURVE('',#1244,#1244,#167,.T.);
#1522=EDGE_CURVE('',#1244,#1234,#673,.T.);
#1523=EDGE_CURVE('',#1245,#1245,#168,.T.);
#1524=EDGE_CURVE('',#1245,#1235,#674,.T.);
#1525=EDGE_CURVE('',#1246,#1246,#169,.T.);
#1526=EDGE_CURVE('',#1246,#1236,#675,.T.);
#1527=EDGE_CURVE('',#1247,#1247,#170,.T.);
#1528=EDGE_CURVE('',#1247,#1237,#676,.T.);
#1529=EDGE_CURVE('',#1248,#1248,#171,.T.);
#1530=EDGE_CURVE('',#1248,#1238,#677,.T.);
#1531=EDGE_CURVE('',#1249,#1249,#172,.T.);
#1532=EDGE_CURVE('',#1249,#1239,#678,.T.);
#1533=EDGE_CURVE('',#1229,#1241,#679,.T.);
#1534=EDGE_CURVE('',#1250,#1251,#680,.T.);
#1535=EDGE_CURVE('',#1251,#1252,#681,.T.);
#1536=EDGE_CURVE('',#1253,#1252,#682,.T.);
#1537=EDGE_CURVE('',#1250,#1253,#683,.T.);
#1538=EDGE_CURVE('',#1254,#1255,#684,.T.);
#1539=EDGE_CURVE('',#1254,#1256,#685,.T.);
#1540=EDGE_CURVE('',#1257,#1256,#686,.T.);
#1541=EDGE_CURVE('',#1255,#1257,#687,.T.);
#1542=EDGE_CURVE('',#1255,#1258,#688,.T.);
#1543=EDGE_CURVE('',#1259,#1257,#689,.T.);
#1544=EDGE_CURVE('',#1258,#1259,#690,.T.);
#1545=EDGE_CURVE('',#1258,#1260,#691,.T.);
#1546=EDGE_CURVE('',#1261,#1259,#692,.T.);
#1547=EDGE_CURVE('',#1260,#1261,#693,.T.);
#1548=EDGE_CURVE('',#1260,#1262,#694,.T.);
#1549=EDGE_CURVE('',#1263,#1261,#695,.T.);
#1550=EDGE_CURVE('',#1262,#1263,#696,.T.);
#1551=EDGE_CURVE('',#1262,#1264,#697,.T.);
#1552=EDGE_CURVE('',#1265,#1263,#698,.T.);
#1553=EDGE_CURVE('',#1264,#1265,#699,.T.);
#1554=EDGE_CURVE('',#1264,#1266,#700,.T.);
#1555=EDGE_CURVE('',#1267,#1265,#701,.T.);
#1556=EDGE_CURVE('',#1266,#1267,#702,.T.);
#1557=EDGE_CURVE('',#1268,#1254,#703,.T.);
#1558=EDGE_CURVE('',#1268,#1269,#704,.T.);
#1559=EDGE_CURVE('',#1256,#1269,#705,.T.);
#1560=EDGE_CURVE('',#1269,#1253,#706,.T.);
#1561=EDGE_CURVE('',#1252,#1267,#707,.T.);
#1562=EDGE_CURVE('',#1250,#1270,#708,.T.);
#1563=EDGE_CURVE('',#1270,#1271,#709,.T.);
#1564=EDGE_CURVE('',#1251,#1271,#710,.T.);
#1565=EDGE_CURVE('',#1272,#1273,#711,.T.);
#1566=EDGE_CURVE('',#1273,#1274,#712,.T.);
#1567=EDGE_CURVE('',#1274,#1275,#713,.T.);
#1568=EDGE_CURVE('',#1272,#1275,#714,.T.);
#1569=EDGE_CURVE('',#1274,#1276,#715,.T.);
#1570=EDGE_CURVE('',#1276,#1277,#716,.T.);
#1571=EDGE_CURVE('',#1275,#1277,#717,.T.);
#1572=EDGE_CURVE('',#1278,#1279,#718,.T.);
#1573=EDGE_CURVE('',#1277,#1279,#719,.T.);
#1574=EDGE_CURVE('',#1276,#1278,#720,.T.);
#1575=EDGE_CURVE('',#1280,#1280,#173,.T.);
#1576=EDGE_CURVE('',#1280,#1281,#721,.T.);
#1577=EDGE_CURVE('',#1281,#1281,#174,.T.);
#1578=EDGE_CURVE('',#1282,#1282,#175,.T.);
#1579=EDGE_CURVE('',#1282,#1283,#722,.T.);
#1580=EDGE_CURVE('',#1283,#1283,#176,.T.);
#1581=EDGE_CURVE('',#1284,#1284,#177,.T.);
#1582=EDGE_CURVE('',#1284,#1285,#723,.T.);
#1583=EDGE_CURVE('',#1285,#1285,#178,.T.);
#1584=EDGE_CURVE('',#1286,#1286,#179,.T.);
#1585=EDGE_CURVE('',#1286,#1287,#724,.T.);
#1586=EDGE_CURVE('',#1287,#1287,#180,.T.);
#1587=EDGE_CURVE('',#1288,#1288,#181,.T.);
#1588=EDGE_CURVE('',#1288,#1289,#725,.T.);
#1589=EDGE_CURVE('',#1289,#1289,#182,.T.);
#1590=EDGE_CURVE('',#1290,#1290,#183,.T.);
#1591=EDGE_CURVE('',#1290,#1291,#726,.T.);
#1592=EDGE_CURVE('',#1291,#1291,#184,.T.);
#1593=EDGE_CURVE('',#1292,#1292,#185,.T.);
#1594=EDGE_CURVE('',#1292,#1293,#727,.T.);
#1595=EDGE_CURVE('',#1293,#1293,#186,.T.);
#1596=EDGE_CURVE('',#1294,#1294,#187,.T.);
#1597=EDGE_CURVE('',#1295,#1295,#188,.T.);
#1598=EDGE_CURVE('',#1295,#1294,#728,.T.);
#1599=EDGE_CURVE('',#1296,#1268,#729,.T.);
#1600=EDGE_CURVE('',#1296,#1297,#730,.T.);
#1601=EDGE_CURVE('',#1297,#1298,#731,.T.);
#1602=EDGE_CURVE('',#1298,#1278,#732,.T.);
#1603=EDGE_CURVE('',#1273,#1299,#733,.T.);
#1604=EDGE_CURVE('',#1299,#1300,#734,.T.);
#1605=EDGE_CURVE('',#1300,#1301,#735,.T.);
#1606=EDGE_CURVE('',#1301,#1270,#736,.T.);
#1607=EDGE_CURVE('',#1302,#1302,#189,.T.);
#1608=EDGE_CURVE('',#1303,#1303,#190,.T.);
#1609=EDGE_CURVE('',#1304,#1304,#191,.T.);
#1610=EDGE_CURVE('',#1305,#1305,#192,.T.);
#1611=EDGE_CURVE('',#1301,#1306,#737,.T.);
#1612=EDGE_CURVE('',#1271,#1306,#738,.T.);
#1613=EDGE_CURVE('',#1307,#1266,#739,.T.);
#1614=EDGE_CURVE('',#1307,#1296,#740,.T.);
#1615=EDGE_CURVE('',#1297,#1308,#741,.T.);
#1616=EDGE_CURVE('',#1309,#1308,#742,.T.);
#1617=EDGE_CURVE('',#1298,#1309,#743,.T.);
#1618=EDGE_CURVE('',#1308,#1307,#744,.T.);
#1619=EDGE_CURVE('',#1299,#1310,#745,.T.);
#1620=EDGE_CURVE('',#1311,#1310,#746,.T.);
#1621=EDGE_CURVE('',#1300,#1311,#747,.T.);
#1622=EDGE_CURVE('',#1306,#1311,#748,.T.);
#1623=EDGE_CURVE('',#1279,#1309,#749,.T.);
#1624=EDGE_CURVE('',#1310,#1272,#750,.T.);
#1625=EDGE_CURVE('',#1305,#1312,#751,.T.);
#1626=EDGE_CURVE('',#1312,#1312,#193,.F.);
#1627=EDGE_CURVE('',#1304,#1313,#752,.T.);
#1628=EDGE_CURVE('',#1313,#1313,#194,.F.);
#1629=EDGE_CURVE('',#1303,#1314,#753,.T.);
#1630=EDGE_CURVE('',#1314,#1314,#195,.F.);
#1631=EDGE_CURVE('',#1302,#1315,#754,.T.);
#1632=EDGE_CURVE('',#1315,#1315,#196,.F.);
#1633=EDGE_CURVE('',#1316,#1316,#197,.T.);
#1634=EDGE_CURVE('',#1316,#1317,#755,.T.);
#1635=EDGE_CURVE('',#1317,#1317,#198,.T.);
#1636=EDGE_CURVE('',#1318,#1318,#199,.T.);
#1637=EDGE_CURVE('',#1318,#1319,#756,.T.);
#1638=EDGE_CURVE('',#1319,#1319,#200,.T.);
#1639=EDGE_CURVE('',#1320,#1320,#201,.T.);
#1640=EDGE_CURVE('',#1320,#1321,#757,.T.);
#1641=EDGE_CURVE('',#1321,#1321,#202,.T.);
#1642=EDGE_CURVE('',#1322,#1323,#758,.T.);
#1643=EDGE_CURVE('',#1322,#1324,#759,.T.);
#1644=EDGE_CURVE('',#1325,#1324,#760,.T.);
#1645=EDGE_CURVE('',#1323,#1325,#761,.T.);
#1646=EDGE_CURVE('',#1323,#1326,#762,.T.);
#1647=EDGE_CURVE('',#1327,#1325,#763,.T.);
#1648=EDGE_CURVE('',#1326,#1327,#764,.T.);
#1649=EDGE_CURVE('',#1328,#1326,#765,.T.);
#1650=EDGE_CURVE('',#1329,#1327,#766,.T.);
#1651=EDGE_CURVE('',#1328,#1329,#767,.T.);
#1652=EDGE_CURVE('',#1330,#1328,#203,.T.);
#1653=EDGE_CURVE('',#1331,#1329,#204,.T.);
#1654=EDGE_CURVE('',#1330,#1331,#768,.T.);
#1655=EDGE_CURVE('',#1330,#1332,#769,.T.);
#1656=EDGE_CURVE('',#1333,#1331,#770,.T.);
#1657=EDGE_CURVE('',#1332,#1333,#771,.T.);
#1658=EDGE_CURVE('',#1334,#1332,#772,.T.);
#1659=EDGE_CURVE('',#1335,#1333,#773,.T.);
#1660=EDGE_CURVE('',#1334,#1335,#774,.T.);
#1661=EDGE_CURVE('',#1334,#1336,#775,.T.);
#1662=EDGE_CURVE('',#1337,#1335,#776,.T.);
#1663=EDGE_CURVE('',#1336,#1337,#777,.T.);
#1664=EDGE_CURVE('',#1336,#1338,#778,.T.);
#1665=EDGE_CURVE('',#1339,#1337,#779,.T.);
#1666=EDGE_CURVE('',#1338,#1339,#780,.T.);
#1667=EDGE_CURVE('',#1340,#1338,#781,.T.);
#1668=EDGE_CURVE('',#1341,#1339,#782,.T.);
#1669=EDGE_CURVE('',#1340,#1341,#783,.T.);
#1670=EDGE_CURVE('',#1342,#1340,#205,.T.);
#1671=EDGE_CURVE('',#1343,#1341,#206,.T.);
#1672=EDGE_CURVE('',#1342,#1343,#784,.T.);
#1673=EDGE_CURVE('',#1342,#1344,#785,.T.);
#1674=EDGE_CURVE('',#1345,#1343,#786,.T.);
#1675=EDGE_CURVE('',#1344,#1345,#787,.T.);
#1676=EDGE_CURVE('',#1322,#1344,#788,.T.);
#1677=EDGE_CURVE('',#1324,#1345,#789,.T.);
#1678=EDGE_CURVE('',#1346,#1347,#790,.T.);
#1679=EDGE_CURVE('',#1348,#1346,#207,.T.);
#1680=EDGE_CURVE('',#1349,#1348,#791,.T.);
#1681=EDGE_CURVE('',#1350,#1349,#208,.T.);
#1682=EDGE_CURVE('',#1347,#1350,#209,.T.);
#1683=EDGE_CURVE('',#1351,#1352,#792,.T.);
#1684=EDGE_CURVE('',#1353,#1351,#210,.T.);
#1685=EDGE_CURVE('',#1354,#1353,#793,.T.);
#1686=EDGE_CURVE('',#1355,#1354,#211,.T.);
#1687=EDGE_CURVE('',#1352,#1355,#212,.T.);
#1688=EDGE_CURVE('',#1356,#1357,#794,.T.);
#1689=EDGE_CURVE('',#1358,#1356,#213,.T.);
#1690=EDGE_CURVE('',#1359,#1358,#795,.T.);
#1691=EDGE_CURVE('',#1360,#1359,#214,.T.);
#1692=EDGE_CURVE('',#1357,#1360,#215,.T.);
#1693=EDGE_CURVE('',#1361,#1362,#796,.T.);
#1694=EDGE_CURVE('',#1363,#1361,#797,.T.);
#1695=EDGE_CURVE('',#1364,#1363,#798,.T.);
#1696=EDGE_CURVE('',#1362,#1364,#799,.T.);
#1697=EDGE_CURVE('',#1365,#1366,#800,.T.);
#1698=EDGE_CURVE('',#1367,#1365,#801,.T.);
#1699=EDGE_CURVE('',#1368,#1367,#802,.T.);
#1700=EDGE_CURVE('',#1366,#1368,#803,.T.);
#1701=EDGE_CURVE('',#1369,#1370,#804,.T.);
#1702=EDGE_CURVE('',#1371,#1369,#805,.T.);
#1703=EDGE_CURVE('',#1372,#1371,#806,.T.);
#1704=EDGE_CURVE('',#1372,#1370,#807,.T.);
#1705=EDGE_CURVE('',#1373,#1374,#808,.T.);
#1706=EDGE_CURVE('',#1375,#1373,#809,.T.);
#1707=EDGE_CURVE('',#1376,#1375,#810,.T.);
#1708=EDGE_CURVE('',#1374,#1376,#811,.T.);
#1709=EDGE_CURVE('',#1377,#1377,#216,.T.);
#1710=EDGE_CURVE('',#1377,#1378,#812,.T.);
#1711=EDGE_CURVE('',#1378,#1378,#217,.T.);
#1712=EDGE_CURVE('',#1379,#1379,#218,.T.);
#1713=EDGE_CURVE('',#1379,#1380,#813,.T.);
#1714=EDGE_CURVE('',#1380,#1380,#219,.T.);
#1715=EDGE_CURVE('',#1381,#1381,#220,.T.);
#1716=EDGE_CURVE('',#1381,#1360,#814,.T.);
#1717=EDGE_CURVE('',#1358,#1359,#221,.T.);
#1718=EDGE_CURVE('',#1357,#1356,#222,.T.);
#1719=EDGE_CURVE('',#1382,#1382,#223,.T.);
#1720=EDGE_CURVE('',#1382,#1350,#815,.T.);
#1721=EDGE_CURVE('',#1348,#1349,#224,.T.);
#1722=EDGE_CURVE('',#1347,#1346,#225,.T.);
#1723=EDGE_CURVE('',#1383,#1383,#226,.T.);
#1724=EDGE_CURVE('',#1383,#1355,#816,.T.);
#1725=EDGE_CURVE('',#1353,#1354,#227,.T.);
#1726=EDGE_CURVE('',#1352,#1351,#228,.T.);
#1727=EDGE_CURVE('',#1361,#1384,#817,.T.);
#1728=EDGE_CURVE('',#1385,#1384,#818,.T.);
#1729=EDGE_CURVE('',#1363,#1385,#819,.T.);
#1730=EDGE_CURVE('',#1386,#1385,#820,.T.);
#1731=EDGE_CURVE('',#1364,#1386,#821,.T.);
#1732=EDGE_CURVE('',#1387,#1386,#822,.T.);
#1733=EDGE_CURVE('',#1362,#1387,#823,.T.);
#1734=EDGE_CURVE('',#1384,#1387,#824,.T.);
#1735=EDGE_CURVE('',#1352,#1346,#825,.T.);
#1736=EDGE_CURVE('',#1357,#1351,#826,.T.);
#1737=EDGE_CURVE('',#1388,#1356,#827,.T.);
#1738=EDGE_CURVE('',#1389,#1388,#828,.T.);
#1739=EDGE_CURVE('',#1390,#1389,#829,.T.);
#1740=EDGE_CURVE('',#1390,#1391,#830,.T.);
#1741=EDGE_CURVE('',#1347,#1391,#831,.T.);
#1742=EDGE_CURVE('',#1371,#1390,#832,.T.);
#1743=EDGE_CURVE('',#1389,#1372,#833,.T.);
#1744=EDGE_CURVE('',#1392,#1349,#834,.T.);
#1745=EDGE_CURVE('',#1392,#1393,#835,.T.);
#1746=EDGE_CURVE('',#1394,#1393,#836,.T.);
#1747=EDGE_CURVE('',#1395,#1394,#837,.T.);
#1748=EDGE_CURVE('',#1358,#1395,#838,.T.);
#1749=EDGE_CURVE('',#1353,#1359,#839,.T.);
#1750=EDGE_CURVE('',#1348,#1354,#840,.T.);
#1751=EDGE_CURVE('',#1370,#1394,#841,.T.);
#1752=EDGE_CURVE('',#1393,#1369,#842,.T.);
#1753=EDGE_CURVE('',#1395,#1396,#843,.T.);
#1754=EDGE_CURVE('',#1396,#1397,#229,.T.);
#1755=EDGE_CURVE('',#1397,#1392,#844,.T.);
#1756=EDGE_CURVE('',#1398,#1398,#230,.T.);
#1757=EDGE_CURVE('',#1399,#1399,#231,.T.);
#1758=EDGE_CURVE('',#1400,#1400,#232,.T.);
#1759=EDGE_CURVE('',#1401,#1401,#233,.T.);
#1760=EDGE_CURVE('',#1402,#1402,#234,.T.);
#1761=EDGE_CURVE('',#1403,#1388,#845,.T.);
#1762=EDGE_CURVE('',#1403,#1396,#846,.T.);
#1763=EDGE_CURVE('',#1398,#1404,#847,.T.);
#1764=EDGE_CURVE('',#1404,#1404,#235,.T.);
#1765=EDGE_CURVE('',#1399,#1405,#848,.T.);
#1766=EDGE_CURVE('',#1405,#1405,#236,.T.);
#1767=EDGE_CURVE('',#1400,#1406,#849,.T.);
#1768=EDGE_CURVE('',#1406,#1406,#237,.T.);
#1769=EDGE_CURVE('',#1401,#1407,#850,.T.);
#1770=EDGE_CURVE('',#1407,#1407,#238,.T.);
#1771=EDGE_CURVE('',#1402,#1408,#851,.T.);
#1772=EDGE_CURVE('',#1408,#1408,#239,.T.);
#1773=EDGE_CURVE('',#1409,#1397,#852,.T.);
#1774=EDGE_CURVE('',#1409,#1391,#853,.T.);
#1775=EDGE_CURVE('',#1403,#1409,#240,.T.);
#1776=EDGE_CURVE('',#1367,#1410,#854,.T.);
#1777=EDGE_CURVE('',#1411,#1410,#855,.T.);
#1778=EDGE_CURVE('',#1368,#1411,#856,.T.);
#1779=EDGE_CURVE('',#1366,#1412,#857,.T.);
#1780=EDGE_CURVE('',#1413,#1412,#858,.T.);
#1781=EDGE_CURVE('',#1365,#1413,#859,.T.);
#1782=EDGE_CURVE('',#1410,#1414,#860,.T.);
#1783=EDGE_CURVE('',#1414,#1415,#861,.T.);
#1784=EDGE_CURVE('',#1415,#1411,#862,.T.);
#1785=EDGE_CURVE('',#1416,#1416,#241,.T.);
#1786=EDGE_CURVE('',#1417,#1417,#242,.T.);
#1787=EDGE_CURVE('',#1412,#1418,#863,.T.);
#1788=EDGE_CURVE('',#1418,#1419,#864,.T.);
#1789=EDGE_CURVE('',#1419,#1413,#865,.T.);
#1790=EDGE_CURVE('',#1420,#1420,#243,.T.);
#1791=EDGE_CURVE('',#1421,#1421,#244,.T.);
#1792=EDGE_CURVE('',#1420,#1422,#866,.T.);
#1793=EDGE_CURVE('',#1422,#1422,#245,.T.);
#1794=EDGE_CURVE('',#1421,#1423,#867,.T.);
#1795=EDGE_CURVE('',#1423,#1423,#246,.T.);
#1796=EDGE_CURVE('',#1417,#1424,#868,.T.);
#1797=EDGE_CURVE('',#1424,#1424,#247,.T.);
#1798=EDGE_CURVE('',#1416,#1425,#869,.T.);
#1799=EDGE_CURVE('',#1425,#1425,#248,.T.);
#1800=EDGE_CURVE('',#1426,#1427,#870,.T.);
#1801=EDGE_CURVE('',#1426,#1418,#871,.T.);
#1802=EDGE_CURVE('',#1427,#1415,#872,.T.);
#1803=EDGE_CURVE('',#1427,#1428,#873,.T.);
#1804=EDGE_CURVE('',#1428,#1414,#874,.T.);
#1805=EDGE_CURVE('',#1428,#1429,#875,.T.);
#1806=EDGE_CURVE('',#1429,#1419,#876,.T.);
#1807=EDGE_CURVE('',#1426,#1429,#877,.T.);
#1808=EDGE_CURVE('',#1375,#1430,#878,.T.);
#1809=EDGE_CURVE('',#1431,#1430,#879,.T.);
#1810=EDGE_CURVE('',#1376,#1431,#880,.T.);
#1811=EDGE_CURVE('',#1374,#1432,#881,.T.);
#1812=EDGE_CURVE('',#1433,#1432,#882,.T.);
#1813=EDGE_CURVE('',#1373,#1433,#883,.T.);
#1814=EDGE_CURVE('',#1430,#1434,#884,.T.);
#1815=EDGE_CURVE('',#1434,#1435,#885,.T.);
#1816=EDGE_CURVE('',#1435,#1431,#886,.T.);
#1817=EDGE_CURVE('',#1436,#1436,#249,.T.);
#1818=EDGE_CURVE('',#1437,#1437,#250,.T.);
#1819=EDGE_CURVE('',#1432,#1438,#887,.T.);
#1820=EDGE_CURVE('',#1438,#1439,#888,.T.);
#1821=EDGE_CURVE('',#1439,#1433,#889,.T.);
#1822=EDGE_CURVE('',#1440,#1440,#251,.T.);
#1823=EDGE_CURVE('',#1441,#1441,#252,.T.);
#1824=EDGE_CURVE('',#1437,#1442,#890,.T.);
#1825=EDGE_CURVE('',#1442,#1442,#253,.T.);
#1826=EDGE_CURVE('',#1440,#1443,#891,.T.);
#1827=EDGE_CURVE('',#1443,#1443,#254,.T.);
#1828=EDGE_CURVE('',#1436,#1444,#892,.T.);
#1829=EDGE_CURVE('',#1444,#1444,#255,.T.);
#1830=EDGE_CURVE('',#1441,#1445,#893,.T.);
#1831=EDGE_CURVE('',#1445,#1445,#256,.T.);
#1832=EDGE_CURVE('',#1446,#1447,#894,.T.);
#1833=EDGE_CURVE('',#1446,#1434,#895,.T.);
#1834=EDGE_CURVE('',#1447,#1439,#896,.T.);
#1835=EDGE_CURVE('',#1448,#1447,#897,.T.);
#1836=EDGE_CURVE('',#1448,#1438,#898,.T.);
#1837=EDGE_CURVE('',#1448,#1449,#899,.T.);
#1838=EDGE_CURVE('',#1449,#1435,#900,.T.);
#1839=EDGE_CURVE('',#1446,#1449,#901,.T.);
#1840=ORIENTED_EDGE('',*,*,#1450,.T.);
#1841=ORIENTED_EDGE('',*,*,#1451,.T.);
#1842=ORIENTED_EDGE('',*,*,#1452,.T.);
#1843=ORIENTED_EDGE('',*,*,#1453,.F.);
#1844=ORIENTED_EDGE('',*,*,#1454,.F.);
#1845=ORIENTED_EDGE('',*,*,#1455,.F.);
#1846=ORIENTED_EDGE('',*,*,#1456,.F.);
#1847=ORIENTED_EDGE('',*,*,#1457,.T.);
#1848=ORIENTED_EDGE('',*,*,#1458,.F.);
#1849=ORIENTED_EDGE('',*,*,#1456,.T.);
#1850=ORIENTED_EDGE('',*,*,#1459,.F.);
#1851=ORIENTED_EDGE('',*,*,#1452,.F.);
#1852=ORIENTED_EDGE('',*,*,#1460,.F.);
#1853=ORIENTED_EDGE('',*,*,#1461,.F.);
#1854=ORIENTED_EDGE('',*,*,#1462,.F.);
#1855=ORIENTED_EDGE('',*,*,#1463,.F.);
#1856=ORIENTED_EDGE('',*,*,#1463,.T.);
#1857=ORIENTED_EDGE('',*,*,#1464,.F.);
#1858=ORIENTED_EDGE('',*,*,#1465,.F.);
#1859=ORIENTED_EDGE('',*,*,#1466,.F.);
#1860=ORIENTED_EDGE('',*,*,#1454,.T.);
#1861=ORIENTED_EDGE('',*,*,#1467,.T.);
#1862=ORIENTED_EDGE('',*,*,#1468,.T.);
#1863=ORIENTED_EDGE('',*,*,#1469,.T.);
#1864=ORIENTED_EDGE('',*,*,#1470,.T.);
#1865=ORIENTED_EDGE('',*,*,#1471,.T.);
#1866=ORIENTED_EDGE('',*,*,#1472,.T.);
#1867=ORIENTED_EDGE('',*,*,#1473,.T.);
#1868=ORIENTED_EDGE('',*,*,#1474,.T.);
#1869=ORIENTED_EDGE('',*,*,#1475,.F.);
#1870=ORIENTED_EDGE('',*,*,#1476,.T.);
#1871=ORIENTED_EDGE('',*,*,#1477,.T.);
#1872=ORIENTED_EDGE('',*,*,#1478,.F.);
#1873=ORIENTED_EDGE('',*,*,#1479,.F.);
#1874=ORIENTED_EDGE('',*,*,#1469,.F.);
#1875=ORIENTED_EDGE('',*,*,#1480,.T.);
#1876=ORIENTED_EDGE('',*,*,#1481,.F.);
#1877=ORIENTED_EDGE('',*,*,#1482,.F.);
#1878=ORIENTED_EDGE('',*,*,#1470,.F.);
#1879=ORIENTED_EDGE('',*,*,#1482,.T.);
#1880=ORIENTED_EDGE('',*,*,#1483,.F.);
#1881=ORIENTED_EDGE('',*,*,#1484,.F.);
#1882=ORIENTED_EDGE('',*,*,#1471,.F.);
#1883=ORIENTED_EDGE('',*,*,#1484,.T.);
#1884=ORIENTED_EDGE('',*,*,#1485,.F.);
#1885=ORIENTED_EDGE('',*,*,#1486,.F.);
#1886=ORIENTED_EDGE('',*,*,#1472,.F.);
#1887=ORIENTED_EDGE('',*,*,#1486,.T.);
#1888=ORIENTED_EDGE('',*,*,#1487,.F.);
#1889=ORIENTED_EDGE('',*,*,#1488,.F.);
#1890=ORIENTED_EDGE('',*,*,#1473,.F.);
#1891=ORIENTED_EDGE('',*,*,#1488,.T.);
#1892=ORIENTED_EDGE('',*,*,#1489,.F.);
#1893=ORIENTED_EDGE('',*,*,#1490,.F.);
#1894=ORIENTED_EDGE('',*,*,#1474,.F.);
#1895=ORIENTED_EDGE('',*,*,#1490,.T.);
#1896=ORIENTED_EDGE('',*,*,#1491,.F.);
#1897=ORIENTED_EDGE('',*,*,#1492,.F.);
#1898=ORIENTED_EDGE('',*,*,#1468,.F.);
#1899=ORIENTED_EDGE('',*,*,#1493,.T.);
#1900=ORIENTED_EDGE('',*,*,#1494,.F.);
#1901=ORIENTED_EDGE('',*,*,#1480,.F.);
#1902=ORIENTED_EDGE('',*,*,#1494,.T.);
#1903=ORIENTED_EDGE('',*,*,#1495,.T.);
#1904=ORIENTED_EDGE('',*,*,#1478,.T.);
#1905=ORIENTED_EDGE('',*,*,#1496,.T.);
#1906=ORIENTED_EDGE('',*,*,#1491,.T.);
#1907=ORIENTED_EDGE('',*,*,#1489,.T.);
#1908=ORIENTED_EDGE('',*,*,#1487,.T.);
#1909=ORIENTED_EDGE('',*,*,#1485,.T.);
#1910=ORIENTED_EDGE('',*,*,#1483,.T.);
#1911=ORIENTED_EDGE('',*,*,#1481,.T.);
#1912=ORIENTED_EDGE('',*,*,#1465,.T.);
#1913=ORIENTED_EDGE('',*,*,#1497,.F.);
#1914=ORIENTED_EDGE('',*,*,#1476,.F.);
#1915=ORIENTED_EDGE('',*,*,#1498,.T.);
#1916=ORIENTED_EDGE('',*,*,#1461,.T.);
#1917=ORIENTED_EDGE('',*,*,#1499,.T.);
#1918=ORIENTED_EDGE('',*,*,#1500,.T.);
#1919=ORIENTED_EDGE('',*,*,#1501,.T.);
#1920=ORIENTED_EDGE('',*,*,#1502,.F.);
#1921=ORIENTED_EDGE('',*,*,#1503,.F.);
#1922=ORIENTED_EDGE('',*,*,#1504,.F.);
#1923=ORIENTED_EDGE('',*,*,#1505,.F.);
#1924=ORIENTED_EDGE('',*,*,#1499,.F.);
#1925=ORIENTED_EDGE('',*,*,#1460,.T.);
#1926=ORIENTED_EDGE('',*,*,#1466,.T.);
#1927=ORIENTED_EDGE('',*,*,#1498,.F.);
#1928=ORIENTED_EDGE('',*,*,#1479,.T.);
#1929=ORIENTED_EDGE('',*,*,#1495,.F.);
#1930=ORIENTED_EDGE('',*,*,#1493,.F.);
#1931=ORIENTED_EDGE('',*,*,#1467,.F.);
#1932=ORIENTED_EDGE('',*,*,#1457,.F.);
#1933=ORIENTED_EDGE('',*,*,#1458,.T.);
#1934=ORIENTED_EDGE('',*,*,#1451,.F.);
#1935=ORIENTED_EDGE('',*,*,#1506,.T.);
#1936=ORIENTED_EDGE('',*,*,#1507,.T.);
#1937=ORIENTED_EDGE('',*,*,#1508,.T.);
#1938=ORIENTED_EDGE('',*,*,#1509,.T.);
#1939=ORIENTED_EDGE('',*,*,#1510,.T.);
#1940=ORIENTED_EDGE('',*,*,#1511,.T.);
#1941=ORIENTED_EDGE('',*,*,#1512,.T.);
#1942=ORIENTED_EDGE('',*,*,#1504,.T.);
#1943=ORIENTED_EDGE('',*,*,#1513,.T.);
#1944=ORIENTED_EDGE('',*,*,#1514,.F.);
#1945=ORIENTED_EDGE('',*,*,#1515,.F.);
#1946=ORIENTED_EDGE('',*,*,#1503,.T.);
#1947=ORIENTED_EDGE('',*,*,#1516,.T.);
#1948=ORIENTED_EDGE('',*,*,#1517,.F.);
#1949=ORIENTED_EDGE('',*,*,#1513,.F.);
#1950=ORIENTED_EDGE('',*,*,#1450,.F.);
#1951=ORIENTED_EDGE('',*,*,#1518,.F.);
#1952=ORIENTED_EDGE('',*,*,#1516,.F.);
#1953=ORIENTED_EDGE('',*,*,#1502,.T.);
#1954=ORIENTED_EDGE('',*,*,#1519,.F.);
#1955=ORIENTED_EDGE('',*,*,#1520,.T.);
#1956=ORIENTED_EDGE('',*,*,#1506,.F.);
#1957=ORIENTED_EDGE('',*,*,#1520,.F.);
#1958=ORIENTED_EDGE('',*,*,#1521,.F.);
#1959=ORIENTED_EDGE('',*,*,#1522,.T.);
#1960=ORIENTED_EDGE('',*,*,#1507,.F.);
#1961=ORIENTED_EDGE('',*,*,#1522,.F.);
#1962=ORIENTED_EDGE('',*,*,#1523,.F.);
#1963=ORIENTED_EDGE('',*,*,#1524,.T.);
#1964=ORIENTED_EDGE('',*,*,#1508,.F.);
#1965=ORIENTED_EDGE('',*,*,#1524,.F.);
#1966=ORIENTED_EDGE('',*,*,#1525,.F.);
#1967=ORIENTED_EDGE('',*,*,#1526,.T.);
#1968=ORIENTED_EDGE('',*,*,#1509,.F.);
#1969=ORIENTED_EDGE('',*,*,#1526,.F.);
#1970=ORIENTED_EDGE('',*,*,#1527,.F.);
#1971=ORIENTED_EDGE('',*,*,#1528,.T.);
#1972=ORIENTED_EDGE('',*,*,#1510,.F.);
#1973=ORIENTED_EDGE('',*,*,#1528,.F.);
#1974=ORIENTED_EDGE('',*,*,#1529,.F.);
#1975=ORIENTED_EDGE('',*,*,#1530,.T.);
#1976=ORIENTED_EDGE('',*,*,#1511,.F.);
#1977=ORIENTED_EDGE('',*,*,#1530,.F.);
#1978=ORIENTED_EDGE('',*,*,#1531,.F.);
#1979=ORIENTED_EDGE('',*,*,#1532,.T.);
#1980=ORIENTED_EDGE('',*,*,#1512,.F.);
#1981=ORIENTED_EDGE('',*,*,#1532,.F.);
#1982=ORIENTED_EDGE('',*,*,#1500,.F.);
#1983=ORIENTED_EDGE('',*,*,#1505,.T.);
#1984=ORIENTED_EDGE('',*,*,#1515,.T.);
#1985=ORIENTED_EDGE('',*,*,#1533,.F.);
#1986=ORIENTED_EDGE('',*,*,#1501,.F.);
#1987=ORIENTED_EDGE('',*,*,#1533,.T.);
#1988=ORIENTED_EDGE('',*,*,#1514,.T.);
#1989=ORIENTED_EDGE('',*,*,#1517,.T.);
#1990=ORIENTED_EDGE('',*,*,#1518,.T.);
#1991=ORIENTED_EDGE('',*,*,#1453,.T.);
#1992=ORIENTED_EDGE('',*,*,#1459,.T.);
#1993=ORIENTED_EDGE('',*,*,#1455,.T.);
#1994=ORIENTED_EDGE('',*,*,#1475,.T.);
#1995=ORIENTED_EDGE('',*,*,#1492,.T.);
#1996=ORIENTED_EDGE('',*,*,#1496,.F.);
#1997=ORIENTED_EDGE('',*,*,#1477,.F.);
#1998=ORIENTED_EDGE('',*,*,#1497,.T.);
#1999=ORIENTED_EDGE('',*,*,#1464,.T.);
#2000=ORIENTED_EDGE('',*,*,#1462,.T.);
#2001=ORIENTED_EDGE('',*,*,#1531,.T.);
#2002=ORIENTED_EDGE('',*,*,#1529,.T.);
#2003=ORIENTED_EDGE('',*,*,#1527,.T.);
#2004=ORIENTED_EDGE('',*,*,#1525,.T.);
#2005=ORIENTED_EDGE('',*,*,#1523,.T.);
#2006=ORIENTED_EDGE('',*,*,#1521,.T.);
#2007=ORIENTED_EDGE('',*,*,#1519,.T.);
#2008=ORIENTED_EDGE('',*,*,#1534,.T.);
#2009=ORIENTED_EDGE('',*,*,#1535,.T.);
#2010=ORIENTED_EDGE('',*,*,#1536,.F.);
#2011=ORIENTED_EDGE('',*,*,#1537,.F.);
#2012=ORIENTED_EDGE('',*,*,#1538,.F.);
#2013=ORIENTED_EDGE('',*,*,#1539,.T.);
#2014=ORIENTED_EDGE('',*,*,#1540,.F.);
#2015=ORIENTED_EDGE('',*,*,#1541,.F.);
#2016=ORIENTED_EDGE('',*,*,#1542,.F.);
#2017=ORIENTED_EDGE('',*,*,#1541,.T.);
#2018=ORIENTED_EDGE('',*,*,#1543,.F.);
#2019=ORIENTED_EDGE('',*,*,#1544,.F.);
#2020=ORIENTED_EDGE('',*,*,#1545,.F.);
#2021=ORIENTED_EDGE('',*,*,#1544,.T.);
#2022=ORIENTED_EDGE('',*,*,#1546,.F.);
#2023=ORIENTED_EDGE('',*,*,#1547,.F.);
#2024=ORIENTED_EDGE('',*,*,#1548,.F.);
#2025=ORIENTED_EDGE('',*,*,#1547,.T.);
#2026=ORIENTED_EDGE('',*,*,#1549,.F.);
#2027=ORIENTED_EDGE('',*,*,#1550,.F.);
#2028=ORIENTED_EDGE('',*,*,#1551,.F.);
#2029=ORIENTED_EDGE('',*,*,#1550,.T.);
#2030=ORIENTED_EDGE('',*,*,#1552,.F.);
#2031=ORIENTED_EDGE('',*,*,#1553,.F.);
#2032=ORIENTED_EDGE('',*,*,#1554,.F.);
#2033=ORIENTED_EDGE('',*,*,#1553,.T.);
#2034=ORIENTED_EDGE('',*,*,#1555,.F.);
#2035=ORIENTED_EDGE('',*,*,#1556,.F.);
#2036=ORIENTED_EDGE('',*,*,#1557,.F.);
#2037=ORIENTED_EDGE('',*,*,#1558,.T.);
#2038=ORIENTED_EDGE('',*,*,#1559,.F.);
#2039=ORIENTED_EDGE('',*,*,#1539,.F.);
#2040=ORIENTED_EDGE('',*,*,#1559,.T.);
#2041=ORIENTED_EDGE('',*,*,#1560,.T.);
#2042=ORIENTED_EDGE('',*,*,#1536,.T.);
#2043=ORIENTED_EDGE('',*,*,#1561,.T.);
#2044=ORIENTED_EDGE('',*,*,#1555,.T.);
#2045=ORIENTED_EDGE('',*,*,#1552,.T.);
#2046=ORIENTED_EDGE('',*,*,#1549,.T.);
#2047=ORIENTED_EDGE('',*,*,#1546,.T.);
#2048=ORIENTED_EDGE('',*,*,#1543,.T.);
#2049=ORIENTED_EDGE('',*,*,#1540,.T.);
#2050=ORIENTED_EDGE('',*,*,#1562,.T.);
#2051=ORIENTED_EDGE('',*,*,#1563,.T.);
#2052=ORIENTED_EDGE('',*,*,#1564,.F.);
#2053=ORIENTED_EDGE('',*,*,#1534,.F.);
#2054=ORIENTED_EDGE('',*,*,#1565,.T.);
#2055=ORIENTED_EDGE('',*,*,#1566,.T.);
#2056=ORIENTED_EDGE('',*,*,#1567,.T.);
#2057=ORIENTED_EDGE('',*,*,#1568,.F.);
#2058=ORIENTED_EDGE('',*,*,#1569,.T.);
#2059=ORIENTED_EDGE('',*,*,#1570,.T.);
#2060=ORIENTED_EDGE('',*,*,#1571,.F.);
#2061=ORIENTED_EDGE('',*,*,#1567,.F.);
#2062=ORIENTED_EDGE('',*,*,#1572,.T.);
#2063=ORIENTED_EDGE('',*,*,#1573,.F.);
#2064=ORIENTED_EDGE('',*,*,#1570,.F.);
#2065=ORIENTED_EDGE('',*,*,#1574,.T.);
#2066=ORIENTED_EDGE('',*,*,#1575,.F.);
#2067=ORIENTED_EDGE('',*,*,#1576,.T.);
#2068=ORIENTED_EDGE('',*,*,#1577,.F.);
#2069=ORIENTED_EDGE('',*,*,#1576,.F.);
#2070=ORIENTED_EDGE('',*,*,#1578,.F.);
#2071=ORIENTED_EDGE('',*,*,#1579,.T.);
#2072=ORIENTED_EDGE('',*,*,#1580,.F.);
#2073=ORIENTED_EDGE('',*,*,#1579,.F.);
#2074=ORIENTED_EDGE('',*,*,#1581,.F.);
#2075=ORIENTED_EDGE('',*,*,#1582,.T.);
#2076=ORIENTED_EDGE('',*,*,#1583,.F.);
#2077=ORIENTED_EDGE('',*,*,#1582,.F.);
#2078=ORIENTED_EDGE('',*,*,#1584,.F.);
#2079=ORIENTED_EDGE('',*,*,#1585,.T.);
#2080=ORIENTED_EDGE('',*,*,#1586,.F.);
#2081=ORIENTED_EDGE('',*,*,#1585,.F.);
#2082=ORIENTED_EDGE('',*,*,#1587,.F.);
#2083=ORIENTED_EDGE('',*,*,#1588,.T.);
#2084=ORIENTED_EDGE('',*,*,#1589,.T.);
#2085=ORIENTED_EDGE('',*,*,#1588,.F.);
#2086=ORIENTED_EDGE('',*,*,#1590,.F.);
#2087=ORIENTED_EDGE('',*,*,#1591,.T.);
#2088=ORIENTED_EDGE('',*,*,#1592,.F.);
#2089=ORIENTED_EDGE('',*,*,#1591,.F.);
#2090=ORIENTED_EDGE('',*,*,#1593,.F.);
#2091=ORIENTED_EDGE('',*,*,#1594,.T.);
#2092=ORIENTED_EDGE('',*,*,#1595,.F.);
#2093=ORIENTED_EDGE('',*,*,#1594,.F.);
#2094=ORIENTED_EDGE('',*,*,#1596,.F.);
#2095=ORIENTED_EDGE('',*,*,#1589,.F.);
#2096=ORIENTED_EDGE('',*,*,#1597,.F.);
#2097=ORIENTED_EDGE('',*,*,#1598,.T.);
#2098=ORIENTED_EDGE('',*,*,#1596,.T.);
#2099=ORIENTED_EDGE('',*,*,#1598,.F.);
#2100=ORIENTED_EDGE('',*,*,#1599,.F.);
#2101=ORIENTED_EDGE('',*,*,#1600,.T.);
#2102=ORIENTED_EDGE('',*,*,#1601,.T.);
#2103=ORIENTED_EDGE('',*,*,#1602,.T.);
#2104=ORIENTED_EDGE('',*,*,#1574,.F.);
#2105=ORIENTED_EDGE('',*,*,#1569,.F.);
#2106=ORIENTED_EDGE('',*,*,#1566,.F.);
#2107=ORIENTED_EDGE('',*,*,#1603,.T.);
#2108=ORIENTED_EDGE('',*,*,#1604,.T.);
#2109=ORIENTED_EDGE('',*,*,#1605,.T.);
#2110=ORIENTED_EDGE('',*,*,#1606,.T.);
#2111=ORIENTED_EDGE('',*,*,#1562,.F.);
#2112=ORIENTED_EDGE('',*,*,#1537,.T.);
#2113=ORIENTED_EDGE('',*,*,#1560,.F.);
#2114=ORIENTED_EDGE('',*,*,#1558,.F.);
#2115=ORIENTED_EDGE('',*,*,#1607,.T.);
#2116=ORIENTED_EDGE('',*,*,#1608,.T.);
#2117=ORIENTED_EDGE('',*,*,#1609,.T.);
#2118=ORIENTED_EDGE('',*,*,#1610,.T.);
#2119=ORIENTED_EDGE('',*,*,#1586,.T.);
#2120=ORIENTED_EDGE('',*,*,#1583,.T.);
#2121=ORIENTED_EDGE('',*,*,#1580,.T.);
#2122=ORIENTED_EDGE('',*,*,#1597,.T.);
#2123=ORIENTED_EDGE('',*,*,#1577,.T.);
#2124=ORIENTED_EDGE('',*,*,#1592,.T.);
#2125=ORIENTED_EDGE('',*,*,#1595,.T.);
#2126=ORIENTED_EDGE('',*,*,#1611,.T.);
#2127=ORIENTED_EDGE('',*,*,#1612,.F.);
#2128=ORIENTED_EDGE('',*,*,#1563,.F.);
#2129=ORIENTED_EDGE('',*,*,#1606,.F.);
#2130=ORIENTED_EDGE('',*,*,#1613,.F.);
#2131=ORIENTED_EDGE('',*,*,#1614,.T.);
#2132=ORIENTED_EDGE('',*,*,#1599,.T.);
#2133=ORIENTED_EDGE('',*,*,#1557,.T.);
#2134=ORIENTED_EDGE('',*,*,#1538,.T.);
#2135=ORIENTED_EDGE('',*,*,#1542,.T.);
#2136=ORIENTED_EDGE('',*,*,#1545,.T.);
#2137=ORIENTED_EDGE('',*,*,#1548,.T.);
#2138=ORIENTED_EDGE('',*,*,#1551,.T.);
#2139=ORIENTED_EDGE('',*,*,#1554,.T.);
#2140=ORIENTED_EDGE('',*,*,#1601,.F.);
#2141=ORIENTED_EDGE('',*,*,#1615,.T.);
#2142=ORIENTED_EDGE('',*,*,#1616,.F.);
#2143=ORIENTED_EDGE('',*,*,#1617,.F.);
#2144=ORIENTED_EDGE('',*,*,#1614,.F.);
#2145=ORIENTED_EDGE('',*,*,#1618,.F.);
#2146=ORIENTED_EDGE('',*,*,#1615,.F.);
#2147=ORIENTED_EDGE('',*,*,#1600,.F.);
#2148=ORIENTED_EDGE('',*,*,#1604,.F.);
#2149=ORIENTED_EDGE('',*,*,#1619,.T.);
#2150=ORIENTED_EDGE('',*,*,#1620,.F.);
#2151=ORIENTED_EDGE('',*,*,#1621,.F.);
#2152=ORIENTED_EDGE('',*,*,#1611,.F.);
#2153=ORIENTED_EDGE('',*,*,#1605,.F.);
#2154=ORIENTED_EDGE('',*,*,#1621,.T.);
#2155=ORIENTED_EDGE('',*,*,#1622,.F.);
#2156=ORIENTED_EDGE('',*,*,#1572,.F.);
#2157=ORIENTED_EDGE('',*,*,#1602,.F.);
#2158=ORIENTED_EDGE('',*,*,#1617,.T.);
#2159=ORIENTED_EDGE('',*,*,#1623,.F.);
#2160=ORIENTED_EDGE('',*,*,#1565,.F.);
#2161=ORIENTED_EDGE('',*,*,#1624,.F.);
#2162=ORIENTED_EDGE('',*,*,#1619,.F.);
#2163=ORIENTED_EDGE('',*,*,#1603,.F.);
#2164=ORIENTED_EDGE('',*,*,#1610,.F.);
#2165=ORIENTED_EDGE('',*,*,#1625,.T.);
#2166=ORIENTED_EDGE('',*,*,#1626,.F.);
#2167=ORIENTED_EDGE('',*,*,#1625,.F.);
#2168=ORIENTED_EDGE('',*,*,#1609,.F.);
#2169=ORIENTED_EDGE('',*,*,#1627,.T.);
#2170=ORIENTED_EDGE('',*,*,#1628,.F.);
#2171=ORIENTED_EDGE('',*,*,#1627,.F.);
#2172=ORIENTED_EDGE('',*,*,#1608,.F.);
#2173=ORIENTED_EDGE('',*,*,#1629,.T.);
#2174=ORIENTED_EDGE('',*,*,#1630,.F.);
#2175=ORIENTED_EDGE('',*,*,#1629,.F.);
#2176=ORIENTED_EDGE('',*,*,#1607,.F.);
#2177=ORIENTED_EDGE('',*,*,#1631,.T.);
#2178=ORIENTED_EDGE('',*,*,#1632,.F.);
#2179=ORIENTED_EDGE('',*,*,#1631,.F.);
#2180=ORIENTED_EDGE('',*,*,#1612,.T.);
#2181=ORIENTED_EDGE('',*,*,#1622,.T.);
#2182=ORIENTED_EDGE('',*,*,#1620,.T.);
#2183=ORIENTED_EDGE('',*,*,#1624,.T.);
#2184=ORIENTED_EDGE('',*,*,#1568,.T.);
#2185=ORIENTED_EDGE('',*,*,#1571,.T.);
#2186=ORIENTED_EDGE('',*,*,#1573,.T.);
#2187=ORIENTED_EDGE('',*,*,#1623,.T.);
#2188=ORIENTED_EDGE('',*,*,#1616,.T.);
#2189=ORIENTED_EDGE('',*,*,#1618,.T.);
#2190=ORIENTED_EDGE('',*,*,#1613,.T.);
#2191=ORIENTED_EDGE('',*,*,#1556,.T.);
#2192=ORIENTED_EDGE('',*,*,#1561,.F.);
#2193=ORIENTED_EDGE('',*,*,#1535,.F.);
#2194=ORIENTED_EDGE('',*,*,#1564,.T.);
#2195=ORIENTED_EDGE('',*,*,#1587,.T.);
#2196=ORIENTED_EDGE('',*,*,#1584,.T.);
#2197=ORIENTED_EDGE('',*,*,#1581,.T.);
#2198=ORIENTED_EDGE('',*,*,#1578,.T.);
#2199=ORIENTED_EDGE('',*,*,#1593,.T.);
#2200=ORIENTED_EDGE('',*,*,#1590,.T.);
#2201=ORIENTED_EDGE('',*,*,#1575,.T.);
#2202=ORIENTED_EDGE('',*,*,#1626,.T.);
#2203=ORIENTED_EDGE('',*,*,#1628,.T.);
#2204=ORIENTED_EDGE('',*,*,#1630,.T.);
#2205=ORIENTED_EDGE('',*,*,#1632,.T.);
#2206=ORIENTED_EDGE('',*,*,#1633,.F.);
#2207=ORIENTED_EDGE('',*,*,#1634,.T.);
#2208=ORIENTED_EDGE('',*,*,#1635,.T.);
#2209=ORIENTED_EDGE('',*,*,#1634,.F.);
#2210=ORIENTED_EDGE('',*,*,#1636,.F.);
#2211=ORIENTED_EDGE('',*,*,#1637,.T.);
#2212=ORIENTED_EDGE('',*,*,#1638,.T.);
#2213=ORIENTED_EDGE('',*,*,#1637,.F.);
#2214=ORIENTED_EDGE('',*,*,#1639,.F.);
#2215=ORIENTED_EDGE('',*,*,#1640,.T.);
#2216=ORIENTED_EDGE('',*,*,#1641,.T.);
#2217=ORIENTED_EDGE('',*,*,#1640,.F.);
#2218=ORIENTED_EDGE('',*,*,#1642,.F.);
#2219=ORIENTED_EDGE('',*,*,#1643,.T.);
#2220=ORIENTED_EDGE('',*,*,#1644,.F.);
#2221=ORIENTED_EDGE('',*,*,#1645,.F.);
#2222=ORIENTED_EDGE('',*,*,#1646,.F.);
#2223=ORIENTED_EDGE('',*,*,#1645,.T.);
#2224=ORIENTED_EDGE('',*,*,#1647,.F.);
#2225=ORIENTED_EDGE('',*,*,#1648,.F.);
#2226=ORIENTED_EDGE('',*,*,#1649,.T.);
#2227=ORIENTED_EDGE('',*,*,#1648,.T.);
#2228=ORIENTED_EDGE('',*,*,#1650,.F.);
#2229=ORIENTED_EDGE('',*,*,#1651,.F.);
#2230=ORIENTED_EDGE('',*,*,#1652,.T.);
#2231=ORIENTED_EDGE('',*,*,#1651,.T.);
#2232=ORIENTED_EDGE('',*,*,#1653,.F.);
#2233=ORIENTED_EDGE('',*,*,#1654,.F.);
#2234=ORIENTED_EDGE('',*,*,#1655,.F.);
#2235=ORIENTED_EDGE('',*,*,#1654,.T.);
#2236=ORIENTED_EDGE('',*,*,#1656,.F.);
#2237=ORIENTED_EDGE('',*,*,#1657,.F.);
#2238=ORIENTED_EDGE('',*,*,#1658,.T.);
#2239=ORIENTED_EDGE('',*,*,#1657,.T.);
#2240=ORIENTED_EDGE('',*,*,#1659,.F.);
#2241=ORIENTED_EDGE('',*,*,#1660,.F.);
#2242=ORIENTED_EDGE('',*,*,#1661,.F.);
#2243=ORIENTED_EDGE('',*,*,#1660,.T.);
#2244=ORIENTED_EDGE('',*,*,#1662,.F.);
#2245=ORIENTED_EDGE('',*,*,#1663,.F.);
#2246=ORIENTED_EDGE('',*,*,#1664,.F.);
#2247=ORIENTED_EDGE('',*,*,#1663,.T.);
#2248=ORIENTED_EDGE('',*,*,#1665,.F.);
#2249=ORIENTED_EDGE('',*,*,#1666,.F.);
#2250=ORIENTED_EDGE('',*,*,#1667,.T.);
#2251=ORIENTED_EDGE('',*,*,#1666,.T.);
#2252=ORIENTED_EDGE('',*,*,#1668,.F.);
#2253=ORIENTED_EDGE('',*,*,#1669,.F.);
#2254=ORIENTED_EDGE('',*,*,#1670,.T.);
#2255=ORIENTED_EDGE('',*,*,#1669,.T.);
#2256=ORIENTED_EDGE('',*,*,#1671,.F.);
#2257=ORIENTED_EDGE('',*,*,#1672,.F.);
#2258=ORIENTED_EDGE('',*,*,#1673,.F.);
#2259=ORIENTED_EDGE('',*,*,#1672,.T.);
#2260=ORIENTED_EDGE('',*,*,#1674,.F.);
#2261=ORIENTED_EDGE('',*,*,#1675,.F.);
#2262=ORIENTED_EDGE('',*,*,#1676,.T.);
#2263=ORIENTED_EDGE('',*,*,#1675,.T.);
#2264=ORIENTED_EDGE('',*,*,#1677,.F.);
#2265=ORIENTED_EDGE('',*,*,#1643,.F.);
#2266=ORIENTED_EDGE('',*,*,#1677,.T.);
#2267=ORIENTED_EDGE('',*,*,#1674,.T.);
#2268=ORIENTED_EDGE('',*,*,#1671,.T.);
#2269=ORIENTED_EDGE('',*,*,#1668,.T.);
#2270=ORIENTED_EDGE('',*,*,#1665,.T.);
#2271=ORIENTED_EDGE('',*,*,#1662,.T.);
#2272=ORIENTED_EDGE('',*,*,#1659,.T.);
#2273=ORIENTED_EDGE('',*,*,#1656,.T.);
#2274=ORIENTED_EDGE('',*,*,#1653,.T.);
#2275=ORIENTED_EDGE('',*,*,#1650,.T.);
#2276=ORIENTED_EDGE('',*,*,#1647,.T.);
#2277=ORIENTED_EDGE('',*,*,#1644,.T.);
#2278=ORIENTED_EDGE('',*,*,#1639,.T.);
#2279=ORIENTED_EDGE('',*,*,#1636,.T.);
#2280=ORIENTED_EDGE('',*,*,#1633,.T.);
#2281=ORIENTED_EDGE('',*,*,#1676,.F.);
#2282=ORIENTED_EDGE('',*,*,#1642,.T.);
#2283=ORIENTED_EDGE('',*,*,#1646,.T.);
#2284=ORIENTED_EDGE('',*,*,#1649,.F.);
#2285=ORIENTED_EDGE('',*,*,#1652,.F.);
#2286=ORIENTED_EDGE('',*,*,#1655,.T.);
#2287=ORIENTED_EDGE('',*,*,#1658,.F.);
#2288=ORIENTED_EDGE('',*,*,#1661,.T.);
#2289=ORIENTED_EDGE('',*,*,#1664,.T.);
#2290=ORIENTED_EDGE('',*,*,#1667,.F.);
#2291=ORIENTED_EDGE('',*,*,#1670,.F.);
#2292=ORIENTED_EDGE('',*,*,#1673,.T.);
#2293=ORIENTED_EDGE('',*,*,#1641,.F.);
#2294=ORIENTED_EDGE('',*,*,#1638,.F.);
#2295=ORIENTED_EDGE('',*,*,#1635,.F.);
#2296=ORIENTED_EDGE('',*,*,#1678,.F.);
#2297=ORIENTED_EDGE('',*,*,#1679,.F.);
#2298=ORIENTED_EDGE('',*,*,#1680,.F.);
#2299=ORIENTED_EDGE('',*,*,#1681,.F.);
#2300=ORIENTED_EDGE('',*,*,#1682,.F.);
#2301=ORIENTED_EDGE('',*,*,#1683,.F.);
#2302=ORIENTED_EDGE('',*,*,#1684,.F.);
#2303=ORIENTED_EDGE('',*,*,#1685,.F.);
#2304=ORIENTED_EDGE('',*,*,#1686,.F.);
#2305=ORIENTED_EDGE('',*,*,#1687,.F.);
#2306=ORIENTED_EDGE('',*,*,#1688,.F.);
#2307=ORIENTED_EDGE('',*,*,#1689,.F.);
#2308=ORIENTED_EDGE('',*,*,#1690,.F.);
#2309=ORIENTED_EDGE('',*,*,#1691,.F.);
#2310=ORIENTED_EDGE('',*,*,#1692,.F.);
#2311=ORIENTED_EDGE('',*,*,#1693,.F.);
#2312=ORIENTED_EDGE('',*,*,#1694,.F.);
#2313=ORIENTED_EDGE('',*,*,#1695,.F.);
#2314=ORIENTED_EDGE('',*,*,#1696,.F.);
#2315=ORIENTED_EDGE('',*,*,#1697,.F.);
#2316=ORIENTED_EDGE('',*,*,#1698,.F.);
#2317=ORIENTED_EDGE('',*,*,#1699,.F.);
#2318=ORIENTED_EDGE('',*,*,#1700,.F.);
#2319=ORIENTED_EDGE('',*,*,#1701,.F.);
#2320=ORIENTED_EDGE('',*,*,#1702,.F.);
#2321=ORIENTED_EDGE('',*,*,#1703,.F.);
#2322=ORIENTED_EDGE('',*,*,#1704,.T.);
#2323=ORIENTED_EDGE('',*,*,#1705,.F.);
#2324=ORIENTED_EDGE('',*,*,#1706,.F.);
#2325=ORIENTED_EDGE('',*,*,#1707,.F.);
#2326=ORIENTED_EDGE('',*,*,#1708,.F.);
#2327=ORIENTED_EDGE('',*,*,#1709,.F.);
#2328=ORIENTED_EDGE('',*,*,#1710,.T.);
#2329=ORIENTED_EDGE('',*,*,#1711,.F.);
#2330=ORIENTED_EDGE('',*,*,#1710,.F.);
#2331=ORIENTED_EDGE('',*,*,#1712,.F.);
#2332=ORIENTED_EDGE('',*,*,#1713,.T.);
#2333=ORIENTED_EDGE('',*,*,#1714,.F.);
#2334=ORIENTED_EDGE('',*,*,#1713,.F.);
#2335=ORIENTED_EDGE('',*,*,#1715,.F.);
#2336=ORIENTED_EDGE('',*,*,#1716,.T.);
#2337=ORIENTED_EDGE('',*,*,#1691,.T.);
#2338=ORIENTED_EDGE('',*,*,#1717,.F.);
#2339=ORIENTED_EDGE('',*,*,#1689,.T.);
#2340=ORIENTED_EDGE('',*,*,#1718,.F.);
#2341=ORIENTED_EDGE('',*,*,#1692,.T.);
#2342=ORIENTED_EDGE('',*,*,#1716,.F.);
#2343=ORIENTED_EDGE('',*,*,#1719,.F.);
#2344=ORIENTED_EDGE('',*,*,#1720,.T.);
#2345=ORIENTED_EDGE('',*,*,#1681,.T.);
#2346=ORIENTED_EDGE('',*,*,#1721,.F.);
#2347=ORIENTED_EDGE('',*,*,#1679,.T.);
#2348=ORIENTED_EDGE('',*,*,#1722,.F.);
#2349=ORIENTED_EDGE('',*,*,#1682,.T.);
#2350=ORIENTED_EDGE('',*,*,#1720,.F.);
#2351=ORIENTED_EDGE('',*,*,#1723,.F.);
#2352=ORIENTED_EDGE('',*,*,#1724,.T.);
#2353=ORIENTED_EDGE('',*,*,#1686,.T.);
#2354=ORIENTED_EDGE('',*,*,#1725,.F.);
#2355=ORIENTED_EDGE('',*,*,#1684,.T.);
#2356=ORIENTED_EDGE('',*,*,#1726,.F.);
#2357=ORIENTED_EDGE('',*,*,#1687,.T.);
#2358=ORIENTED_EDGE('',*,*,#1724,.F.);
#2359=ORIENTED_EDGE('',*,*,#1694,.T.);
#2360=ORIENTED_EDGE('',*,*,#1727,.T.);
#2361=ORIENTED_EDGE('',*,*,#1728,.F.);
#2362=ORIENTED_EDGE('',*,*,#1729,.F.);
#2363=ORIENTED_EDGE('',*,*,#1695,.T.);
#2364=ORIENTED_EDGE('',*,*,#1729,.T.);
#2365=ORIENTED_EDGE('',*,*,#1730,.F.);
#2366=ORIENTED_EDGE('',*,*,#1731,.F.);
#2367=ORIENTED_EDGE('',*,*,#1696,.T.);
#2368=ORIENTED_EDGE('',*,*,#1731,.T.);
#2369=ORIENTED_EDGE('',*,*,#1732,.F.);
#2370=ORIENTED_EDGE('',*,*,#1733,.F.);
#2371=ORIENTED_EDGE('',*,*,#1693,.T.);
#2372=ORIENTED_EDGE('',*,*,#1733,.T.);
#2373=ORIENTED_EDGE('',*,*,#1734,.F.);
#2374=ORIENTED_EDGE('',*,*,#1727,.F.);
#2375=ORIENTED_EDGE('',*,*,#1734,.T.);
#2376=ORIENTED_EDGE('',*,*,#1732,.T.);
#2377=ORIENTED_EDGE('',*,*,#1730,.T.);
#2378=ORIENTED_EDGE('',*,*,#1728,.T.);
#2379=ORIENTED_EDGE('',*,*,#1723,.T.);
#2380=ORIENTED_EDGE('',*,*,#1719,.T.);
#2381=ORIENTED_EDGE('',*,*,#1715,.T.);
#2382=ORIENTED_EDGE('',*,*,#1712,.T.);
#2383=ORIENTED_EDGE('',*,*,#1709,.T.);
#2384=ORIENTED_EDGE('',*,*,#1722,.T.);
#2385=ORIENTED_EDGE('',*,*,#1735,.F.);
#2386=ORIENTED_EDGE('',*,*,#1726,.T.);
#2387=ORIENTED_EDGE('',*,*,#1736,.F.);
#2388=ORIENTED_EDGE('',*,*,#1718,.T.);
#2389=ORIENTED_EDGE('',*,*,#1737,.F.);
#2390=ORIENTED_EDGE('',*,*,#1738,.F.);
#2391=ORIENTED_EDGE('',*,*,#1739,.F.);
#2392=ORIENTED_EDGE('',*,*,#1740,.T.);
#2393=ORIENTED_EDGE('',*,*,#1741,.F.);
#2394=ORIENTED_EDGE('',*,*,#1711,.T.);
#2395=ORIENTED_EDGE('',*,*,#1703,.T.);
#2396=ORIENTED_EDGE('',*,*,#1742,.T.);
#2397=ORIENTED_EDGE('',*,*,#1739,.T.);
#2398=ORIENTED_EDGE('',*,*,#1743,.T.);
#2399=ORIENTED_EDGE('',*,*,#1721,.T.);
#2400=ORIENTED_EDGE('',*,*,#1744,.F.);
#2401=ORIENTED_EDGE('',*,*,#1745,.T.);
#2402=ORIENTED_EDGE('',*,*,#1746,.F.);
#2403=ORIENTED_EDGE('',*,*,#1747,.F.);
#2404=ORIENTED_EDGE('',*,*,#1748,.F.);
#2405=ORIENTED_EDGE('',*,*,#1717,.T.);
#2406=ORIENTED_EDGE('',*,*,#1749,.F.);
#2407=ORIENTED_EDGE('',*,*,#1725,.T.);
#2408=ORIENTED_EDGE('',*,*,#1750,.F.);
#2409=ORIENTED_EDGE('',*,*,#1714,.T.);
#2410=ORIENTED_EDGE('',*,*,#1701,.T.);
#2411=ORIENTED_EDGE('',*,*,#1751,.T.);
#2412=ORIENTED_EDGE('',*,*,#1746,.T.);
#2413=ORIENTED_EDGE('',*,*,#1752,.T.);
#2414=ORIENTED_EDGE('',*,*,#1744,.T.);
#2415=ORIENTED_EDGE('',*,*,#1680,.T.);
#2416=ORIENTED_EDGE('',*,*,#1750,.T.);
#2417=ORIENTED_EDGE('',*,*,#1685,.T.);
#2418=ORIENTED_EDGE('',*,*,#1749,.T.);
#2419=ORIENTED_EDGE('',*,*,#1690,.T.);
#2420=ORIENTED_EDGE('',*,*,#1748,.T.);
#2421=ORIENTED_EDGE('',*,*,#1753,.T.);
#2422=ORIENTED_EDGE('',*,*,#1754,.T.);
#2423=ORIENTED_EDGE('',*,*,#1755,.T.);
#2424=ORIENTED_EDGE('',*,*,#1756,.T.);
#2425=ORIENTED_EDGE('',*,*,#1757,.T.);
#2426=ORIENTED_EDGE('',*,*,#1758,.T.);
#2427=ORIENTED_EDGE('',*,*,#1759,.T.);
#2428=ORIENTED_EDGE('',*,*,#1760,.T.);
#2429=ORIENTED_EDGE('',*,*,#1761,.F.);
#2430=ORIENTED_EDGE('',*,*,#1762,.T.);
#2431=ORIENTED_EDGE('',*,*,#1753,.F.);
#2432=ORIENTED_EDGE('',*,*,#1747,.T.);
#2433=ORIENTED_EDGE('',*,*,#1751,.F.);
#2434=ORIENTED_EDGE('',*,*,#1704,.F.);
#2435=ORIENTED_EDGE('',*,*,#1743,.F.);
#2436=ORIENTED_EDGE('',*,*,#1738,.T.);
#2437=ORIENTED_EDGE('',*,*,#1756,.F.);
#2438=ORIENTED_EDGE('',*,*,#1763,.T.);
#2439=ORIENTED_EDGE('',*,*,#1764,.T.);
#2440=ORIENTED_EDGE('',*,*,#1763,.F.);
#2441=ORIENTED_EDGE('',*,*,#1757,.F.);
#2442=ORIENTED_EDGE('',*,*,#1765,.T.);
#2443=ORIENTED_EDGE('',*,*,#1766,.T.);
#2444=ORIENTED_EDGE('',*,*,#1765,.F.);
#2445=ORIENTED_EDGE('',*,*,#1758,.F.);
#2446=ORIENTED_EDGE('',*,*,#1767,.T.);
#2447=ORIENTED_EDGE('',*,*,#1768,.T.);
#2448=ORIENTED_EDGE('',*,*,#1767,.F.);
#2449=ORIENTED_EDGE('',*,*,#1759,.F.);
#2450=ORIENTED_EDGE('',*,*,#1769,.T.);
#2451=ORIENTED_EDGE('',*,*,#1770,.T.);
#2452=ORIENTED_EDGE('',*,*,#1769,.F.);
#2453=ORIENTED_EDGE('',*,*,#1760,.F.);
#2454=ORIENTED_EDGE('',*,*,#1771,.T.);
#2455=ORIENTED_EDGE('',*,*,#1772,.T.);
#2456=ORIENTED_EDGE('',*,*,#1771,.F.);
#2457=ORIENTED_EDGE('',*,*,#1755,.F.);
#2458=ORIENTED_EDGE('',*,*,#1773,.F.);
#2459=ORIENTED_EDGE('',*,*,#1774,.T.);
#2460=ORIENTED_EDGE('',*,*,#1740,.F.);
#2461=ORIENTED_EDGE('',*,*,#1742,.F.);
#2462=ORIENTED_EDGE('',*,*,#1702,.T.);
#2463=ORIENTED_EDGE('',*,*,#1752,.F.);
#2464=ORIENTED_EDGE('',*,*,#1745,.F.);
#2465=ORIENTED_EDGE('',*,*,#1775,.T.);
#2466=ORIENTED_EDGE('',*,*,#1773,.T.);
#2467=ORIENTED_EDGE('',*,*,#1754,.F.);
#2468=ORIENTED_EDGE('',*,*,#1762,.F.);
#2469=ORIENTED_EDGE('',*,*,#1737,.T.);
#2470=ORIENTED_EDGE('',*,*,#1688,.T.);
#2471=ORIENTED_EDGE('',*,*,#1736,.T.);
#2472=ORIENTED_EDGE('',*,*,#1683,.T.);
#2473=ORIENTED_EDGE('',*,*,#1735,.T.);
#2474=ORIENTED_EDGE('',*,*,#1678,.T.);
#2475=ORIENTED_EDGE('',*,*,#1741,.T.);
#2476=ORIENTED_EDGE('',*,*,#1774,.F.);
#2477=ORIENTED_EDGE('',*,*,#1775,.F.);
#2478=ORIENTED_EDGE('',*,*,#1761,.T.);
#2479=ORIENTED_EDGE('',*,*,#1772,.F.);
#2480=ORIENTED_EDGE('',*,*,#1770,.F.);
#2481=ORIENTED_EDGE('',*,*,#1768,.F.);
#2482=ORIENTED_EDGE('',*,*,#1766,.F.);
#2483=ORIENTED_EDGE('',*,*,#1764,.F.);
#2484=ORIENTED_EDGE('',*,*,#1699,.T.);
#2485=ORIENTED_EDGE('',*,*,#1776,.T.);
#2486=ORIENTED_EDGE('',*,*,#1777,.F.);
#2487=ORIENTED_EDGE('',*,*,#1778,.F.);
#2488=ORIENTED_EDGE('',*,*,#1697,.T.);
#2489=ORIENTED_EDGE('',*,*,#1779,.T.);
#2490=ORIENTED_EDGE('',*,*,#1780,.F.);
#2491=ORIENTED_EDGE('',*,*,#1781,.F.);
#2492=ORIENTED_EDGE('',*,*,#1777,.T.);
#2493=ORIENTED_EDGE('',*,*,#1782,.T.);
#2494=ORIENTED_EDGE('',*,*,#1783,.T.);
#2495=ORIENTED_EDGE('',*,*,#1784,.T.);
#2496=ORIENTED_EDGE('',*,*,#1785,.T.);
#2497=ORIENTED_EDGE('',*,*,#1786,.T.);
#2498=ORIENTED_EDGE('',*,*,#1780,.T.);
#2499=ORIENTED_EDGE('',*,*,#1787,.T.);
#2500=ORIENTED_EDGE('',*,*,#1788,.T.);
#2501=ORIENTED_EDGE('',*,*,#1789,.T.);
#2502=ORIENTED_EDGE('',*,*,#1790,.T.);
#2503=ORIENTED_EDGE('',*,*,#1791,.T.);
#2504=ORIENTED_EDGE('',*,*,#1790,.F.);
#2505=ORIENTED_EDGE('',*,*,#1792,.T.);
#2506=ORIENTED_EDGE('',*,*,#1793,.T.);
#2507=ORIENTED_EDGE('',*,*,#1792,.F.);
#2508=ORIENTED_EDGE('',*,*,#1791,.F.);
#2509=ORIENTED_EDGE('',*,*,#1794,.T.);
#2510=ORIENTED_EDGE('',*,*,#1795,.T.);
#2511=ORIENTED_EDGE('',*,*,#1794,.F.);
#2512=ORIENTED_EDGE('',*,*,#1786,.F.);
#2513=ORIENTED_EDGE('',*,*,#1796,.T.);
#2514=ORIENTED_EDGE('',*,*,#1797,.T.);
#2515=ORIENTED_EDGE('',*,*,#1796,.F.);
#2516=ORIENTED_EDGE('',*,*,#1785,.F.);
#2517=ORIENTED_EDGE('',*,*,#1798,.T.);
#2518=ORIENTED_EDGE('',*,*,#1799,.T.);
#2519=ORIENTED_EDGE('',*,*,#1798,.F.);
#2520=ORIENTED_EDGE('',*,*,#1800,.F.);
#2521=ORIENTED_EDGE('',*,*,#1801,.T.);
#2522=ORIENTED_EDGE('',*,*,#1787,.F.);
#2523=ORIENTED_EDGE('',*,*,#1779,.F.);
#2524=ORIENTED_EDGE('',*,*,#1700,.T.);
#2525=ORIENTED_EDGE('',*,*,#1778,.T.);
#2526=ORIENTED_EDGE('',*,*,#1784,.F.);
#2527=ORIENTED_EDGE('',*,*,#1802,.F.);
#2528=ORIENTED_EDGE('',*,*,#1803,.F.);
#2529=ORIENTED_EDGE('',*,*,#1802,.T.);
#2530=ORIENTED_EDGE('',*,*,#1783,.F.);
#2531=ORIENTED_EDGE('',*,*,#1804,.F.);
#2532=ORIENTED_EDGE('',*,*,#1805,.F.);
#2533=ORIENTED_EDGE('',*,*,#1804,.T.);
#2534=ORIENTED_EDGE('',*,*,#1782,.F.);
#2535=ORIENTED_EDGE('',*,*,#1776,.F.);
#2536=ORIENTED_EDGE('',*,*,#1698,.T.);
#2537=ORIENTED_EDGE('',*,*,#1781,.T.);
#2538=ORIENTED_EDGE('',*,*,#1789,.F.);
#2539=ORIENTED_EDGE('',*,*,#1806,.F.);
#2540=ORIENTED_EDGE('',*,*,#1807,.T.);
#2541=ORIENTED_EDGE('',*,*,#1806,.T.);
#2542=ORIENTED_EDGE('',*,*,#1788,.F.);
#2543=ORIENTED_EDGE('',*,*,#1801,.F.);
#2544=ORIENTED_EDGE('',*,*,#1807,.F.);
#2545=ORIENTED_EDGE('',*,*,#1800,.T.);
#2546=ORIENTED_EDGE('',*,*,#1803,.T.);
#2547=ORIENTED_EDGE('',*,*,#1805,.T.);
#2548=ORIENTED_EDGE('',*,*,#1799,.F.);
#2549=ORIENTED_EDGE('',*,*,#1797,.F.);
#2550=ORIENTED_EDGE('',*,*,#1795,.F.);
#2551=ORIENTED_EDGE('',*,*,#1793,.F.);
#2552=ORIENTED_EDGE('',*,*,#1707,.T.);
#2553=ORIENTED_EDGE('',*,*,#1808,.T.);
#2554=ORIENTED_EDGE('',*,*,#1809,.F.);
#2555=ORIENTED_EDGE('',*,*,#1810,.F.);
#2556=ORIENTED_EDGE('',*,*,#1705,.T.);
#2557=ORIENTED_EDGE('',*,*,#1811,.T.);
#2558=ORIENTED_EDGE('',*,*,#1812,.F.);
#2559=ORIENTED_EDGE('',*,*,#1813,.F.);
#2560=ORIENTED_EDGE('',*,*,#1809,.T.);
#2561=ORIENTED_EDGE('',*,*,#1814,.T.);
#2562=ORIENTED_EDGE('',*,*,#1815,.T.);
#2563=ORIENTED_EDGE('',*,*,#1816,.T.);
#2564=ORIENTED_EDGE('',*,*,#1817,.T.);
#2565=ORIENTED_EDGE('',*,*,#1818,.T.);
#2566=ORIENTED_EDGE('',*,*,#1812,.T.);
#2567=ORIENTED_EDGE('',*,*,#1819,.T.);
#2568=ORIENTED_EDGE('',*,*,#1820,.T.);
#2569=ORIENTED_EDGE('',*,*,#1821,.T.);
#2570=ORIENTED_EDGE('',*,*,#1822,.T.);
#2571=ORIENTED_EDGE('',*,*,#1823,.T.);
#2572=ORIENTED_EDGE('',*,*,#1818,.F.);
#2573=ORIENTED_EDGE('',*,*,#1824,.T.);
#2574=ORIENTED_EDGE('',*,*,#1825,.T.);
#2575=ORIENTED_EDGE('',*,*,#1824,.F.);
#2576=ORIENTED_EDGE('',*,*,#1822,.F.);
#2577=ORIENTED_EDGE('',*,*,#1826,.T.);
#2578=ORIENTED_EDGE('',*,*,#1827,.T.);
#2579=ORIENTED_EDGE('',*,*,#1826,.F.);
#2580=ORIENTED_EDGE('',*,*,#1817,.F.);
#2581=ORIENTED_EDGE('',*,*,#1828,.T.);
#2582=ORIENTED_EDGE('',*,*,#1829,.T.);
#2583=ORIENTED_EDGE('',*,*,#1828,.F.);
#2584=ORIENTED_EDGE('',*,*,#1823,.F.);
#2585=ORIENTED_EDGE('',*,*,#1830,.T.);
#2586=ORIENTED_EDGE('',*,*,#1831,.T.);
#2587=ORIENTED_EDGE('',*,*,#1830,.F.);
#2588=ORIENTED_EDGE('',*,*,#1832,.F.);
#2589=ORIENTED_EDGE('',*,*,#1833,.T.);
#2590=ORIENTED_EDGE('',*,*,#1814,.F.);
#2591=ORIENTED_EDGE('',*,*,#1808,.F.);
#2592=ORIENTED_EDGE('',*,*,#1706,.T.);
#2593=ORIENTED_EDGE('',*,*,#1813,.T.);
#2594=ORIENTED_EDGE('',*,*,#1821,.F.);
#2595=ORIENTED_EDGE('',*,*,#1834,.F.);
#2596=ORIENTED_EDGE('',*,*,#1835,.T.);
#2597=ORIENTED_EDGE('',*,*,#1834,.T.);
#2598=ORIENTED_EDGE('',*,*,#1820,.F.);
#2599=ORIENTED_EDGE('',*,*,#1836,.F.);
#2600=ORIENTED_EDGE('',*,*,#1837,.F.);
#2601=ORIENTED_EDGE('',*,*,#1836,.T.);
#2602=ORIENTED_EDGE('',*,*,#1819,.F.);
#2603=ORIENTED_EDGE('',*,*,#1811,.F.);
#2604=ORIENTED_EDGE('',*,*,#1708,.T.);
#2605=ORIENTED_EDGE('',*,*,#1810,.T.);
#2606=ORIENTED_EDGE('',*,*,#1816,.F.);
#2607=ORIENTED_EDGE('',*,*,#1838,.F.);
#2608=ORIENTED_EDGE('',*,*,#1839,.T.);
#2609=ORIENTED_EDGE('',*,*,#1838,.T.);
#2610=ORIENTED_EDGE('',*,*,#1815,.F.);
#2611=ORIENTED_EDGE('',*,*,#1833,.F.);
#2612=ORIENTED_EDGE('',*,*,#1839,.F.);
#2613=ORIENTED_EDGE('',*,*,#1832,.T.);
#2614=ORIENTED_EDGE('',*,*,#1835,.F.);
#2615=ORIENTED_EDGE('',*,*,#1837,.T.);
#2616=ORIENTED_EDGE('',*,*,#1831,.F.);
#2617=ORIENTED_EDGE('',*,*,#1829,.F.);
#2618=ORIENTED_EDGE('',*,*,#1827,.F.);
#2619=ORIENTED_EDGE('',*,*,#1825,.F.);
#2620=PLANE('',#2870);
#2621=PLANE('',#2871);
#2622=PLANE('',#2872);
#2623=PLANE('',#2873);
#2624=PLANE('',#2874);
#2625=PLANE('',#2875);
#2626=PLANE('',#2876);
#2627=PLANE('',#2877);
#2628=PLANE('',#2878);
#2629=PLANE('',#2879);
#2630=PLANE('',#2880);
#2631=PLANE('',#2881);
#2632=PLANE('',#2882);
#2633=PLANE('',#2883);
#2634=PLANE('',#2884);
#2635=PLANE('',#2885);
#2636=PLANE('',#2886);
#2637=PLANE('',#2887);
#2638=PLANE('',#2895);
#2639=PLANE('',#2896);
#2640=PLANE('',#2897);
#2641=PLANE('',#2912);
#2642=PLANE('',#2913);
#2643=PLANE('',#2914);
#2644=PLANE('',#2915);
#2645=PLANE('',#2916);
#2646=PLANE('',#2917);
#2647=PLANE('',#2918);
#2648=PLANE('',#2919);
#2649=PLANE('',#2920);
#2650=PLANE('',#2921);
#2651=PLANE('',#2922);
#2652=PLANE('',#2923);
#2653=PLANE('',#2924);
#2654=PLANE('',#2925);
#2655=PLANE('',#2926);
#2656=PLANE('',#2948);
#2657=PLANE('',#2952);
#2658=PLANE('',#2957);
#2659=PLANE('',#2958);
#2660=PLANE('',#2959);
#2661=PLANE('',#2960);
#2662=PLANE('',#2961);
#2663=PLANE('',#2962);
#2664=PLANE('',#2963);
#2665=PLANE('',#2964);
#2666=PLANE('',#2973);
#2667=PLANE('',#2983);
#2668=PLANE('',#2984);
#2669=PLANE('',#2985);
#2670=PLANE('',#2989);
#2671=PLANE('',#2990);
#2672=PLANE('',#2991);
#2673=PLANE('',#2992);
#2674=PLANE('',#2993);
#2675=PLANE('',#2997);
#2676=PLANE('',#2998);
#2677=PLANE('',#2999);
#2678=PLANE('',#3000);
#2679=PLANE('',#3003);
#2680=PLANE('',#3007);
#2681=PLANE('',#3011);
#2682=PLANE('',#3015);
#2683=PLANE('',#3034);
#2684=PLANE('',#3035);
#2685=PLANE('',#3036);
#2686=PLANE('',#3037);
#2687=PLANE('',#3038);
#2688=PLANE('',#3039);
#2689=PLANE('',#3040);
#2690=PLANE('',#3041);
#2691=PLANE('',#3042);
#2692=PLANE('',#3043);
#2693=PLANE('',#3050);
#2694=PLANE('',#3061);
#2695=PLANE('',#3064);
#2696=PLANE('',#3065);
#2697=PLANE('',#3066);
#2698=PLANE('',#3067);
#2699=PLANE('',#3070);
#2700=PLANE('',#3081);
#2701=PLANE('',#3082);
#2702=PLANE('',#3083);
#2703=PLANE('',#3084);
#2704=PLANE('',#3085);
#2705=PLANE('',#3086);
#2706=PLANE('',#3087);
#2707=PLANE('',#3088);
#2708=PLANE('',#3091);
#2709=PLANE('',#3102);
#2710=PLANE('',#3103);
#2711=PLANE('',#3104);
#2712=PLANE('',#3105);
#2713=PLANE('',#3106);
#2714=ADVANCED_FACE('',(#257),#2620,.T.);
#2715=ADVANCED_FACE('',(#258),#2621,.T.);
#2716=ADVANCED_FACE('',(#259),#2622,.T.);
#2717=ADVANCED_FACE('',(#260),#2623,.T.);
#2718=ADVANCED_FACE('',(#261),#2624,.F.);
#2719=ADVANCED_FACE('',(#262),#2625,.T.);
#2720=ADVANCED_FACE('',(#263),#2626,.T.);
#2721=ADVANCED_FACE('',(#264),#2627,.T.);
#2722=ADVANCED_FACE('',(#265),#2628,.T.);
#2723=ADVANCED_FACE('',(#266),#2629,.T.);
#2724=ADVANCED_FACE('',(#267),#2630,.T.);
#2725=ADVANCED_FACE('',(#268),#2631,.T.);
#2726=ADVANCED_FACE('',(#269),#2632,.T.);
#2727=ADVANCED_FACE('',(#270),#2633,.T.);
#2728=ADVANCED_FACE('',(#271),#2634,.T.);
#2729=ADVANCED_FACE('',(#272),#2635,.T.);
#2730=ADVANCED_FACE('',(#273),#2636,.T.);
#2731=ADVANCED_FACE('',(#274,#80,#81,#82,#83,#84,#85,#86),#2637,.T.);
#2732=ADVANCED_FACE('',(#275),#2638,.T.);
#2733=ADVANCED_FACE('',(#276),#2639,.T.);
#2734=ADVANCED_FACE('',(#277),#2640,.T.);
#2735=ADVANCED_FACE('',(#278),#37,.F.);
#2736=ADVANCED_FACE('',(#279),#38,.F.);
#2737=ADVANCED_FACE('',(#280),#39,.F.);
#2738=ADVANCED_FACE('',(#281),#40,.F.);
#2739=ADVANCED_FACE('',(#282),#41,.F.);
#2740=ADVANCED_FACE('',(#283),#42,.F.);
#2741=ADVANCED_FACE('',(#284),#43,.F.);
#2742=ADVANCED_FACE('',(#285),#2641,.T.);
#2743=ADVANCED_FACE('',(#286,#87,#88,#89,#90,#91,#92,#93),#2642,.F.);
#2744=ADVANCED_FACE('',(#287),#2643,.T.);
#2745=ADVANCED_FACE('',(#288),#2644,.T.);
#2746=ADVANCED_FACE('',(#289),#2645,.T.);
#2747=ADVANCED_FACE('',(#290),#2646,.T.);
#2748=ADVANCED_FACE('',(#291),#2647,.T.);
#2749=ADVANCED_FACE('',(#292),#2648,.T.);
#2750=ADVANCED_FACE('',(#293),#2649,.T.);
#2751=ADVANCED_FACE('',(#294),#2650,.T.);
#2752=ADVANCED_FACE('',(#295),#2651,.T.);
#2753=ADVANCED_FACE('',(#296),#2652,.T.);
#2754=ADVANCED_FACE('',(#297),#2653,.T.);
#2755=ADVANCED_FACE('',(#298),#2654,.T.);
#2756=ADVANCED_FACE('',(#299),#2655,.T.);
#2757=ADVANCED_FACE('',(#300),#44,.F.);
#2758=ADVANCED_FACE('',(#301),#45,.F.);
#2759=ADVANCED_FACE('',(#302),#46,.F.);
#2760=ADVANCED_FACE('',(#303),#47,.F.);
#2761=ADVANCED_FACE('',(#304),#48,.F.);
#2762=ADVANCED_FACE('',(#305),#49,.F.);
#2763=ADVANCED_FACE('',(#306),#50,.F.);
#2764=ADVANCED_FACE('',(#307,#94),#2656,.T.);
#2765=ADVANCED_FACE('',(#308),#51,.F.);
#2766=ADVANCED_FACE('',(#309,#95,#96,#97,#98,#99,#100,#101,#102,#103,#104,
#105),#2657,.T.);
#2767=ADVANCED_FACE('',(#310),#2658,.T.);
#2768=ADVANCED_FACE('',(#311),#2659,.T.);
#2769=ADVANCED_FACE('',(#312),#2660,.T.);
#2770=ADVANCED_FACE('',(#313),#2661,.T.);
#2771=ADVANCED_FACE('',(#314),#2662,.T.);
#2772=ADVANCED_FACE('',(#315),#2663,.T.);
#2773=ADVANCED_FACE('',(#316),#2664,.T.);
#2774=ADVANCED_FACE('',(#317),#2665,.T.);
#2775=ADVANCED_FACE('',(#318),#52,.F.);
#2776=ADVANCED_FACE('',(#319),#53,.F.);
#2777=ADVANCED_FACE('',(#320),#54,.F.);
#2778=ADVANCED_FACE('',(#321),#55,.F.);
#2779=ADVANCED_FACE('',(#322,#106,#107,#108,#109,#110,#111,#112,#113,#114,
#115,#116),#2666,.F.);
#2780=ADVANCED_FACE('',(#323),#56,.F.);
#2781=ADVANCED_FACE('',(#324),#57,.F.);
#2782=ADVANCED_FACE('',(#325),#58,.F.);
#2783=ADVANCED_FACE('',(#326),#2667,.T.);
#2784=ADVANCED_FACE('',(#327),#2668,.T.);
#2785=ADVANCED_FACE('',(#328),#2669,.T.);
#2786=ADVANCED_FACE('',(#329),#59,.T.);
#2787=ADVANCED_FACE('',(#330),#2670,.T.);
#2788=ADVANCED_FACE('',(#331),#2671,.T.);
#2789=ADVANCED_FACE('',(#332),#2672,.T.);
#2790=ADVANCED_FACE('',(#333),#2673,.T.);
#2791=ADVANCED_FACE('',(#334),#2674,.T.);
#2792=ADVANCED_FACE('',(#335),#60,.T.);
#2793=ADVANCED_FACE('',(#336),#2675,.T.);
#2794=ADVANCED_FACE('',(#337),#2676,.T.);
#2795=ADVANCED_FACE('',(#338,#117,#118,#119),#2677,.T.);
#2796=ADVANCED_FACE('',(#339,#120,#121,#122),#2678,.F.);
#2797=ADVANCED_FACE('',(#340),#2679,.T.);
#2798=ADVANCED_FACE('',(#341),#2680,.T.);
#2799=ADVANCED_FACE('',(#342),#2681,.T.);
#2800=ADVANCED_FACE('',(#343,#123,#124,#125),#2682,.F.);
#2801=ADVANCED_FACE('',(#344),#61,.F.);
#2802=ADVANCED_FACE('',(#345),#62,.F.);
#2803=ADVANCED_FACE('',(#346),#63,.F.);
#2804=ADVANCED_FACE('',(#347),#64,.F.);
#2805=ADVANCED_FACE('',(#348),#65,.F.);
#2806=ADVANCED_FACE('',(#349),#2683,.T.);
#2807=ADVANCED_FACE('',(#350),#2684,.T.);
#2808=ADVANCED_FACE('',(#351),#2685,.T.);
#2809=ADVANCED_FACE('',(#352),#2686,.T.);
#2810=ADVANCED_FACE('',(#353,#126,#127,#128,#129,#130),#2687,.T.);
#2811=ADVANCED_FACE('',(#354,#131),#2688,.T.);
#2812=ADVANCED_FACE('',(#355),#2689,.T.);
#2813=ADVANCED_FACE('',(#356,#132),#2690,.T.);
#2814=ADVANCED_FACE('',(#357),#2691,.T.);
#2815=ADVANCED_FACE('',(#358,#133,#134,#135,#136,#137),#2692,.T.);
#2816=ADVANCED_FACE('',(#359),#2693,.T.);
#2817=ADVANCED_FACE('',(#360),#66,.F.);
#2818=ADVANCED_FACE('',(#361),#67,.F.);
#2819=ADVANCED_FACE('',(#362),#68,.F.);
#2820=ADVANCED_FACE('',(#363),#69,.F.);
#2821=ADVANCED_FACE('',(#364),#70,.F.);
#2822=ADVANCED_FACE('',(#365),#2694,.T.);
#2823=ADVANCED_FACE('',(#366),#71,.T.);
#2824=ADVANCED_FACE('',(#367,#138,#139,#140,#141,#142),#2695,.F.);
#2825=ADVANCED_FACE('',(#368),#2696,.T.);
#2826=ADVANCED_FACE('',(#369),#2697,.T.);
#2827=ADVANCED_FACE('',(#370,#143,#144),#2698,.T.);
#2828=ADVANCED_FACE('',(#371,#145,#146),#2699,.T.);
#2829=ADVANCED_FACE('',(#372),#72,.F.);
#2830=ADVANCED_FACE('',(#373),#73,.F.);
#2831=ADVANCED_FACE('',(#374),#74,.F.);
#2832=ADVANCED_FACE('',(#375),#75,.F.);
#2833=ADVANCED_FACE('',(#376),#2700,.T.);
#2834=ADVANCED_FACE('',(#377),#2701,.T.);
#2835=ADVANCED_FACE('',(#378),#2702,.T.);
#2836=ADVANCED_FACE('',(#379),#2703,.T.);
#2837=ADVANCED_FACE('',(#380,#147,#148,#149,#150),#2704,.F.);
#2838=ADVANCED_FACE('',(#381),#2705,.T.);
#2839=ADVANCED_FACE('',(#382),#2706,.T.);
#2840=ADVANCED_FACE('',(#383,#151,#152),#2707,.T.);
#2841=ADVANCED_FACE('',(#384,#153,#154),#2708,.T.);
#2842=ADVANCED_FACE('',(#385),#76,.F.);
#2843=ADVANCED_FACE('',(#386),#77,.F.);
#2844=ADVANCED_FACE('',(#387),#78,.F.);
#2845=ADVANCED_FACE('',(#388),#79,.F.);
#2846=ADVANCED_FACE('',(#389),#2709,.T.);
#2847=ADVANCED_FACE('',(#390),#2710,.T.);
#2848=ADVANCED_FACE('',(#391),#2711,.T.);
#2849=ADVANCED_FACE('',(#392),#2712,.T.);
#2850=ADVANCED_FACE('',(#393,#155,#156,#157,#158),#2713,.F.);
#2851=CLOSED_SHELL('',(#2714,#2715,#2716,#2717,#2718,#2719,#2720,#2721,
#2722,#2723,#2724,#2725,#2726,#2727,#2728,#2729,#2730,#2731,#2732,#2733,
#2734,#2735,#2736,#2737,#2738,#2739,#2740,#2741,#2742,#2743));
#2852=CLOSED_SHELL('',(#2744,#2745,#2746,#2747,#2748,#2749,#2750,#2751,
#2752,#2753,#2754,#2755,#2756,#2757,#2758,#2759,#2760,#2761,#2762,#2763,
#2764,#2765,#2766,#2767,#2768,#2769,#2770,#2771,#2772,#2773,#2774,#2775,
#2776,#2777,#2778,#2779));
#2853=CLOSED_SHELL('',(#2780,#2781,#2782,#2783,#2784,#2785,#2786,#2787,
#2788,#2789,#2790,#2791,#2792,#2793,#2794,#2795,#2796));
#2854=CLOSED_SHELL('',(#2797,#2798,#2799,#2800,#2801,#2802,#2803,#2804,
#2805,#2806,#2807,#2808,#2809,#2810,#2811,#2812,#2813,#2814,#2815,#2816,
#2817,#2818,#2819,#2820,#2821,#2822,#2823,#2824,#2825,#2826,#2827,#2828,
#2829,#2830,#2831,#2832,#2833,#2834,#2835,#2836,#2837,#2838,#2839,#2840,
#2841,#2842,#2843,#2844,#2845,#2846,#2847,#2848,#2849,#2850));
#2855=DERIVED_UNIT_ELEMENT(#2857,1.);
#2856=DERIVED_UNIT_ELEMENT(#4686,-3.);
#2857=(
MASS_UNIT()
NAMED_UNIT(*)
SI_UNIT(.KILO.,.GRAM.)
);
#2858=DERIVED_UNIT((#2855,#2856));
#2859=MEASURE_REPRESENTATION_ITEM('density measure',
POSITIVE_RATIO_MEASURE(7850.),#2858);
#2860=PROPERTY_DEFINITION_REPRESENTATION(#2865,#2862);
#2861=PROPERTY_DEFINITION_REPRESENTATION(#2866,#2863);
#2862=REPRESENTATION('material name',(#2864),#4682);
#2863=REPRESENTATION('density',(#2859),#4682);
#2864=DESCRIPTIVE_REPRESENTATION_ITEM('Steel','Steel');
#2865=PROPERTY_DEFINITION('material property','material name',#4707);
#2866=PROPERTY_DEFINITION('material property','density of part',#4707);
#2867=AXIS2_PLACEMENT_3D('',#3885,#3109,#3110);
#2868=AXIS2_PLACEMENT_3D('',#3886,#3111,#3112);
#2869=AXIS2_PLACEMENT_3D('',#3887,#3113,#3114);
#2870=AXIS2_PLACEMENT_3D('',#3888,#3115,#3116);
#2871=AXIS2_PLACEMENT_3D('',#3897,#3121,#3122);
#2872=AXIS2_PLACEMENT_3D('',#3906,#3127,#3128);
#2873=AXIS2_PLACEMENT_3D('',#3909,#3131,#3132);
#2874=AXIS2_PLACEMENT_3D('',#3918,#3137,#3138);
#2875=AXIS2_PLACEMENT_3D('',#3924,#3142,#3143);
#2876=AXIS2_PLACEMENT_3D('',#3942,#3153,#3154);
#2877=AXIS2_PLACEMENT_3D('',#3951,#3159,#3160);
#2878=AXIS2_PLACEMENT_3D('',#3957,#3164,#3165);
#2879=AXIS2_PLACEMENT_3D('',#3961,#3168,#3169);
#2880=AXIS2_PLACEMENT_3D('',#3965,#3172,#3173);
#2881=AXIS2_PLACEMENT_3D('',#3969,#3176,#3177);
#2882=AXIS2_PLACEMENT_3D('',#3973,#3180,#3181);
#2883=AXIS2_PLACEMENT_3D('',#3977,#3184,#3185);
#2884=AXIS2_PLACEMENT_3D('',#3981,#3188,#3189);
#2885=AXIS2_PLACEMENT_3D('',#3984,#3192,#3193);
#2886=AXIS2_PLACEMENT_3D('',#3987,#3196,#3197);
#2887=AXIS2_PLACEMENT_3D('',#3993,#3201,#3202);
#2888=AXIS2_PLACEMENT_3D('',#4002,#3207,#3208);
#2889=AXIS2_PLACEMENT_3D('',#4004,#3209,#3210);
#2890=AXIS2_PLACEMENT_3D('',#4006,#3211,#3212);
#2891=AXIS2_PLACEMENT_3D('',#4008,#3213,#3214);
#2892=AXIS2_PLACEMENT_3D('',#4010,#3215,#3216);
#2893=AXIS2_PLACEMENT_3D('',#4012,#3217,#3218);
#2894=AXIS2_PLACEMENT_3D('',#4014,#3219,#3220);
#2895=AXIS2_PLACEMENT_3D('',#4015,#3221,#3222);
#2896=AXIS2_PLACEMENT_3D('',#4021,#3226,#3227);
#2897=AXIS2_PLACEMENT_3D('',#4025,#3230,#3231);
#2898=AXIS2_PLACEMENT_3D('',#4027,#3233,#3234);
#2899=AXIS2_PLACEMENT_3D('',#4029,#3235,#3236);
#2900=AXIS2_PLACEMENT_3D('',#4031,#3238,#3239);
#2901=AXIS2_PLACEMENT_3D('',#4033,#3240,#3241);
#2902=AXIS2_PLACEMENT_3D('',#4035,#3243,#3244);
#2903=AXIS2_PLACEMENT_3D('',#4037,#3245,#3246);
#2904=AXIS2_PLACEMENT_3D('',#4039,#3248,#3249);
#2905=AXIS2_PLACEMENT_3D('',#4041,#3250,#3251);
#2906=AXIS2_PLACEMENT_3D('',#4043,#3253,#3254);
#2907=AXIS2_PLACEMENT_3D('',#4045,#3255,#3256);
#2908=AXIS2_PLACEMENT_3D('',#4047,#3258,#3259);
#2909=AXIS2_PLACEMENT_3D('',#4049,#3260,#3261);
#2910=AXIS2_PLACEMENT_3D('',#4051,#3263,#3264);
#2911=AXIS2_PLACEMENT_3D('',#4053,#3265,#3266);
#2912=AXIS2_PLACEMENT_3D('',#4055,#3268,#3269);
#2913=AXIS2_PLACEMENT_3D('',#4057,#3271,#3272);
#2914=AXIS2_PLACEMENT_3D('',#4058,#3273,#3274);
#2915=AXIS2_PLACEMENT_3D('',#4067,#3279,#3280);
#2916=AXIS2_PLACEMENT_3D('',#4076,#3285,#3286);
#2917=AXIS2_PLACEMENT_3D('',#4082,#3290,#3291);
#2918=AXIS2_PLACEMENT_3D('',#4088,#3295,#3296);
#2919=AXIS2_PLACEMENT_3D('',#4094,#3300,#3301);
#2920=AXIS2_PLACEMENT_3D('',#4100,#3305,#3306);
#2921=AXIS2_PLACEMENT_3D('',#4106,#3310,#3311);
#2922=AXIS2_PLACEMENT_3D('',#4112,#3315,#3316);
#2923=AXIS2_PLACEMENT_3D('',#4115,#3319,#3320);
#2924=AXIS2_PLACEMENT_3D('',#4121,#3324,#3325);
#2925=AXIS2_PLACEMENT_3D('',#4130,#3330,#3331);
#2926=AXIS2_PLACEMENT_3D('',#4136,#3335,#3336);
#2927=AXIS2_PLACEMENT_3D('',#4142,#3340,#3341);
#2928=AXIS2_PLACEMENT_3D('',#4144,#3342,#3343);
#2929=AXIS2_PLACEMENT_3D('',#4147,#3345,#3346);
#2930=AXIS2_PLACEMENT_3D('',#4148,#3347,#3348);
#2931=AXIS2_PLACEMENT_3D('',#4150,#3349,#3350);
#2932=AXIS2_PLACEMENT_3D('',#4153,#3352,#3353);
#2933=AXIS2_PLACEMENT_3D('',#4154,#3354,#3355);
#2934=AXIS2_PLACEMENT_3D('',#4156,#3356,#3357);
#2935=AXIS2_PLACEMENT_3D('',#4159,#3359,#3360);
#2936=AXIS2_PLACEMENT_3D('',#4160,#3361,#3362);
#2937=AXIS2_PLACEMENT_3D('',#4162,#3363,#3364);
#2938=AXIS2_PLACEMENT_3D('',#4165,#3366,#3367);
#2939=AXIS2_PLACEMENT_3D('',#4166,#3368,#3369);
#2940=AXIS2_PLACEMENT_3D('',#4168,#3370,#3371);
#2941=AXIS2_PLACEMENT_3D('',#4171,#3373,#3374);
#2942=AXIS2_PLACEMENT_3D('',#4172,#3375,#3376);
#2943=AXIS2_PLACEMENT_3D('',#4174,#3377,#3378);
#2944=AXIS2_PLACEMENT_3D('',#4177,#3380,#3381);
#2945=AXIS2_PLACEMENT_3D('',#4178,#3382,#3383);
#2946=AXIS2_PLACEMENT_3D('',#4180,#3384,#3385);
#2947=AXIS2_PLACEMENT_3D('',#4183,#3387,#3388);
#2948=AXIS2_PLACEMENT_3D('',#4184,#3389,#3390);
#2949=AXIS2_PLACEMENT_3D('',#4186,#3391,#3392);
#2950=AXIS2_PLACEMENT_3D('',#4187,#3393,#3394);
#2951=AXIS2_PLACEMENT_3D('',#4189,#3395,#3396);
#2952=AXIS2_PLACEMENT_3D('',#4191,#3398,#3399);
#2953=AXIS2_PLACEMENT_3D('',#4207,#3408,#3409);
#2954=AXIS2_PLACEMENT_3D('',#4209,#3410,#3411);
#2955=AXIS2_PLACEMENT_3D('',#4211,#3412,#3413);
#2956=AXIS2_PLACEMENT_3D('',#4213,#3414,#3415);
#2957=AXIS2_PLACEMENT_3D('',#4214,#3416,#3417);
#2958=AXIS2_PLACEMENT_3D('',#4218,#3420,#3421);
#2959=AXIS2_PLACEMENT_3D('',#4222,#3424,#3425);
#2960=AXIS2_PLACEMENT_3D('',#4228,#3429,#3430);
#2961=AXIS2_PLACEMENT_3D('',#4230,#3432,#3433);
#2962=AXIS2_PLACEMENT_3D('',#4236,#3437,#3438);
#2963=AXIS2_PLACEMENT_3D('',#4238,#3440,#3441);
#2964=AXIS2_PLACEMENT_3D('',#4240,#3443,#3444);
#2965=AXIS2_PLACEMENT_3D('',#4242,#3446,#3447);
#2966=AXIS2_PLACEMENT_3D('',#4245,#3449,#3450);
#2967=AXIS2_PLACEMENT_3D('',#4246,#3451,#3452);
#2968=AXIS2_PLACEMENT_3D('',#4249,#3454,#3455);
#2969=AXIS2_PLACEMENT_3D('',#4250,#3456,#3457);
#2970=AXIS2_PLACEMENT_3D('',#4253,#3459,#3460);
#2971=AXIS2_PLACEMENT_3D('',#4254,#3461,#3462);
#2972=AXIS2_PLACEMENT_3D('',#4257,#3464,#3465);
#2973=AXIS2_PLACEMENT_3D('',#4258,#3466,#3467);
#2974=AXIS2_PLACEMENT_3D('',#4259,#3468,#3469);
#2975=AXIS2_PLACEMENT_3D('',#4261,#3470,#3471);
#2976=AXIS2_PLACEMENT_3D('',#4264,#3473,#3474);
#2977=AXIS2_PLACEMENT_3D('',#4265,#3475,#3476);
#2978=AXIS2_PLACEMENT_3D('',#4267,#3477,#3478);
#2979=AXIS2_PLACEMENT_3D('',#4270,#3480,#3481);
#2980=AXIS2_PLACEMENT_3D('',#4271,#3482,#3483);
#2981=AXIS2_PLACEMENT_3D('',#4273,#3484,#3485);
#2982=AXIS2_PLACEMENT_3D('',#4276,#3487,#3488);
#2983=AXIS2_PLACEMENT_3D('',#4277,#3489,#3490);
#2984=AXIS2_PLACEMENT_3D('',#4286,#3495,#3496);
#2985=AXIS2_PLACEMENT_3D('',#4292,#3500,#3501);
#2986=AXIS2_PLACEMENT_3D('',#4298,#3505,#3506);
#2987=AXIS2_PLACEMENT_3D('',#4300,#3507,#3508);
#2988=AXIS2_PLACEMENT_3D('',#4302,#3509,#3510);
#2989=AXIS2_PLACEMENT_3D('',#4304,#3512,#3513);
#2990=AXIS2_PLACEMENT_3D('',#4310,#3517,#3518);
#2991=AXIS2_PLACEMENT_3D('',#4316,#3522,#3523);
#2992=AXIS2_PLACEMENT_3D('',#4322,#3527,#3528);
#2993=AXIS2_PLACEMENT_3D('',#4328,#3532,#3533);
#2994=AXIS2_PLACEMENT_3D('',#4334,#3537,#3538);
#2995=AXIS2_PLACEMENT_3D('',#4336,#3539,#3540);
#2996=AXIS2_PLACEMENT_3D('',#4338,#3541,#3542);
#2997=AXIS2_PLACEMENT_3D('',#4340,#3544,#3545);
#2998=AXIS2_PLACEMENT_3D('',#4346,#3549,#3550);
#2999=AXIS2_PLACEMENT_3D('',#4349,#3553,#3554);
#3000=AXIS2_PLACEMENT_3D('',#4350,#3555,#3556);
#3001=AXIS2_PLACEMENT_3D('',#4351,#3557,#3558);
#3002=AXIS2_PLACEMENT_3D('',#4352,#3559,#3560);
#3003=AXIS2_PLACEMENT_3D('',#4353,#3561,#3562);
#3004=AXIS2_PLACEMENT_3D('',#4358,#3564,#3565);
#3005=AXIS2_PLACEMENT_3D('',#4362,#3567,#3568);
#3006=AXIS2_PLACEMENT_3D('',#4363,#3569,#3570);
#3007=AXIS2_PLACEMENT_3D('',#4364,#3571,#3572);
#3008=AXIS2_PLACEMENT_3D('',#4369,#3574,#3575);
#3009=AXIS2_PLACEMENT_3D('',#4373,#3577,#3578);
#3010=AXIS2_PLACEMENT_3D('',#4374,#3579,#3580);
#3011=AXIS2_PLACEMENT_3D('',#4375,#3581,#3582);
#3012=AXIS2_PLACEMENT_3D('',#4380,#3584,#3585);
#3013=AXIS2_PLACEMENT_3D('',#4384,#3587,#3588);
#3014=AXIS2_PLACEMENT_3D('',#4385,#3589,#3590);
#3015=AXIS2_PLACEMENT_3D('',#4386,#3591,#3592);
#3016=AXIS2_PLACEMENT_3D('',#4419,#3609,#3610);
#3017=AXIS2_PLACEMENT_3D('',#4421,#3611,#3612);
#3018=AXIS2_PLACEMENT_3D('',#4424,#3614,#3615);
#3019=AXIS2_PLACEMENT_3D('',#4425,#3616,#3617);
#3020=AXIS2_PLACEMENT_3D('',#4427,#3618,#3619);
#3021=AXIS2_PLACEMENT_3D('',#4430,#3621,#3622);
#3022=AXIS2_PLACEMENT_3D('',#4431,#3623,#3624);
#3023=AXIS2_PLACEMENT_3D('',#4433,#3625,#3626);
#3024=AXIS2_PLACEMENT_3D('',#4435,#3628,#3629);
#3025=AXIS2_PLACEMENT_3D('',#4436,#3630,#3631);
#3026=AXIS2_PLACEMENT_3D('',#4437,#3632,#3633);
#3027=AXIS2_PLACEMENT_3D('',#4439,#3634,#3635);
#3028=AXIS2_PLACEMENT_3D('',#4441,#3637,#3638);
#3029=AXIS2_PLACEMENT_3D('',#4442,#3639,#3640);
#3030=AXIS2_PLACEMENT_3D('',#4443,#3641,#3642);
#3031=AXIS2_PLACEMENT_3D('',#4445,#3643,#3644);
#3032=AXIS2_PLACEMENT_3D('',#4447,#3646,#3647);
#3033=AXIS2_PLACEMENT_3D('',#4448,#3648,#3649);
#3034=AXIS2_PLACEMENT_3D('',#4449,#3650,#3651);
#3035=AXIS2_PLACEMENT_3D('',#4455,#3655,#3656);
#3036=AXIS2_PLACEMENT_3D('',#4459,#3659,#3660);
#3037=AXIS2_PLACEMENT_3D('',#4463,#3663,#3664);
#3038=AXIS2_PLACEMENT_3D('',#4465,#3666,#3667);
#3039=AXIS2_PLACEMENT_3D('',#4466,#3668,#3669);
#3040=AXIS2_PLACEMENT_3D('',#4478,#3677,#3678);
#3041=AXIS2_PLACEMENT_3D('',#4481,#3681,#3682);
#3042=AXIS2_PLACEMENT_3D('',#4493,#3690,#3691);
#3043=AXIS2_PLACEMENT_3D('',#4496,#3694,#3695);
#3044=AXIS2_PLACEMENT_3D('',#4500,#3697,#3698);
#3045=AXIS2_PLACEMENT_3D('',#4503,#3700,#3701);
#3046=AXIS2_PLACEMENT_3D('',#4505,#3702,#3703);
#3047=AXIS2_PLACEMENT_3D('',#4507,#3704,#3705);
#3048=AXIS2_PLACEMENT_3D('',#4509,#3706,#3707);
#3049=AXIS2_PLACEMENT_3D('',#4511,#3708,#3709);
#3050=AXIS2_PLACEMENT_3D('',#4512,#3710,#3711);
#3051=AXIS2_PLACEMENT_3D('',#4516,#3714,#3715);
#3052=AXIS2_PLACEMENT_3D('',#4519,#3717,#3718);
#3053=AXIS2_PLACEMENT_3D('',#4520,#3719,#3720);
#3054=AXIS2_PLACEMENT_3D('',#4523,#3722,#3723);
#3055=AXIS2_PLACEMENT_3D('',#4524,#3724,#3725);
#3056=AXIS2_PLACEMENT_3D('',#4527,#3727,#3728);
#3057=AXIS2_PLACEMENT_3D('',#4528,#3729,#3730);
#3058=AXIS2_PLACEMENT_3D('',#4531,#3732,#3733);
#3059=AXIS2_PLACEMENT_3D('',#4532,#3734,#3735);
#3060=AXIS2_PLACEMENT_3D('',#4535,#3737,#3738);
#3061=AXIS2_PLACEMENT_3D('',#4536,#3739,#3740);
#3062=AXIS2_PLACEMENT_3D('',#4540,#3743,#3744);
#3063=AXIS2_PLACEMENT_3D('',#4541,#3745,#3746);
#3064=AXIS2_PLACEMENT_3D('',#4542,#3747,#3748);
#3065=AXIS2_PLACEMENT_3D('',#4543,#3749,#3750);
#3066=AXIS2_PLACEMENT_3D('',#4549,#3754,#3755);
#3067=AXIS2_PLACEMENT_3D('',#4555,#3759,#3760);
#3068=AXIS2_PLACEMENT_3D('',#4562,#3764,#3765);
#3069=AXIS2_PLACEMENT_3D('',#4564,#3766,#3767);
#3070=AXIS2_PLACEMENT_3D('',#4565,#3768,#3769);
#3071=AXIS2_PLACEMENT_3D('',#4572,#3773,#3774);
#3072=AXIS2_PLACEMENT_3D('',#4574,#3775,#3776);
#3073=AXIS2_PLACEMENT_3D('',#4575,#3777,#3778);
#3074=AXIS2_PLACEMENT_3D('',#4578,#3780,#3781);
#3075=AXIS2_PLACEMENT_3D('',#4579,#3782,#3783);
#3076=AXIS2_PLACEMENT_3D('',#4582,#3785,#3786);
#3077=AXIS2_PLACEMENT_3D('',#4583,#3787,#3788);
#3078=AXIS2_PLACEMENT_3D('',#4586,#3790,#3791);
#3079=AXIS2_PLACEMENT_3D('',#4587,#3792,#3793);
#3080=AXIS2_PLACEMENT_3D('',#4590,#3795,#3796);
#3081=AXIS2_PLACEMENT_3D('',#4591,#3797,#3798);
#3082=AXIS2_PLACEMENT_3D('',#4597,#3802,#3803);
#3083=AXIS2_PLACEMENT_3D('',#4601,#3806,#3807);
#3084=AXIS2_PLACEMENT_3D('',#4605,#3810,#3811);
#3085=AXIS2_PLACEMENT_3D('',#4607,#3813,#3814);
#3086=AXIS2_PLACEMENT_3D('',#4608,#3815,#3816);
#3087=AXIS2_PLACEMENT_3D('',#4614,#3820,#3821);
#3088=AXIS2_PLACEMENT_3D('',#4620,#3825,#3826);
#3089=AXIS2_PLACEMENT_3D('',#4627,#3830,#3831);
#3090=AXIS2_PLACEMENT_3D('',#4629,#3832,#3833);
#3091=AXIS2_PLACEMENT_3D('',#4630,#3834,#3835);
#3092=AXIS2_PLACEMENT_3D('',#4637,#3839,#3840);
#3093=AXIS2_PLACEMENT_3D('',#4639,#3841,#3842);
#3094=AXIS2_PLACEMENT_3D('',#4640,#3843,#3844);
#3095=AXIS2_PLACEMENT_3D('',#4643,#3846,#3847);
#3096=AXIS2_PLACEMENT_3D('',#4644,#3848,#3849);
#3097=AXIS2_PLACEMENT_3D('',#4647,#3851,#3852);
#3098=AXIS2_PLACEMENT_3D('',#4648,#3853,#3854);
#3099=AXIS2_PLACEMENT_3D('',#4651,#3856,#3857);
#3100=AXIS2_PLACEMENT_3D('',#4652,#3858,#3859);
#3101=AXIS2_PLACEMENT_3D('',#4655,#3861,#3862);
#3102=AXIS2_PLACEMENT_3D('',#4656,#3863,#3864);
#3103=AXIS2_PLACEMENT_3D('',#4662,#3868,#3869);
#3104=AXIS2_PLACEMENT_3D('',#4666,#3872,#3873);
#3105=AXIS2_PLACEMENT_3D('',#4670,#3876,#3877);
#3106=AXIS2_PLACEMENT_3D('',#4672,#3879,#3880);
#3107=AXIS2_PLACEMENT_3D('',#4673,#3881,#3882);
#3108=AXIS2_PLACEMENT_3D('',#4674,#3883,#3884);
#3109=DIRECTION('axis',(0.,0.,1.));
#3110=DIRECTION('refdir',(1.,0.,0.));
#3111=DIRECTION('axis',(0.,0.,1.));
#3112=DIRECTION('refdir',(1.,0.,0.));
#3113=DIRECTION('axis',(0.,0.,1.));
#3114=DIRECTION('refdir',(1.,0.,0.));
#3115=DIRECTION('center_axis',(-1.,-1.37505113340324E-16,-2.25514051920414E-16));
#3116=DIRECTION('ref_axis',(-1.37505113340324E-16,1.,-1.37525865647534E-16));
#3117=DIRECTION('',(-2.25514051920414E-16,1.3753941817469E-16,1.));
#3118=DIRECTION('',(-1.37505113340324E-16,1.,-1.37525865647534E-16));
#3119=DIRECTION('',(2.25514051920414E-16,-1.3753941817469E-16,-1.));
#3120=DIRECTION('',(-1.37505113340324E-16,1.,-1.37525865647534E-16));
#3121=DIRECTION('center_axis',(1.,1.37505113340324E-16,2.25514051920414E-16));
#3122=DIRECTION('ref_axis',(1.37505113340324E-16,-1.,1.37525865647534E-16));
#3123=DIRECTION('',(-2.25514051920414E-16,1.3753941817469E-16,1.));
#3124=DIRECTION('',(1.37505113340324E-16,-1.,1.37525865647534E-16));
#3125=DIRECTION('',(2.25514051920414E-16,-1.3753941817469E-16,-1.));
#3126=DIRECTION('',(1.37505113340324E-16,-1.,1.37525865647534E-16));
#3127=DIRECTION('center_axis',(-1.37505113340324E-16,1.,-1.3753941817469E-16));
#3128=DIRECTION('ref_axis',(1.,1.37505113340324E-16,2.25514051920414E-16));
#3129=DIRECTION('',(-1.,-1.37505113340324E-16,-2.25514051920414E-16));
#3130=DIRECTION('',(1.,1.37505113340324E-16,2.25514051920414E-16));
#3131=DIRECTION('center_axis',(1.37505113340324E-16,-1.,1.3753941817469E-16));
#3132=DIRECTION('ref_axis',(-1.,-1.37505113340324E-16,-2.25514051920414E-16));
#3133=DIRECTION('',(1.,1.37505113340324E-16,2.25514051920414E-16));
#3134=DIRECTION('',(-2.25514051920414E-16,1.3753941817469E-16,1.));
#3135=DIRECTION('',(-1.,-1.37505113340324E-16,-2.25514051920414E-16));
#3136=DIRECTION('',(2.25514051920414E-16,-1.3753941817469E-16,-1.));
#3137=DIRECTION('center_axis',(1.,1.36642833800019E-16,2.25514051920414E-16));
#3138=DIRECTION('ref_axis',(2.25514051920414E-16,-1.3753941817469E-16,-1.));
#3139=DIRECTION('',(-1.36642833800019E-16,1.,-1.3753941817469E-16));
#3140=DIRECTION('',(2.25514051920414E-16,-1.3753941817469E-16,-1.));
#3141=DIRECTION('',(1.36642833800019E-16,-1.,1.3753941817469E-16));
#3142=DIRECTION('center_axis',(-2.39567711394007E-16,1.,-1.3753941817469E-16));
#3143=DIRECTION('ref_axis',(1.,2.39567711394007E-16,2.25514051920414E-16));
#3144=DIRECTION('',(1.,2.39567711394007E-16,2.25514051920414E-16));
#3145=DIRECTION('',(-2.25514051920414E-16,1.3753941817469E-16,1.));
#3146=DIRECTION('',(1.,1.36642833800019E-16,2.25514051920414E-16));
#3147=DIRECTION('',(0.70402567827721,-1.47692609676028E-18,-0.710174516809998));
#3148=DIRECTION('',(-3.78523264347735E-16,-1.3753941817469E-16,-1.));
#3149=DIRECTION('',(-0.704025602364599,-1.93877053569978E-16,-0.710174592065334));
#3150=DIRECTION('',(-1.,-1.36642833800019E-16,-2.25514051920414E-16));
#3151=DIRECTION('',(-2.25514051920414E-16,1.3753941817469E-16,1.));
#3152=DIRECTION('',(1.,2.39567711394007E-16,2.25514051920414E-16));
#3153=DIRECTION('center_axis',(-1.,-1.36642833800019E-16,-2.25514051920414E-16));
#3154=DIRECTION('ref_axis',(2.25514051920414E-16,-1.3753941817469E-16,-1.));
#3155=DIRECTION('',(2.25514051920414E-16,-1.3753941817469E-16,-1.));
#3156=DIRECTION('',(1.36642833800019E-16,-1.,1.3753941817469E-16));
#3157=DIRECTION('',(2.25514051920414E-16,-1.3753941817469E-16,-1.));
#3158=DIRECTION('',(1.36642833800019E-16,-1.,1.3753941817469E-16));
#3159=DIRECTION('center_axis',(-2.25514051920414E-16,1.3753941817469E-16,
1.));
#3160=DIRECTION('ref_axis',(-1.,-1.36642833800019E-16,-2.25514051920414E-16));
#3161=DIRECTION('',(1.36642833800019E-16,-1.,1.3753941817469E-16));
#3162=DIRECTION('',(-1.,-1.36642833800019E-16,-2.25514051920414E-16));
#3163=DIRECTION('',(1.36642833800019E-16,-1.,1.3753941817469E-16));
#3164=DIRECTION('center_axis',(0.710174516809998,1.93871540639767E-16,0.70402567827721));
#3165=DIRECTION('ref_axis',(-0.70402567827721,1.47692609676028E-18,0.710174516809998));
#3166=DIRECTION('',(-0.70402567827721,1.47692609676028E-18,0.710174516809998));
#3167=DIRECTION('',(1.36642833800019E-16,-1.,1.3753941817469E-16));
#3168=DIRECTION('center_axis',(1.,1.36642833800019E-16,-3.78523264347735E-16));
#3169=DIRECTION('ref_axis',(3.78523264347735E-16,1.3753941817469E-16,1.));
#3170=DIRECTION('',(3.78523264347735E-16,1.3753941817469E-16,1.));
#3171=DIRECTION('',(1.36642833800019E-16,-1.,1.3753941817469E-16));
#3172=DIRECTION('center_axis',(0.710174592065334,2.08997023267137E-19,-0.704025602364599));
#3173=DIRECTION('ref_axis',(0.704025602364599,1.93877053569978E-16,0.710174592065334));
#3174=DIRECTION('',(0.704025602364599,1.93877053569978E-16,0.710174592065334));
#3175=DIRECTION('',(1.36642833800019E-16,-1.,1.3753941817469E-16));
#3176=DIRECTION('center_axis',(2.25514051920414E-16,-1.3753941817469E-16,
-1.));
#3177=DIRECTION('ref_axis',(1.,1.36642833800019E-16,2.25514051920414E-16));
#3178=DIRECTION('',(1.,1.36642833800019E-16,2.25514051920414E-16));
#3179=DIRECTION('',(1.36642833800019E-16,-1.,1.3753941817469E-16));
#3180=DIRECTION('center_axis',(-1.,-1.36642833800019E-16,-2.25514051920414E-16));
#3181=DIRECTION('ref_axis',(2.25514051920414E-16,-1.3753941817469E-16,-1.));
#3182=DIRECTION('',(2.25514051920414E-16,-1.3753941817469E-16,-1.));
#3183=DIRECTION('',(1.36642833800019E-16,-1.,1.3753941817469E-16));
#3184=DIRECTION('center_axis',(-1.,-1.36642833800019E-16,-2.25514051920414E-16));
#3185=DIRECTION('ref_axis',(2.25514051920414E-16,-1.3753941817469E-16,-1.));
#3186=DIRECTION('',(1.36642833800019E-16,-1.,1.3753941817469E-16));
#3187=DIRECTION('',(2.25514051920414E-16,-1.3753941817469E-16,-1.));
#3188=DIRECTION('center_axis',(1.36642833800019E-16,-1.,1.3753941817469E-16));
#3189=DIRECTION('ref_axis',(1.,1.36642833800019E-16,2.25514051920414E-16));
#3190=DIRECTION('',(-1.,-1.36642833800019E-16,-2.25514051920414E-16));
#3191=DIRECTION('',(1.,1.36642833800019E-16,2.25514051920414E-16));
#3192=DIRECTION('center_axis',(-0.342020143325677,-0.939692620785906,5.2114427966169E-17));
#3193=DIRECTION('ref_axis',(-0.939692620785906,0.342020143325676,-2.58955141990181E-16));
#3194=DIRECTION('',(-0.939692620785906,0.342020143325676,-2.58955141990181E-16));
#3195=DIRECTION('',(-0.939692620785906,0.342020143325676,-2.58955141990181E-16));
#3196=DIRECTION('center_axis',(1.,1.36642833800019E-16,2.25514051920414E-16));
#3197=DIRECTION('ref_axis',(2.25514051920414E-16,-1.3753941817469E-16,-1.));
#3198=DIRECTION('',(1.36642833800019E-16,-1.,1.3753941817469E-16));
#3199=DIRECTION('',(2.25514051920414E-16,-1.3753941817469E-16,-1.));
#3200=DIRECTION('',(-1.36642833800019E-16,1.,-1.3753941817469E-16));
#3201=DIRECTION('center_axis',(-2.25514051920414E-16,1.3753941817469E-16,
1.));
#3202=DIRECTION('ref_axis',(-1.36642833800019E-16,1.,-1.3753941817469E-16));
#3203=DIRECTION('',(1.,2.39567711394007E-16,2.25514051920414E-16));
#3204=DIRECTION('',(-2.80117809290039E-15,1.,-1.37539418174691E-16));
#3205=DIRECTION('',(-1.,-4.93038065763132E-32,-2.25514051920414E-16));
#3206=DIRECTION('',(-0.939692620785906,0.342020143325676,-2.58955141990181E-16));
#3207=DIRECTION('center_axis',(2.25514051920414E-16,-1.3753941817469E-16,
-1.));
#3208=DIRECTION('ref_axis',(-1.36642833800019E-16,1.,-1.3753941817469E-16));
#3209=DIRECTION('center_axis',(2.25514051920414E-16,-1.3753941817469E-16,
-1.));
#3210=DIRECTION('ref_axis',(-1.36642833800019E-16,1.,-1.3753941817469E-16));
#3211=DIRECTION('center_axis',(2.25514051920414E-16,-1.3753941817469E-16,
-1.));
#3212=DIRECTION('ref_axis',(-1.36642833800019E-16,1.,-1.3753941817469E-16));
#3213=DIRECTION('center_axis',(2.25514051920414E-16,-1.3753941817469E-16,
-1.));
#3214=DIRECTION('ref_axis',(-1.36642833800019E-16,1.,-1.3753941817469E-16));
#3215=DIRECTION('center_axis',(2.25514051920414E-16,-1.3753941817469E-16,
-1.));
#3216=DIRECTION('ref_axis',(-1.36642833800019E-16,1.,-1.3753941817469E-16));
#3217=DIRECTION('center_axis',(2.25514051920414E-16,-1.3753941817469E-16,
-1.));
#3218=DIRECTION('ref_axis',(-1.36642833800019E-16,1.,-1.3753941817469E-16));
#3219=DIRECTION('center_axis',(2.25514051920414E-16,-1.3753941817469E-16,
-1.));
#3220=DIRECTION('ref_axis',(-1.36642833800019E-16,1.,-1.3753941817469E-16));
#3221=DIRECTION('center_axis',(2.46519032881566E-32,-1.,1.3753941817469E-16));
#3222=DIRECTION('ref_axis',(-1.,-4.93038065763132E-32,-2.25514051920414E-16));
#3223=DIRECTION('',(2.25514051920414E-16,-1.3753941817469E-16,-1.));
#3224=DIRECTION('',(-1.,-4.93038065763132E-32,-2.25514051920414E-16));
#3225=DIRECTION('',(2.25514051920414E-16,-1.3753941817469E-16,-1.));
#3226=DIRECTION('center_axis',(-1.,-2.80117809290039E-15,-2.25514051920414E-16));
#3227=DIRECTION('ref_axis',(-2.80117809290039E-15,1.,-1.37539418174691E-16));
#3228=DIRECTION('',(2.25514051920414E-16,-1.3753941817469E-16,-1.));
#3229=DIRECTION('',(-2.80117809290039E-15,1.,-1.37539418174691E-16));
#3230=DIRECTION('center_axis',(-2.39567711394007E-16,1.,-1.3753941817469E-16));
#3231=DIRECTION('ref_axis',(1.,2.39567711394007E-16,2.25514051920414E-16));
#3232=DIRECTION('',(1.,2.39567711394007E-16,2.25514051920414E-16));
#3233=DIRECTION('center_axis',(2.25514051920414E-16,-1.3753941817469E-16,
-1.));
#3234=DIRECTION('ref_axis',(-1.36642833800019E-16,1.,-1.3753941817469E-16));
#3235=DIRECTION('center_axis',(-2.25514051920414E-16,1.3753941817469E-16,
1.));
#3236=DIRECTION('ref_axis',(-1.36642833800019E-16,1.,-1.3753941817469E-16));
#3237=DIRECTION('',(-2.25514051920414E-16,1.3753941817469E-16,1.));
#3238=DIRECTION('center_axis',(2.25514051920414E-16,-1.3753941817469E-16,
-1.));
#3239=DIRECTION('ref_axis',(-1.36642833800019E-16,1.,-1.3753941817469E-16));
#3240=DIRECTION('center_axis',(-2.25514051920414E-16,1.3753941817469E-16,
1.));
#3241=DIRECTION('ref_axis',(-1.36642833800019E-16,1.,-1.3753941817469E-16));
#3242=DIRECTION('',(-2.25514051920414E-16,1.3753941817469E-16,1.));
#3243=DIRECTION('center_axis',(2.25514051920414E-16,-1.3753941817469E-16,
-1.));
#3244=DIRECTION('ref_axis',(-1.36642833800019E-16,1.,-1.3753941817469E-16));
#3245=DIRECTION('center_axis',(-2.25514051920414E-16,1.3753941817469E-16,
1.));
#3246=DIRECTION('ref_axis',(-1.36642833800019E-16,1.,-1.3753941817469E-16));
#3247=DIRECTION('',(-2.25514051920414E-16,1.3753941817469E-16,1.));
#3248=DIRECTION('center_axis',(2.25514051920414E-16,-1.3753941817469E-16,
-1.));
#3249=DIRECTION('ref_axis',(-1.36642833800019E-16,1.,-1.3753941817469E-16));
#3250=DIRECTION('center_axis',(-2.25514051920414E-16,1.3753941817469E-16,
1.));
#3251=DIRECTION('ref_axis',(-1.36642833800019E-16,1.,-1.3753941817469E-16));
#3252=DIRECTION('',(-2.25514051920414E-16,1.3753941817469E-16,1.));
#3253=DIRECTION('center_axis',(2.25514051920414E-16,-1.3753941817469E-16,
-1.));
#3254=DIRECTION('ref_axis',(-1.36642833800019E-16,1.,-1.3753941817469E-16));
#3255=DIRECTION('center_axis',(-2.25514051920414E-16,1.3753941817469E-16,
1.));
#3256=DIRECTION('ref_axis',(-1.36642833800019E-16,1.,-1.3753941817469E-16));
#3257=DIRECTION('',(-2.25514051920414E-16,1.3753941817469E-16,1.));
#3258=DIRECTION('center_axis',(2.25514051920414E-16,-1.3753941817469E-16,
-1.));
#3259=DIRECTION('ref_axis',(-1.36642833800019E-16,1.,-1.3753941817469E-16));
#3260=DIRECTION('center_axis',(-2.25514051920414E-16,1.3753941817469E-16,
1.));
#3261=DIRECTION('ref_axis',(-1.36642833800019E-16,1.,-1.3753941817469E-16));
#3262=DIRECTION('',(-2.25514051920414E-16,1.3753941817469E-16,1.));
#3263=DIRECTION('center_axis',(2.25514051920414E-16,-1.3753941817469E-16,
-1.));
#3264=DIRECTION('ref_axis',(-1.36642833800019E-16,1.,-1.3753941817469E-16));
#3265=DIRECTION('center_axis',(-2.25514051920414E-16,1.3753941817469E-16,
1.));
#3266=DIRECTION('ref_axis',(-1.36642833800019E-16,1.,-1.3753941817469E-16));
#3267=DIRECTION('',(-2.25514051920414E-16,1.3753941817469E-16,1.));
#3268=DIRECTION('center_axis',(-0.342020143325677,-0.939692620785906,5.2114427966169E-17));
#3269=DIRECTION('ref_axis',(-0.939692620785906,0.342020143325676,-2.58955141990181E-16));
#3270=DIRECTION('',(-0.939692620785906,0.342020143325676,-2.58955141990181E-16));
#3271=DIRECTION('center_axis',(-2.25514051920414E-16,1.3753941817469E-16,
1.));
#3272=DIRECTION('ref_axis',(-1.36642833800019E-16,1.,-1.3753941817469E-16));
#3273=DIRECTION('center_axis',(-1.,-1.36642833800019E-16,-2.22044604925031E-16));
#3274=DIRECTION('ref_axis',(2.22044604925031E-16,-1.36642833800019E-16,
-1.));
#3275=DIRECTION('',(2.22044604925031E-16,-1.36642833800019E-16,-1.));
#3276=DIRECTION('',(1.36642833800019E-16,-1.,1.36642833800019E-16));
#3277=DIRECTION('',(2.22044604925031E-16,-1.36642833800019E-16,-1.));
#3278=DIRECTION('',(1.36642833800019E-16,-1.,1.36642833800019E-16));
#3279=DIRECTION('center_axis',(-2.22044604925031E-16,1.36642833800019E-16,
1.));
#3280=DIRECTION('ref_axis',(-1.,-1.36642833800019E-16,-2.22044604925031E-16));
#3281=DIRECTION('',(1.,1.36642833800019E-16,2.22044604925031E-16));
#3282=DIRECTION('',(1.36642833800019E-16,-1.,1.36642833800019E-16));
#3283=DIRECTION('',(-1.,-1.36642833800019E-16,-2.22044604925031E-16));
#3284=DIRECTION('',(1.36642833800019E-16,-1.,1.36642833800019E-16));
#3285=DIRECTION('center_axis',(0.710174516809998,1.93240322217256E-16,0.70402567827721));
#3286=DIRECTION('ref_axis',(-0.70402567827721,8.40194721698976E-19,0.710174516809998));
#3287=DIRECTION('',(0.70402567827721,-8.40194721698976E-19,-0.710174516809998));
#3288=DIRECTION('',(-0.70402567827721,8.40194721698976E-19,0.710174516809998));
#3289=DIRECTION('',(1.36642833800019E-16,-1.,1.36642833800019E-16));
#3290=DIRECTION('center_axis',(1.,1.36642833800019E-16,-3.81992711343118E-16));
#3291=DIRECTION('ref_axis',(3.81992711343118E-16,1.36642833800019E-16,1.));
#3292=DIRECTION('',(-3.81992711343118E-16,-1.36642833800019E-16,-1.));
#3293=DIRECTION('',(3.81992711343118E-16,1.36642833800019E-16,1.));
#3294=DIRECTION('',(1.36642833800019E-16,-1.,1.36642833800019E-16));
#3295=DIRECTION('center_axis',(0.710174592065334,8.40215377715504E-19,-0.704025602364599));
#3296=DIRECTION('ref_axis',(0.704025602364599,1.93240322127444E-16,0.710174592065334));
#3297=DIRECTION('',(-0.704025602364599,-1.93240322127444E-16,-0.710174592065334));
#3298=DIRECTION('',(0.704025602364599,1.93240322127444E-16,0.710174592065334));
#3299=DIRECTION('',(1.36642833800019E-16,-1.,1.36642833800019E-16));
#3300=DIRECTION('center_axis',(2.22044604925031E-16,-1.36642833800019E-16,
-1.));
#3301=DIRECTION('ref_axis',(1.,1.36642833800019E-16,2.22044604925031E-16));
#3302=DIRECTION('',(-1.,-1.36642833800019E-16,-2.22044604925031E-16));
#3303=DIRECTION('',(1.,1.36642833800019E-16,2.22044604925031E-16));
#3304=DIRECTION('',(1.36642833800019E-16,-1.,1.36642833800019E-16));
#3305=DIRECTION('center_axis',(-1.,-1.36642833800019E-16,-2.22044604925031E-16));
#3306=DIRECTION('ref_axis',(2.22044604925031E-16,-1.36642833800019E-16,
-1.));
#3307=DIRECTION('',(-2.22044604925031E-16,1.36642833800019E-16,1.));
#3308=DIRECTION('',(2.22044604925031E-16,-1.36642833800019E-16,-1.));
#3309=DIRECTION('',(1.36642833800019E-16,-1.,1.36642833800019E-16));
#3310=DIRECTION('center_axis',(-1.,-1.36642833800019E-16,-2.22044604925031E-16));
#3311=DIRECTION('ref_axis',(2.22044604925031E-16,-1.36642833800019E-16,
-1.));
#3312=DIRECTION('',(-2.22044604925031E-16,1.36642833800019E-16,1.));
#3313=DIRECTION('',(1.36642833800019E-16,-1.,1.36642833800019E-16));
#3314=DIRECTION('',(2.22044604925031E-16,-1.36642833800019E-16,-1.));
#3315=DIRECTION('center_axis',(1.36642833800019E-16,-1.,1.36642833800019E-16));
#3316=DIRECTION('ref_axis',(1.,1.36642833800019E-16,2.22044604925031E-16));
#3317=DIRECTION('',(-1.,-1.36642833800019E-16,-2.22044604925031E-16));
#3318=DIRECTION('',(1.,1.36642833800019E-16,2.22044604925031E-16));
#3319=DIRECTION('center_axis',(-0.342020143325677,-0.939692620785906,5.24585350040006E-17));
#3320=DIRECTION('ref_axis',(-0.939692620785906,0.342020143325676,-2.55388278334083E-16));
#3321=DIRECTION('',(-0.939692620785906,0.342020143325676,-2.55388278334083E-16));
#3322=DIRECTION('',(2.22044604925031E-16,-1.36642833800019E-16,-1.));
#3323=DIRECTION('',(-0.939692620785906,0.342020143325676,-2.55388278334083E-16));
#3324=DIRECTION('center_axis',(2.46519032881566E-32,-1.,1.36642833800019E-16));
#3325=DIRECTION('ref_axis',(-1.,-4.93038065763132E-32,-2.22044604925031E-16));
#3326=DIRECTION('',(-2.22044604925031E-16,1.36642833800019E-16,1.));
#3327=DIRECTION('',(-1.,-4.93038065763132E-32,-2.22044604925031E-16));
#3328=DIRECTION('',(2.22044604925031E-16,-1.36642833800019E-16,-1.));
#3329=DIRECTION('',(-1.,-4.93038065763132E-32,-2.22044604925031E-16));
#3330=DIRECTION('center_axis',(-1.,-2.80117809290039E-15,-2.22044604925031E-16));
#3331=DIRECTION('ref_axis',(-2.80117809290039E-15,1.,-1.3664283380002E-16));
#3332=DIRECTION('',(-2.80117809290039E-15,1.,-1.3664283380002E-16));
#3333=DIRECTION('',(2.22044604925031E-16,-1.36642833800019E-16,-1.));
#3334=DIRECTION('',(-2.80117809290039E-15,1.,-1.3664283380002E-16));
#3335=DIRECTION('center_axis',(-2.39567711394007E-16,1.,-1.36642833800019E-16));
#3336=DIRECTION('ref_axis',(1.,2.39567711394007E-16,2.22044604925031E-16));
#3337=DIRECTION('',(2.22044604925031E-16,-1.36642833800019E-16,-1.));
#3338=DIRECTION('',(1.,2.39567711394007E-16,2.22044604925031E-16));
#3339=DIRECTION('',(1.,2.39567711394007E-16,2.22044604925031E-16));
#3340=DIRECTION('center_axis',(2.22044604925031E-16,-1.36642833800019E-16,
-1.));
#3341=DIRECTION('ref_axis',(-1.36642833800019E-16,1.,-1.36642833800019E-16));
#3342=DIRECTION('center_axis',(-2.22044604925031E-16,1.36642833800019E-16,
1.));
#3343=DIRECTION('ref_axis',(-1.36642833800019E-16,1.,-1.36642833800019E-16));
#3344=DIRECTION('',(-2.22044604925031E-16,1.36642833800019E-16,1.));
#3345=DIRECTION('center_axis',(2.22044604925031E-16,-1.36642833800019E-16,
-1.));
#3346=DIRECTION('ref_axis',(-1.36642833800019E-16,1.,-1.36642833800019E-16));
#3347=DIRECTION('center_axis',(2.22044604925031E-16,-1.36642833800019E-16,
-1.));
#3348=DIRECTION('ref_axis',(-1.36642833800019E-16,1.,-1.36642833800019E-16));
#3349=DIRECTION('center_axis',(-2.22044604925031E-16,1.36642833800019E-16,
1.));
#3350=DIRECTION('ref_axis',(-1.36642833800019E-16,1.,-1.36642833800019E-16));
#3351=DIRECTION('',(-2.22044604925031E-16,1.36642833800019E-16,1.));
#3352=DIRECTION('center_axis',(2.22044604925031E-16,-1.36642833800019E-16,
-1.));
#3353=DIRECTION('ref_axis',(-1.36642833800019E-16,1.,-1.36642833800019E-16));
#3354=DIRECTION('center_axis',(2.22044604925031E-16,-1.36642833800019E-16,
-1.));
#3355=DIRECTION('ref_axis',(-1.36642833800019E-16,1.,-1.36642833800019E-16));
#3356=DIRECTION('center_axis',(-2.22044604925031E-16,1.36642833800019E-16,
1.));
#3357=DIRECTION('ref_axis',(-1.36642833800019E-16,1.,-1.36642833800019E-16));
#3358=DIRECTION('',(-2.22044604925031E-16,1.36642833800019E-16,1.));
#3359=DIRECTION('center_axis',(2.22044604925031E-16,-1.36642833800019E-16,
-1.));
#3360=DIRECTION('ref_axis',(-1.36642833800019E-16,1.,-1.36642833800019E-16));
#3361=DIRECTION('center_axis',(2.22044604925031E-16,-1.36642833800019E-16,
-1.));
#3362=DIRECTION('ref_axis',(-1.36642833800019E-16,1.,-1.36642833800019E-16));
#3363=DIRECTION('center_axis',(-2.22044604925031E-16,1.36642833800019E-16,
1.));
#3364=DIRECTION('ref_axis',(-1.36642833800019E-16,1.,-1.36642833800019E-16));
#3365=DIRECTION('',(-2.22044604925031E-16,1.36642833800019E-16,1.));
#3366=DIRECTION('center_axis',(2.22044604925031E-16,-1.36642833800019E-16,
-1.));
#3367=DIRECTION('ref_axis',(-1.36642833800019E-16,1.,-1.36642833800019E-16));
#3368=DIRECTION('center_axis',(2.22044604925031E-16,-1.36642833800019E-16,
-1.));
#3369=DIRECTION('ref_axis',(-1.36642833800019E-16,1.,-1.36642833800019E-16));
#3370=DIRECTION('center_axis',(-2.22044604925031E-16,1.36642833800019E-16,
1.));
#3371=DIRECTION('ref_axis',(-1.36642833800019E-16,1.,-1.36642833800019E-16));
#3372=DIRECTION('',(-2.22044604925031E-16,1.36642833800019E-16,1.));
#3373=DIRECTION('center_axis',(-2.22044604925031E-16,1.36642833800019E-16,
1.));
#3374=DIRECTION('ref_axis',(-1.36642833800019E-16,1.,-1.36642833800019E-16));
#3375=DIRECTION('center_axis',(2.22044604925031E-16,-1.36642833800019E-16,
-1.));
#3376=DIRECTION('ref_axis',(-1.36642833800019E-16,1.,-1.36642833800019E-16));
#3377=DIRECTION('center_axis',(-2.22044604925031E-16,1.36642833800019E-16,
1.));
#3378=DIRECTION('ref_axis',(-1.36642833800019E-16,1.,-1.36642833800019E-16));
#3379=DIRECTION('',(-2.22044604925031E-16,1.36642833800019E-16,1.));
#3380=DIRECTION('center_axis',(2.22044604925031E-16,-1.36642833800019E-16,
-1.));
#3381=DIRECTION('ref_axis',(-1.36642833800019E-16,1.,-1.36642833800019E-16));
#3382=DIRECTION('center_axis',(2.22044604925031E-16,-1.36642833800019E-16,
-1.));
#3383=DIRECTION('ref_axis',(-1.36642833800019E-16,1.,-1.36642833800019E-16));
#3384=DIRECTION('center_axis',(-2.22044604925031E-16,1.36642833800019E-16,
1.));
#3385=DIRECTION('ref_axis',(-1.36642833800019E-16,1.,-1.36642833800019E-16));
#3386=DIRECTION('',(-2.22044604925031E-16,1.36642833800019E-16,1.));
#3387=DIRECTION('center_axis',(2.22044604925031E-16,-1.36642833800019E-16,
-1.));
#3388=DIRECTION('ref_axis',(-1.36642833800019E-16,1.,-1.36642833800019E-16));
#3389=DIRECTION('center_axis',(-2.22044604925031E-16,1.36642833800019E-16,
1.));
#3390=DIRECTION('ref_axis',(-1.36642833800019E-16,1.,-1.36642833800019E-16));
#3391=DIRECTION('center_axis',(2.22044604925031E-16,-1.36642833800019E-16,
-1.));
#3392=DIRECTION('ref_axis',(-1.36642833800019E-16,1.,-1.36642833800019E-16));
#3393=DIRECTION('center_axis',(2.22044604925031E-16,-1.36642833800019E-16,
-1.));
#3394=DIRECTION('ref_axis',(-1.36642833800019E-16,1.,-1.36642833800019E-16));
#3395=DIRECTION('center_axis',(2.22044604925031E-16,-1.36642833800019E-16,
-1.));
#3396=DIRECTION('ref_axis',(-1.36642833800019E-16,1.,-1.36642833800019E-16));
#3397=DIRECTION('',(2.22044604925031E-16,-1.36642833800019E-16,-1.));
#3398=DIRECTION('center_axis',(-2.22044604925031E-16,1.36642833800019E-16,
1.));
#3399=DIRECTION('ref_axis',(-1.36642833800019E-16,1.,-1.36642833800019E-16));
#3400=DIRECTION('',(1.,2.39567711394007E-16,2.22044604925031E-16));
#3401=DIRECTION('',(2.76463407920969E-16,1.,-1.36642833800019E-16));
#3402=DIRECTION('',(-1.,1.51578213308393E-15,-2.22044604925031E-16));
#3403=DIRECTION('',(1.36642833800019E-16,-1.,1.36642833800019E-16));
#3404=DIRECTION('',(1.36642833800019E-16,-1.,1.36642833800019E-16));
#3405=DIRECTION('',(1.,1.37596155896299E-15,2.22044604925031E-16));
#3406=DIRECTION('',(2.76463407920969E-16,1.,-1.36642833800019E-16));
#3407=DIRECTION('',(1.,1.36642833800019E-16,2.22044604925031E-16));
#3408=DIRECTION('center_axis',(2.22044604925031E-16,-1.36642833800019E-16,
-1.));
#3409=DIRECTION('ref_axis',(-1.36642833800019E-16,1.,-1.36642833800019E-16));
#3410=DIRECTION('center_axis',(2.22044604925031E-16,-1.36642833800019E-16,
-1.));
#3411=DIRECTION('ref_axis',(-1.36642833800019E-16,1.,-1.36642833800019E-16));
#3412=DIRECTION('center_axis',(2.22044604925031E-16,-1.36642833800019E-16,
-1.));
#3413=DIRECTION('ref_axis',(-1.36642833800019E-16,1.,-1.36642833800019E-16));
#3414=DIRECTION('center_axis',(2.22044604925031E-16,-1.36642833800019E-16,
-1.));
#3415=DIRECTION('ref_axis',(-1.36642833800019E-16,1.,-1.36642833800019E-16));
#3416=DIRECTION('center_axis',(2.46519032881566E-32,-1.,1.36642833800019E-16));
#3417=DIRECTION('ref_axis',(-1.,-4.93038065763132E-32,-2.22044604925031E-16));
#3418=DIRECTION('',(2.22044604925031E-16,-1.36642833800019E-16,-1.));
#3419=DIRECTION('',(-1.,-1.36642833800019E-16,-2.22044604925031E-16));
#3420=DIRECTION('center_axis',(-2.39567711394007E-16,1.,-1.36642833800019E-16));
#3421=DIRECTION('ref_axis',(1.,2.39567711394007E-16,2.22044604925031E-16));
#3422=DIRECTION('',(1.,2.39567711394007E-16,2.22044604925031E-16));
#3423=DIRECTION('',(-2.22044604925031E-16,1.36642833800019E-16,1.));
#3424=DIRECTION('center_axis',(1.51578213308393E-15,1.,-1.36642833800019E-16));
#3425=DIRECTION('ref_axis',(1.,-1.51578213308393E-15,2.22044604925031E-16));
#3426=DIRECTION('',(2.22044604925031E-16,-1.36642833800019E-16,-1.));
#3427=DIRECTION('',(1.,-1.51578213308393E-15,2.22044604925031E-16));
#3428=DIRECTION('',(2.22044604925031E-16,-1.36642833800019E-16,-1.));
#3429=DIRECTION('center_axis',(1.,-2.76463407920969E-16,2.22044604925031E-16));
#3430=DIRECTION('ref_axis',(-2.76463407920969E-16,-1.,1.36642833800019E-16));
#3431=DIRECTION('',(-2.76463407920969E-16,-1.,1.36642833800019E-16));
#3432=DIRECTION('center_axis',(1.37596155896299E-15,-1.,1.3664283380002E-16));
#3433=DIRECTION('ref_axis',(-1.,-1.37596155896299E-15,-2.22044604925031E-16));
#3434=DIRECTION('',(2.22044604925031E-16,-1.36642833800019E-16,-1.));
#3435=DIRECTION('',(-1.,-1.37596155896299E-15,-2.22044604925031E-16));
#3436=DIRECTION('',(2.22044604925031E-16,-1.36642833800019E-16,-1.));
#3437=DIRECTION('center_axis',(1.,-2.76463407920969E-16,2.22044604925031E-16));
#3438=DIRECTION('ref_axis',(-2.76463407920969E-16,-1.,1.36642833800019E-16));
#3439=DIRECTION('',(-2.76463407920969E-16,-1.,1.36642833800019E-16));
#3440=DIRECTION('center_axis',(-1.,-1.36642833800019E-16,-2.22044604925031E-16));
#3441=DIRECTION('ref_axis',(-1.36642833800019E-16,1.,-1.36642833800019E-16));
#3442=DIRECTION('',(-1.36642833800019E-16,1.,-1.36642833800019E-16));
#3443=DIRECTION('center_axis',(-1.,-1.36642833800019E-16,-2.22044604925031E-16));
#3444=DIRECTION('ref_axis',(-1.36642833800019E-16,1.,-1.36642833800019E-16));
#3445=DIRECTION('',(-1.36642833800019E-16,1.,-1.36642833800019E-16));
#3446=DIRECTION('center_axis',(2.22044604925031E-16,-1.36642833800019E-16,
-1.));
#3447=DIRECTION('ref_axis',(-1.36642833800019E-16,1.,-1.36642833800019E-16));
#3448=DIRECTION('',(2.22044604925031E-16,-1.36642833800019E-16,-1.));
#3449=DIRECTION('center_axis',(2.22044604925031E-16,-1.36642833800019E-16,
-1.));
#3450=DIRECTION('ref_axis',(-1.36642833800019E-16,1.,-1.36642833800019E-16));
#3451=DIRECTION('center_axis',(2.22044604925031E-16,-1.36642833800019E-16,
-1.));
#3452=DIRECTION('ref_axis',(-1.36642833800019E-16,1.,-1.36642833800019E-16));
#3453=DIRECTION('',(2.22044604925031E-16,-1.36642833800019E-16,-1.));
#3454=DIRECTION('center_axis',(2.22044604925031E-16,-1.36642833800019E-16,
-1.));
#3455=DIRECTION('ref_axis',(-1.36642833800019E-16,1.,-1.36642833800019E-16));
#3456=DIRECTION('center_axis',(2.22044604925031E-16,-1.36642833800019E-16,
-1.));
#3457=DIRECTION('ref_axis',(-1.36642833800019E-16,1.,-1.36642833800019E-16));
#3458=DIRECTION('',(2.22044604925031E-16,-1.36642833800019E-16,-1.));
#3459=DIRECTION('center_axis',(2.22044604925031E-16,-1.36642833800019E-16,
-1.));
#3460=DIRECTION('ref_axis',(-1.36642833800019E-16,1.,-1.36642833800019E-16));
#3461=DIRECTION('center_axis',(2.22044604925031E-16,-1.36642833800019E-16,
-1.));
#3462=DIRECTION('ref_axis',(-1.36642833800019E-16,1.,-1.36642833800019E-16));
#3463=DIRECTION('',(2.22044604925031E-16,-1.36642833800019E-16,-1.));
#3464=DIRECTION('center_axis',(2.22044604925031E-16,-1.36642833800019E-16,
-1.));
#3465=DIRECTION('ref_axis',(-1.36642833800019E-16,1.,-1.36642833800019E-16));
#3466=DIRECTION('center_axis',(-2.22044604925031E-16,1.36642833800019E-16,
1.));
#3467=DIRECTION('ref_axis',(-1.36642833800019E-16,1.,-1.36642833800019E-16));
#3468=DIRECTION('center_axis',(2.22044604925031E-16,2.22044604925031E-16,
-1.));
#3469=DIRECTION('ref_axis',(1.,2.22044604925031E-16,2.22044604925031E-16));
#3470=DIRECTION('center_axis',(-2.22044604925031E-16,-2.22044604925031E-16,
1.));
#3471=DIRECTION('ref_axis',(1.,2.22044604925031E-16,2.22044604925031E-16));
#3472=DIRECTION('',(-2.22044604925031E-16,-2.22044604925031E-16,1.));
#3473=DIRECTION('center_axis',(-2.22044604925031E-16,-2.22044604925031E-16,
1.));
#3474=DIRECTION('ref_axis',(1.,2.22044604925031E-16,2.22044604925031E-16));
#3475=DIRECTION('center_axis',(2.22044604925031E-16,2.22044604925031E-16,
-1.));
#3476=DIRECTION('ref_axis',(1.,2.22044604925031E-16,2.22044604925031E-16));
#3477=DIRECTION('center_axis',(-2.22044604925031E-16,-2.22044604925031E-16,
1.));
#3478=DIRECTION('ref_axis',(1.,2.22044604925031E-16,2.22044604925031E-16));
#3479=DIRECTION('',(-2.22044604925031E-16,-2.22044604925031E-16,1.));
#3480=DIRECTION('center_axis',(-2.22044604925031E-16,-2.22044604925031E-16,
1.));
#3481=DIRECTION('ref_axis',(1.,2.22044604925031E-16,2.22044604925031E-16));
#3482=DIRECTION('center_axis',(2.22044604925031E-16,2.22044604925031E-16,
-1.));
#3483=DIRECTION('ref_axis',(1.,2.22044604925031E-16,2.22044604925031E-16));
#3484=DIRECTION('center_axis',(-2.22044604925031E-16,-2.22044604925031E-16,
1.));
#3485=DIRECTION('ref_axis',(1.,2.22044604925031E-16,2.22044604925031E-16));
#3486=DIRECTION('',(-2.22044604925031E-16,-2.22044604925031E-16,1.));
#3487=DIRECTION('center_axis',(-2.22044604925031E-16,-2.22044604925031E-16,
1.));
#3488=DIRECTION('ref_axis',(1.,2.22044604925031E-16,2.22044604925031E-16));
#3489=DIRECTION('center_axis',(1.,2.22044604925031E-16,2.22044604925031E-16));
#3490=DIRECTION('ref_axis',(2.22044604925031E-16,-1.,-2.22044604925031E-16));
#3491=DIRECTION('',(-2.22044604925031E-16,1.,2.22044604925031E-16));
#3492=DIRECTION('',(2.22044604925031E-16,2.22044604925031E-16,-1.));
#3493=DIRECTION('',(2.22044604925031E-16,-1.,-2.22044604925031E-16));
#3494=DIRECTION('',(2.22044604925031E-16,2.22044604925031E-16,-1.));
#3495=DIRECTION('center_axis',(0.605945346813052,0.795506276955506,3.11184772121233E-16));
#3496=DIRECTION('ref_axis',(0.795506276955506,-0.605945346813052,4.20909818427027E-17));
#3497=DIRECTION('',(-0.795506276955506,0.605945346813052,-4.20909818427027E-17));
#3498=DIRECTION('',(0.795506276955506,-0.605945346813052,4.20909818427027E-17));
#3499=DIRECTION('',(2.22044604925031E-16,2.22044604925031E-16,-1.));
#3500=DIRECTION('center_axis',(-2.22044604925031E-16,1.,2.22044604925031E-16));
#3501=DIRECTION('ref_axis',(1.,2.22044604925031E-16,2.22044604925031E-16));
#3502=DIRECTION('',(1.,2.22044604925031E-16,2.22044604925031E-16));
#3503=DIRECTION('',(1.,2.22044604925031E-16,2.22044604925031E-16));
#3504=DIRECTION('',(2.22044604925031E-16,2.22044604925031E-16,-1.));
#3505=DIRECTION('center_axis',(2.22044604925031E-16,2.22044604925031E-16,
-1.));
#3506=DIRECTION('ref_axis',(1.,2.22044604925031E-16,2.22044604925031E-16));
#3507=DIRECTION('center_axis',(2.22044604925031E-16,2.22044604925031E-16,
-1.));
#3508=DIRECTION('ref_axis',(1.,2.22044604925031E-16,2.22044604925031E-16));
#3509=DIRECTION('center_axis',(2.22044604925031E-16,2.22044604925031E-16,
-1.));
#3510=DIRECTION('ref_axis',(1.,2.22044604925031E-16,2.22044604925031E-16));
#3511=DIRECTION('',(2.22044604925031E-16,2.22044604925031E-16,-1.));
#3512=DIRECTION('center_axis',(-2.22044604925031E-16,1.,2.22044604925031E-16));
#3513=DIRECTION('ref_axis',(1.,2.22044604925031E-16,2.22044604925031E-16));
#3514=DIRECTION('',(-1.,-2.22044604925031E-16,-2.22044604925031E-16));
#3515=DIRECTION('',(1.,2.22044604925031E-16,2.22044604925031E-16));
#3516=DIRECTION('',(2.22044604925031E-16,2.22044604925031E-16,-1.));
#3517=DIRECTION('center_axis',(-0.605945346813052,0.795506276955506,4.20909818427027E-17));
#3518=DIRECTION('ref_axis',(0.795506276955506,0.605945346813052,3.11184772121233E-16));
#3519=DIRECTION('',(0.795506276955506,0.605945346813052,3.11184772121233E-16));
#3520=DIRECTION('',(0.795506276955506,0.605945346813052,3.11184772121233E-16));
#3521=DIRECTION('',(2.22044604925031E-16,2.22044604925031E-16,-1.));
#3522=DIRECTION('center_axis',(-1.,-2.22044604925031E-16,-2.22044604925031E-16));
#3523=DIRECTION('ref_axis',(-2.22044604925031E-16,1.,2.22044604925031E-16));
#3524=DIRECTION('',(2.22044604925031E-16,-1.,-2.22044604925031E-16));
#3525=DIRECTION('',(-2.22044604925031E-16,1.,2.22044604925031E-16));
#3526=DIRECTION('',(2.22044604925031E-16,2.22044604925031E-16,-1.));
#3527=DIRECTION('center_axis',(-0.642959801577385,-0.765899923981958,-3.12829701156612E-16));
#3528=DIRECTION('ref_axis',(-0.765899923981958,0.642959801577385,-2.72981909087582E-17));
#3529=DIRECTION('',(0.765899923981958,-0.642959801577385,2.72981909087582E-17));
#3530=DIRECTION('',(-0.765899923981958,0.642959801577385,-2.72981909087582E-17));
#3531=DIRECTION('',(2.22044604925031E-16,2.22044604925031E-16,-1.));
#3532=DIRECTION('center_axis',(2.22044604925031E-16,-1.,-2.22044604925031E-16));
#3533=DIRECTION('ref_axis',(-1.,-2.22044604925031E-16,-2.22044604925031E-16));
#3534=DIRECTION('',(-1.,-2.22044604925031E-16,-2.22044604925031E-16));
#3535=DIRECTION('',(-1.,-2.22044604925031E-16,-2.22044604925031E-16));
#3536=DIRECTION('',(2.22044604925031E-16,2.22044604925031E-16,-1.));
#3537=DIRECTION('center_axis',(2.22044604925031E-16,2.22044604925031E-16,
-1.));
#3538=DIRECTION('ref_axis',(1.,2.22044604925031E-16,2.22044604925031E-16));
#3539=DIRECTION('center_axis',(2.22044604925031E-16,2.22044604925031E-16,
-1.));
#3540=DIRECTION('ref_axis',(1.,2.22044604925031E-16,2.22044604925031E-16));
#3541=DIRECTION('center_axis',(2.22044604925031E-16,2.22044604925031E-16,
-1.));
#3542=DIRECTION('ref_axis',(1.,2.22044604925031E-16,2.22044604925031E-16));
#3543=DIRECTION('',(2.22044604925031E-16,2.22044604925031E-16,-1.));
#3544=DIRECTION('center_axis',(2.22044604925031E-16,-1.,-2.22044604925031E-16));
#3545=DIRECTION('ref_axis',(-1.,-2.22044604925031E-16,-2.22044604925031E-16));
#3546=DIRECTION('',(1.,2.22044604925031E-16,2.22044604925031E-16));
#3547=DIRECTION('',(-1.,-2.22044604925031E-16,-2.22044604925031E-16));
#3548=DIRECTION('',(2.22044604925031E-16,2.22044604925031E-16,-1.));
#3549=DIRECTION('center_axis',(0.642959801577386,-0.765899923981958,-2.72981909087582E-17));
#3550=DIRECTION('ref_axis',(-0.765899923981958,-0.642959801577386,-3.12829701156612E-16));
#3551=DIRECTION('',(-0.765899923981958,-0.642959801577386,-3.12829701156612E-16));
#3552=DIRECTION('',(-0.765899923981958,-0.642959801577386,-3.12829701156612E-16));
#3553=DIRECTION('center_axis',(2.22044604925031E-16,2.22044604925031E-16,
-1.));
#3554=DIRECTION('ref_axis',(1.,2.22044604925031E-16,2.22044604925031E-16));
#3555=DIRECTION('center_axis',(2.22044604925031E-16,2.22044604925031E-16,
-1.));
#3556=DIRECTION('ref_axis',(1.,2.22044604925031E-16,2.22044604925031E-16));
#3557=DIRECTION('',(3.46944699538316E-18,6.35274710218051E-21,1.));
#3558=DIRECTION('',(1.,1.35525271560688E-20,-2.30367046224917E-36));
#3559=DIRECTION('axis',(0.,0.,1.));
#3560=DIRECTION('refdir',(1.,0.,0.));
#3561=DIRECTION('center_axis',(-2.1744145687698E-10,6.14279217854197E-15,
-1.));
#3562=DIRECTION('ref_axis',(1.,3.30890294554366E-16,-2.1744145687698E-10));
#3563=DIRECTION('',(-1.,-3.3089029278011E-16,-4.89128958827901E-20));
#3564=DIRECTION('center_axis',(2.1744145687698E-10,-6.14279217854197E-15,
1.));
#3565=DIRECTION('ref_axis',(1.,3.30890294554366E-16,-2.1744145687698E-10));
#3566=DIRECTION('',(1.,3.3089029278011E-16,4.89128958827901E-20));
#3567=DIRECTION('center_axis',(2.1744145687698E-10,-6.14279217854197E-15,
1.));
#3568=DIRECTION('ref_axis',(1.,3.30890294554366E-16,-2.1744145687698E-10));
#3569=DIRECTION('center_axis',(2.1744145687698E-10,-6.14279217854197E-15,
1.));
#3570=DIRECTION('ref_axis',(1.,3.30890294554366E-16,-2.1744145687698E-10));
#3571=DIRECTION('center_axis',(-2.1744145687698E-10,6.14279217854197E-15,
-1.));
#3572=DIRECTION('ref_axis',(1.,3.30890294554366E-16,-2.1744145687698E-10));
#3573=DIRECTION('',(-1.,-3.3089029278011E-16,-4.89128958827901E-20));
#3574=DIRECTION('center_axis',(2.1744145687698E-10,-6.14279217854197E-15,
1.));
#3575=DIRECTION('ref_axis',(1.,3.30890294554366E-16,-2.1744145687698E-10));
#3576=DIRECTION('',(1.,3.3089029278011E-16,4.89128958827901E-20));
#3577=DIRECTION('center_axis',(2.1744145687698E-10,-6.14279217854197E-15,
1.));
#3578=DIRECTION('ref_axis',(1.,3.30890294554366E-16,-2.1744145687698E-10));
#3579=DIRECTION('center_axis',(2.1744145687698E-10,-6.14279217854197E-15,
1.));
#3580=DIRECTION('ref_axis',(1.,3.30890294554366E-16,-2.1744145687698E-10));
#3581=DIRECTION('center_axis',(-2.1744145687698E-10,6.14279217854197E-15,
-1.));
#3582=DIRECTION('ref_axis',(1.,3.30890294554366E-16,-2.1744145687698E-10));
#3583=DIRECTION('',(-1.,-3.3089029278011E-16,-4.89128958827901E-20));
#3584=DIRECTION('center_axis',(2.1744145687698E-10,-6.14279217854197E-15,
1.));
#3585=DIRECTION('ref_axis',(1.,3.30890294554366E-16,-2.1744145687698E-10));
#3586=DIRECTION('',(1.,3.3089029278011E-16,4.89128958827901E-20));
#3587=DIRECTION('center_axis',(2.1744145687698E-10,-6.14279217854197E-15,
1.));
#3588=DIRECTION('ref_axis',(1.,3.30890294554366E-16,-2.1744145687698E-10));
#3589=DIRECTION('center_axis',(2.1744145687698E-10,-6.14279217854197E-15,
1.));
#3590=DIRECTION('ref_axis',(1.,3.30890294554366E-16,-2.1744145687698E-10));
#3591=DIRECTION('center_axis',(-2.1744145687698E-10,6.14279217854197E-15,
-1.));
#3592=DIRECTION('ref_axis',(1.,3.30890294554366E-16,-2.1744145687698E-10));
#3593=DIRECTION('',(3.30890293218669E-16,-1.,-6.14279217861392E-15));
#3594=DIRECTION('',(1.,3.30890294554356E-16,-2.17439763974576E-10));
#3595=DIRECTION('',(-3.30890293888381E-16,1.,3.06282389518283E-15));
#3596=DIRECTION('',(-1.,-3.30890294554366E-16,2.1744145687698E-10));
#3597=DIRECTION('',(-3.88186218135574E-14,1.,6.14279218698275E-15));
#3598=DIRECTION('',(1.,3.30890294554365E-16,-2.17441293998121E-10));
#3599=DIRECTION('',(3.82265028670907E-14,-1.,-6.142792186854E-15));
#3600=DIRECTION('',(-1.,-3.51250151965428E-16,2.1744145687698E-10));
#3601=DIRECTION('',(1.,3.30890294554366E-16,-2.1744145687698E-10));
#3602=DIRECTION('',(2.21602713793571E-16,-1.,-6.14279217859016E-15));
#3603=DIRECTION('',(-1.,-3.30890294554366E-16,2.1744145687698E-10));
#3604=DIRECTION('',(2.21602713793571E-16,-1.,-6.14279217859016E-15));
#3605=DIRECTION('',(-3.82265028669619E-14,1.,6.73491113332075E-15));
#3606=DIRECTION('',(1.,3.30890294554365E-16,-2.17441293998121E-10));
#3607=DIRECTION('',(3.82265028670907E-14,-1.,-6.142792186854E-15));
#3608=DIRECTION('',(-1.,-3.51250151965428E-16,2.1744145687698E-10));
#3609=DIRECTION('center_axis',(-2.17443840662071E-10,6.14279217854196E-15,
-1.));
#3610=DIRECTION('ref_axis',(1.,3.30890294554381E-16,-2.17443840662071E-10));
#3611=DIRECTION('center_axis',(2.1744145687698E-10,-6.14279217854197E-15,
1.));
#3612=DIRECTION('ref_axis',(1.,3.30890294554366E-16,-2.1744145687698E-10));
#3613=DIRECTION('',(2.17443840662071E-10,-6.14279217854196E-15,1.));
#3614=DIRECTION('center_axis',(4.89128958801071E-20,7.99316388629875E-15,
-1.));
#3615=DIRECTION('ref_axis',(1.,3.30890293299138E-16,4.89128956799584E-20));
#3616=DIRECTION('center_axis',(-2.17443840662071E-10,6.14279217854196E-15,
-1.));
#3617=DIRECTION('ref_axis',(1.,3.30890294554381E-16,-2.17443840662071E-10));
#3618=DIRECTION('center_axis',(2.1744145687698E-10,-6.14279217854197E-15,
1.));
#3619=DIRECTION('ref_axis',(1.,3.30890294554366E-16,-2.1744145687698E-10));
#3620=DIRECTION('',(2.17443840662071E-10,-6.14279217854196E-15,1.));
#3621=DIRECTION('center_axis',(4.89128958801071E-20,7.99316388629875E-15,
-1.));
#3622=DIRECTION('ref_axis',(1.,3.30890293299138E-16,4.89128956799584E-20));
#3623=DIRECTION('center_axis',(-2.17443840662071E-10,6.14279217854196E-15,
-1.));
#3624=DIRECTION('ref_axis',(1.,3.30890294554381E-16,-2.17443840662071E-10));
#3625=DIRECTION('center_axis',(2.1744145687698E-10,-6.14279217854197E-15,
1.));
#3626=DIRECTION('ref_axis',(1.,3.30890294554366E-16,-2.1744145687698E-10));
#3627=DIRECTION('',(2.17443840662071E-10,-6.14279217854196E-15,1.));
#3628=DIRECTION('center_axis',(4.89128958801071E-20,7.99316388629875E-15,
-1.));
#3629=DIRECTION('ref_axis',(1.,3.3089029320861E-16,4.89128956799584E-20));
#3630=DIRECTION('center_axis',(4.89128958801071E-20,7.99316388629875E-15,
-1.));
#3631=DIRECTION('ref_axis',(1.,3.3089029320861E-16,4.89128956799584E-20));
#3632=DIRECTION('center_axis',(-2.17443840662071E-10,6.14279217854196E-15,
-1.));
#3633=DIRECTION('ref_axis',(1.,3.30890294554381E-16,-2.17443840662071E-10));
#3634=DIRECTION('center_axis',(2.1744145687698E-10,-6.14279217854197E-15,
1.));
#3635=DIRECTION('ref_axis',(1.,3.30890294554366E-16,-2.1744145687698E-10));
#3636=DIRECTION('',(2.17443840662071E-10,-6.14279217854196E-15,1.));
#3637=DIRECTION('center_axis',(4.89128958801071E-20,7.99316388629875E-15,
-1.));
#3638=DIRECTION('ref_axis',(1.,3.3089029320861E-16,4.89128956799584E-20));
#3639=DIRECTION('center_axis',(4.89128958801071E-20,7.99316388629875E-15,
-1.));
#3640=DIRECTION('ref_axis',(1.,3.3089029320861E-16,4.89128956799584E-20));
#3641=DIRECTION('center_axis',(-2.17443840662071E-10,6.14279217854196E-15,
-1.));
#3642=DIRECTION('ref_axis',(1.,3.30890294554381E-16,-2.17443840662071E-10));
#3643=DIRECTION('center_axis',(2.1744145687698E-10,-6.14279217854197E-15,
1.));
#3644=DIRECTION('ref_axis',(1.,3.30890294554366E-16,-2.1744145687698E-10));
#3645=DIRECTION('',(2.17443840662071E-10,-6.14279217854196E-15,1.));
#3646=DIRECTION('center_axis',(4.89128958801071E-20,7.99316388629875E-15,
-1.));
#3647=DIRECTION('ref_axis',(1.,3.3089029320861E-16,4.89128956799584E-20));
#3648=DIRECTION('center_axis',(4.89128958801071E-20,7.99316388629875E-15,
-1.));
#3649=DIRECTION('ref_axis',(1.,3.3089029320861E-16,4.89128956799584E-20));
#3650=DIRECTION('center_axis',(-3.30890293218669E-16,1.,6.14279217861391E-15));
#3651=DIRECTION('ref_axis',(1.,3.30890294554356E-16,-2.17439763974576E-10));
#3652=DIRECTION('',(-2.17443840662071E-10,6.14279217854196E-15,-1.));
#3653=DIRECTION('',(1.,3.30890294554356E-16,-2.17439763974576E-10));
#3654=DIRECTION('',(-2.17443840662071E-10,6.14279217854196E-15,-1.));
#3655=DIRECTION('center_axis',(-1.,-3.30890294554374E-16,2.17443840662071E-10));
#3656=DIRECTION('ref_axis',(-3.30890293888381E-16,1.,3.06282389518283E-15));
#3657=DIRECTION('',(-3.30890293888381E-16,1.,3.06282389518283E-15));
#3658=DIRECTION('',(-2.17443840662071E-10,6.14279217854196E-15,-1.));
#3659=DIRECTION('center_axis',(3.30890293218669E-16,-1.,-6.14279217861391E-15));
#3660=DIRECTION('ref_axis',(-1.,-3.30890294554366E-16,2.1744145687698E-10));
#3661=DIRECTION('',(-1.,-3.30890294554366E-16,2.1744145687698E-10));
#3662=DIRECTION('',(-2.17443840662071E-10,6.14279217854196E-15,-1.));
#3663=DIRECTION('center_axis',(1.,3.30890294554381E-16,-2.17443840662071E-10));
#3664=DIRECTION('ref_axis',(3.30890293218669E-16,-1.,-6.14279217861392E-15));
#3665=DIRECTION('',(3.30890293218669E-16,-1.,-6.14279217861392E-15));
#3666=DIRECTION('center_axis',(-2.1744145687698E-10,6.14279217854197E-15,
-1.));
#3667=DIRECTION('ref_axis',(1.,3.30890294554366E-16,-2.1744145687698E-10));
#3668=DIRECTION('center_axis',(-4.89128958801071E-20,-7.99316388629875E-15,
1.));
#3669=DIRECTION('ref_axis',(-1.,-3.3089029278011E-16,-4.89128958827901E-20));
#3670=DIRECTION('',(-1.,-3.3089029278011E-16,-4.89128958827901E-20));
#3671=DIRECTION('',(-1.,-3.3089029278011E-16,-4.89128958827901E-20));
#3672=DIRECTION('',(-1.,-3.3089029278011E-16,-4.89128958827901E-20));
#3673=DIRECTION('',(2.21602713793571E-16,-1.,-7.99316388629875E-15));
#3674=DIRECTION('',(1.,3.3089029278011E-16,4.89128958827901E-20));
#3675=DIRECTION('',(2.21602713793571E-16,-1.,-7.99316388629875E-15));
#3676=DIRECTION('',(-1.,-3.3089029278011E-16,-4.89128958827901E-20));
#3677=DIRECTION('center_axis',(-2.21602713793571E-16,1.,7.99316388629875E-15));
#3678=DIRECTION('ref_axis',(-1.,-2.21602713793571E-16,-4.89128956799299E-20));
#3679=DIRECTION('',(2.70637414214852E-5,-8.15968838187494E-15,0.999999999633777));
#3680=DIRECTION('',(4.89128958800701E-20,8.15969733999253E-15,-1.));
#3681=DIRECTION('center_axis',(-4.89128958801071E-20,-7.99316388629875E-15,
1.));
#3682=DIRECTION('ref_axis',(-1.,-3.3089029278011E-16,-4.89128958827901E-20));
#3683=DIRECTION('',(1.,3.3089029278011E-16,4.89128958827901E-20));
#3684=DIRECTION('',(2.21602713793571E-16,-1.,-7.99316388629875E-15));
#3685=DIRECTION('',(-1.,-3.3089029278011E-16,-4.89128958827901E-20));
#3686=DIRECTION('',(2.21602713793571E-16,-1.,-7.99316388629875E-15));
#3687=DIRECTION('',(1.,3.3089029278011E-16,4.89128958827901E-20));
#3688=DIRECTION('',(1.,3.3089029278011E-16,4.89128958827901E-20));
#3689=DIRECTION('',(1.,3.3089029278011E-16,4.89128958827901E-20));
#3690=DIRECTION('center_axis',(2.21602713793571E-16,-1.,-7.99316388629875E-15));
#3691=DIRECTION('ref_axis',(1.,2.21602713793571E-16,4.89128956799299E-20));
#3692=DIRECTION('',(-4.89128958800701E-20,-8.15969733999253E-15,1.));
#3693=DIRECTION('',(-2.70637414214852E-5,8.15968838187494E-15,-0.999999999633777));
#3694=DIRECTION('center_axis',(3.3089029278011E-16,-1.,-8.15969733999253E-15));
#3695=DIRECTION('ref_axis',(4.89128958800701E-20,8.15969733999253E-15,-1.));
#3696=DIRECTION('',(-4.89128958800701E-20,-8.15969733999253E-15,1.));
#3697=DIRECTION('center_axis',(3.3089029278011E-16,-1.,-8.15969733999253E-15));
#3698=DIRECTION('ref_axis',(4.89128958800835E-20,8.15969733999253E-15,-1.));
#3699=DIRECTION('',(-2.70637414214852E-5,8.15968838187494E-15,-0.999999999633777));
#3700=DIRECTION('center_axis',(-3.3089029278011E-16,1.,8.15969733999253E-15));
#3701=DIRECTION('ref_axis',(4.89128958800511E-20,8.15969733999253E-15,-1.));
#3702=DIRECTION('center_axis',(-3.3089029278011E-16,1.,8.15969733999253E-15));
#3703=DIRECTION('ref_axis',(4.89128958800903E-20,8.15969733999253E-15,-1.));
#3704=DIRECTION('center_axis',(-3.3089029278011E-16,1.,8.15969733999253E-15));
#3705=DIRECTION('ref_axis',(4.89128958800903E-20,8.15969733999253E-15,-1.));
#3706=DIRECTION('center_axis',(-3.3089029278011E-16,1.,8.15969733999253E-15));
#3707=DIRECTION('ref_axis',(4.89128958800903E-20,8.15969733999253E-15,-1.));
#3708=DIRECTION('center_axis',(-3.3089029278011E-16,1.,8.15969733999253E-15));
#3709=DIRECTION('ref_axis',(4.89128958800903E-20,8.15969733999253E-15,-1.));
#3710=DIRECTION('center_axis',(1.,2.21602713793571E-16,4.89128958818783E-20));
#3711=DIRECTION('ref_axis',(-4.89128958800701E-20,-8.15969733999253E-15,
1.));
#3712=DIRECTION('',(4.89128958800701E-20,8.15969733999253E-15,-1.));
#3713=DIRECTION('',(2.21602713793571E-16,-1.,-6.14279217859016E-15));
#3714=DIRECTION('center_axis',(2.21602713793571E-16,-1.,-6.14279217859016E-15));
#3715=DIRECTION('ref_axis',(4.8912895880498E-20,6.14279217859016E-15,-1.));
#3716=DIRECTION('',(-2.21602713793571E-16,1.,6.14279217859016E-15));
#3717=DIRECTION('center_axis',(-3.3089029278011E-16,1.,8.15969733999253E-15));
#3718=DIRECTION('ref_axis',(4.89128958800511E-20,8.15969733999253E-15,-1.));
#3719=DIRECTION('center_axis',(2.21602713793571E-16,-1.,-6.14279217859016E-15));
#3720=DIRECTION('ref_axis',(4.89128958805373E-20,6.14279217859016E-15,-1.));
#3721=DIRECTION('',(-2.21602713793571E-16,1.,6.14279217859016E-15));
#3722=DIRECTION('center_axis',(-3.3089029278011E-16,1.,8.15969733999253E-15));
#3723=DIRECTION('ref_axis',(4.89128958800903E-20,8.15969733999253E-15,-1.));
#3724=DIRECTION('center_axis',(2.21602713793571E-16,-1.,-6.14279217859016E-15));
#3725=DIRECTION('ref_axis',(4.89128958805373E-20,6.14279217859016E-15,-1.));
#3726=DIRECTION('',(-2.21602713793571E-16,1.,6.14279217859016E-15));
#3727=DIRECTION('center_axis',(-3.3089029278011E-16,1.,8.15969733999253E-15));
#3728=DIRECTION('ref_axis',(4.89128958800903E-20,8.15969733999253E-15,-1.));
#3729=DIRECTION('center_axis',(2.21602713793571E-16,-1.,-6.14279217859016E-15));
#3730=DIRECTION('ref_axis',(4.89128958805373E-20,6.14279217859016E-15,-1.));
#3731=DIRECTION('',(-2.21602713793571E-16,1.,6.14279217859016E-15));
#3732=DIRECTION('center_axis',(-3.3089029278011E-16,1.,8.15969733999253E-15));
#3733=DIRECTION('ref_axis',(4.89128958800903E-20,8.15969733999253E-15,-1.));
#3734=DIRECTION('center_axis',(2.21602713793571E-16,-1.,-6.14279217859016E-15));
#3735=DIRECTION('ref_axis',(4.89128958805373E-20,6.14279217859016E-15,-1.));
#3736=DIRECTION('',(-2.21602713793571E-16,1.,6.14279217859016E-15));
#3737=DIRECTION('center_axis',(-3.3089029278011E-16,1.,8.15969733999253E-15));
#3738=DIRECTION('ref_axis',(4.89128958800903E-20,8.15969733999253E-15,-1.));
#3739=DIRECTION('center_axis',(-0.999999999633777,-2.21768960651542E-16,
2.70637414214852E-5));
#3740=DIRECTION('ref_axis',(-2.70637414214852E-5,8.15968838187494E-15,-0.999999999633777));
#3741=DIRECTION('',(2.21602713793571E-16,-1.,-6.14279217859016E-15));
#3742=DIRECTION('',(-2.70637414214852E-5,8.15968838187494E-15,-0.999999999633777));
#3743=DIRECTION('center_axis',(2.21602713793571E-16,-1.,-6.14279217859016E-15));
#3744=DIRECTION('ref_axis',(1.22415767018855E-16,-6.14279217859016E-15,
1.));
#3745=DIRECTION('center_axis',(3.3089029278011E-16,-1.,-8.15969733999253E-15));
#3746=DIRECTION('ref_axis',(4.89128958800835E-20,8.15969733999253E-15,-1.));
#3747=DIRECTION('center_axis',(3.3089029278011E-16,-1.,-8.15969733999253E-15));
#3748=DIRECTION('ref_axis',(4.89128958800701E-20,8.15969733999253E-15,-1.));
#3749=DIRECTION('center_axis',(-1.,-3.82265028684264E-14,2.1744088006734E-10));
#3750=DIRECTION('ref_axis',(3.82265028670907E-14,-1.,-6.142792186854E-15));
#3751=DIRECTION('',(2.1744088006734E-10,-6.14279217854198E-15,1.));
#3752=DIRECTION('',(3.82265028670907E-14,-1.,-6.142792186854E-15));
#3753=DIRECTION('',(2.1744088006734E-10,-6.14279217854198E-15,1.));
#3754=DIRECTION('center_axis',(1.,3.88186218148931E-14,-2.1744088006734E-10));
#3755=DIRECTION('ref_axis',(-3.88186218135574E-14,1.,6.14279218698275E-15));
#3756=DIRECTION('',(2.1744088006734E-10,-6.14279217854198E-15,1.));
#3757=DIRECTION('',(-3.88186218135574E-14,1.,6.14279218698275E-15));
#3758=DIRECTION('',(2.1744088006734E-10,-6.14279217854198E-15,1.));
#3759=DIRECTION('center_axis',(-2.1744145687698E-10,6.14279217854197E-15,
-1.));
#3760=DIRECTION('ref_axis',(1.,3.30890294554366E-16,-2.1744145687698E-10));
#3761=DIRECTION('',(-1.,-3.30890294554365E-16,2.17441293998121E-10));
#3762=DIRECTION('',(-3.30890293089917E-16,1.,6.73491112508064E-15));
#3763=DIRECTION('',(1.,3.51250151965428E-16,-2.1744145687698E-10));
#3764=DIRECTION('center_axis',(2.1744145687698E-10,-6.14279217854197E-15,
1.));
#3765=DIRECTION('ref_axis',(1.,3.30890294554366E-16,-2.1744145687698E-10));
#3766=DIRECTION('center_axis',(2.1744145687698E-10,-6.14279217854197E-15,
1.));
#3767=DIRECTION('ref_axis',(1.,3.30890294554366E-16,-2.1744145687698E-10));
#3768=DIRECTION('center_axis',(-2.1744145687698E-10,6.14279217854197E-15,
-1.));
#3769=DIRECTION('ref_axis',(1.,3.30890294554366E-16,-2.1744145687698E-10));
#3770=DIRECTION('',(1.,3.51250151965428E-16,-2.1744145687698E-10));
#3771=DIRECTION('',(3.82265028670907E-14,-1.,-6.142792186854E-15));
#3772=DIRECTION('',(-1.,-3.30890294554365E-16,2.17441293998121E-10));
#3773=DIRECTION('center_axis',(2.1744145687698E-10,-6.14279217854197E-15,
1.));
#3774=DIRECTION('ref_axis',(1.,3.30890294554366E-16,-2.1744145687698E-10));
#3775=DIRECTION('center_axis',(2.1744145687698E-10,-6.14279217854197E-15,
1.));
#3776=DIRECTION('ref_axis',(1.,3.30890294554366E-16,-2.1744145687698E-10));
#3777=DIRECTION('center_axis',(-2.17443840662073E-10,6.88294086162543E-15,
-1.));
#3778=DIRECTION('ref_axis',(1.,3.30890294554383E-16,-2.17443840662073E-10));
#3779=DIRECTION('',(2.17443840662073E-10,-6.88294086162543E-15,1.));
#3780=DIRECTION('center_axis',(2.1744145687698E-10,-6.14279217854197E-15,
1.));
#3781=DIRECTION('ref_axis',(1.,3.30890294554366E-16,-2.1744145687698E-10));
#3782=DIRECTION('center_axis',(-2.17443840662073E-10,6.88294086162543E-15,
-1.));
#3783=DIRECTION('ref_axis',(1.,3.30890294554383E-16,-2.17443840662073E-10));
#3784=DIRECTION('',(2.17443840662073E-10,-6.88294086162543E-15,1.));
#3785=DIRECTION('center_axis',(2.1744145687698E-10,-6.14279217854197E-15,
1.));
#3786=DIRECTION('ref_axis',(1.,3.30890294554366E-16,-2.1744145687698E-10));
#3787=DIRECTION('center_axis',(-2.17443840662073E-10,6.88294086162543E-15,
-1.));
#3788=DIRECTION('ref_axis',(1.,3.30890294554383E-16,-2.17443840662073E-10));
#3789=DIRECTION('',(2.17443840662073E-10,-6.88294086162543E-15,1.));
#3790=DIRECTION('center_axis',(2.1744145687698E-10,-6.14279217854197E-15,
1.));
#3791=DIRECTION('ref_axis',(1.,3.30890294554366E-16,-2.1744145687698E-10));
#3792=DIRECTION('center_axis',(-2.17443840662073E-10,6.88294086162543E-15,
-1.));
#3793=DIRECTION('ref_axis',(1.,3.30890294554383E-16,-2.17443840662073E-10));
#3794=DIRECTION('',(2.17443840662073E-10,-6.88294086162543E-15,1.));
#3795=DIRECTION('center_axis',(2.1744145687698E-10,-6.14279217854197E-15,
1.));
#3796=DIRECTION('ref_axis',(1.,3.30890294554366E-16,-2.1744145687698E-10));
#3797=DIRECTION('center_axis',(-3.51250150468791E-16,1.,6.88294086170181E-15));
#3798=DIRECTION('ref_axis',(1.,3.51250151965428E-16,-2.1744145687698E-10));
#3799=DIRECTION('',(-1.,-3.51250151965428E-16,2.1744145687698E-10));
#3800=DIRECTION('',(-2.17443840662073E-10,6.88294086162543E-15,-1.));
#3801=DIRECTION('',(-2.17443840662073E-10,6.88294086162543E-15,-1.));
#3802=DIRECTION('center_axis',(-1.,-3.30890294554382E-16,2.17443840662073E-10));
#3803=DIRECTION('ref_axis',(-3.30890293089917E-16,1.,6.73491112508064E-15));
#3804=DIRECTION('',(3.30890293089917E-16,-1.,-6.73491112508064E-15));
#3805=DIRECTION('',(-2.17443840662073E-10,6.88294086162543E-15,-1.));
#3806=DIRECTION('center_axis',(3.3089029305773E-16,-1.,-6.88294086169738E-15));
#3807=DIRECTION('ref_axis',(-1.,-3.30890294554365E-16,2.17441293998121E-10));
#3808=DIRECTION('',(1.,3.30890294554365E-16,-2.17441293998121E-10));
#3809=DIRECTION('',(-2.17443840662073E-10,6.88294086162543E-15,-1.));
#3810=DIRECTION('center_axis',(1.,3.82265028684264E-14,-2.17443840662073E-10));
#3811=DIRECTION('ref_axis',(3.82265028670907E-14,-1.,-6.142792186854E-15));
#3812=DIRECTION('',(3.82265028670907E-14,-1.,-6.142792186854E-15));
#3813=DIRECTION('center_axis',(-2.1744145687698E-10,6.14279217854197E-15,
-1.));
#3814=DIRECTION('ref_axis',(1.,3.30890294554366E-16,-2.1744145687698E-10));
#3815=DIRECTION('center_axis',(-1.,-3.82265028684264E-14,2.17443840662072E-10));
#3816=DIRECTION('ref_axis',(3.82265028670907E-14,-1.,-6.142792186854E-15));
#3817=DIRECTION('',(2.17443840662072E-10,-6.14279217854197E-15,1.));
#3818=DIRECTION('',(3.82265028669619E-14,-1.,-6.73491113332075E-15));
#3819=DIRECTION('',(2.17443840662072E-10,-6.14279217854197E-15,1.));
#3820=DIRECTION('center_axis',(1.,3.82265028684264E-14,-2.17443840662072E-10));
#3821=DIRECTION('ref_axis',(-3.82265028669619E-14,1.,6.73491113332075E-15));
#3822=DIRECTION('',(2.17443840662072E-10,-6.14279217854197E-15,1.));
#3823=DIRECTION('',(-3.82265028669619E-14,1.,6.73491113332075E-15));
#3824=DIRECTION('',(2.17443840662072E-10,-6.14279217854197E-15,1.));
#3825=DIRECTION('center_axis',(-2.1744145687698E-10,6.73491112500872E-15,
-1.));
#3826=DIRECTION('ref_axis',(1.,3.30890294554366E-16,-2.1744145687698E-10));
#3827=DIRECTION('',(-1.,-3.30890294554365E-16,2.17441293998121E-10));
#3828=DIRECTION('',(-3.82265028670907E-14,1.,6.142792186854E-15));
#3829=DIRECTION('',(1.,3.51250151965428E-16,-2.1744145687698E-10));
#3830=DIRECTION('center_axis',(2.1744145687698E-10,-6.14279217854197E-15,
1.));
#3831=DIRECTION('ref_axis',(1.,3.30890294554366E-16,-2.1744145687698E-10));
#3832=DIRECTION('center_axis',(2.1744145687698E-10,-6.14279217854197E-15,
1.));
#3833=DIRECTION('ref_axis',(1.,3.30890294554366E-16,-2.1744145687698E-10));
#3834=DIRECTION('center_axis',(-2.1744145687698E-10,6.73491112500872E-15,
-1.));
#3835=DIRECTION('ref_axis',(1.,3.30890294554366E-16,-2.1744145687698E-10));
#3836=DIRECTION('',(1.,3.51250151965428E-16,-2.1744145687698E-10));
#3837=DIRECTION('',(3.30890293218669E-16,-1.,-6.14279217861392E-15));
#3838=DIRECTION('',(-1.,-3.30890294554365E-16,2.17441293998121E-10));
#3839=DIRECTION('center_axis',(2.1744145687698E-10,-6.14279217854197E-15,
1.));
#3840=DIRECTION('ref_axis',(1.,3.30890294554366E-16,-2.1744145687698E-10));
#3841=DIRECTION('center_axis',(2.1744145687698E-10,-6.14279217854197E-15,
1.));
#3842=DIRECTION('ref_axis',(1.,3.30890294554366E-16,-2.1744145687698E-10));
#3843=DIRECTION('center_axis',(-2.17443840662073E-10,6.88294086162543E-15,
-1.));
#3844=DIRECTION('ref_axis',(1.,3.30890294554383E-16,-2.17443840662073E-10));
#3845=DIRECTION('',(2.17443840662073E-10,-6.88294086162543E-15,1.));
#3846=DIRECTION('center_axis',(2.1744145687698E-10,-6.14279217854197E-15,
1.));
#3847=DIRECTION('ref_axis',(1.,3.30890294554366E-16,-2.1744145687698E-10));
#3848=DIRECTION('center_axis',(-2.17443840662073E-10,6.88294086162543E-15,
-1.));
#3849=DIRECTION('ref_axis',(1.,3.30890294554383E-16,-2.17443840662073E-10));
#3850=DIRECTION('',(2.17443840662073E-10,-6.88294086162543E-15,1.));
#3851=DIRECTION('center_axis',(2.1744145687698E-10,-6.14279217854197E-15,
1.));
#3852=DIRECTION('ref_axis',(1.,3.30890294554366E-16,-2.1744145687698E-10));
#3853=DIRECTION('center_axis',(-2.17443840662073E-10,6.88294086162543E-15,
-1.));
#3854=DIRECTION('ref_axis',(1.,3.30890294554383E-16,-2.17443840662073E-10));
#3855=DIRECTION('',(2.17443840662073E-10,-6.88294086162543E-15,1.));
#3856=DIRECTION('center_axis',(2.1744145687698E-10,-6.14279217854197E-15,
1.));
#3857=DIRECTION('ref_axis',(1.,3.30890294554366E-16,-2.1744145687698E-10));
#3858=DIRECTION('center_axis',(-2.17443840662073E-10,6.88294086162543E-15,
-1.));
#3859=DIRECTION('ref_axis',(1.,3.30890294554383E-16,-2.17443840662073E-10));
#3860=DIRECTION('',(2.17443840662073E-10,-6.88294086162543E-15,1.));
#3861=DIRECTION('center_axis',(2.1744145687698E-10,-6.14279217854197E-15,
1.));
#3862=DIRECTION('ref_axis',(1.,3.30890294554366E-16,-2.1744145687698E-10));
#3863=DIRECTION('center_axis',(3.3089029305773E-16,-1.,-6.88294086169738E-15));
#3864=DIRECTION('ref_axis',(-1.,-3.30890294554365E-16,2.17441293998121E-10));
#3865=DIRECTION('',(1.,3.30890294554365E-16,-2.17441293998121E-10));
#3866=DIRECTION('',(-2.17443840662073E-10,6.88294086162543E-15,-1.));
#3867=DIRECTION('',(-2.17443840662073E-10,6.88294086162543E-15,-1.));
#3868=DIRECTION('center_axis',(1.,3.30890294554381E-16,-2.17443840662073E-10));
#3869=DIRECTION('ref_axis',(3.30890293218669E-16,-1.,-6.14279217861392E-15));
#3870=DIRECTION('',(3.30890293218669E-16,-1.,-6.14279217861392E-15));
#3871=DIRECTION('',(-2.17443840662073E-10,6.88294086162543E-15,-1.));
#3872=DIRECTION('center_axis',(-3.51250150468791E-16,1.,6.88294086170181E-15));
#3873=DIRECTION('ref_axis',(1.,3.51250151965428E-16,-2.1744145687698E-10));
#3874=DIRECTION('',(-1.,-3.51250151965428E-16,2.1744145687698E-10));
#3875=DIRECTION('',(-2.17443840662073E-10,6.88294086162543E-15,-1.));
#3876=DIRECTION('center_axis',(-1.,-3.82265028684264E-14,2.17443840662073E-10));
#3877=DIRECTION('ref_axis',(-3.82265028670907E-14,1.,6.142792186854E-15));
#3878=DIRECTION('',(-3.82265028670907E-14,1.,6.142792186854E-15));
#3879=DIRECTION('center_axis',(-2.1744145687698E-10,6.73491112500872E-15,
-1.));
#3880=DIRECTION('ref_axis',(1.,3.30890294554366E-16,-2.1744145687698E-10));
#3881=DIRECTION('',(0.,0.,1.));
#3882=DIRECTION('',(1.,0.,0.));
#3883=DIRECTION('',(5.5077456504543E-17,-4.34882914546354E-10,1.));
#3884=DIRECTION('',(-0.999999999999999,-2.39391839841608E-14,5.57280104092268E-17));
#3885=CARTESIAN_POINT('',(0.,0.,0.));
#3886=CARTESIAN_POINT('',(0.,0.,0.));
#3887=CARTESIAN_POINT('',(0.,0.,0.));
#3888=CARTESIAN_POINT('Origin',(-412.695229012961,-12.0966124696993,6.9516897201237));
#3889=CARTESIAN_POINT('',(-412.695229012961,27.9027876413057,3.45168972012369));
#3890=CARTESIAN_POINT('',(-412.695229012961,27.9027876413057,6.95168972012366));
#3891=CARTESIAN_POINT('',(-412.695229012961,27.9027876413057,6.07668959336939));
#3892=CARTESIAN_POINT('',(-412.695229012961,27.9033875303007,6.9516897201237));
#3893=CARTESIAN_POINT('',(-412.695229012961,-12.0966124696993,6.9516897201237));
#3894=CARTESIAN_POINT('',(-412.695229012961,27.9033875303007,3.45168972012369));
#3895=CARTESIAN_POINT('',(-412.695229012961,27.9033875303007,6.9516897201237));
#3896=CARTESIAN_POINT('',(-412.695229012961,-12.0966124696993,3.45168972012369));
#3897=CARTESIAN_POINT('Origin',(-362.695229012961,27.9033875303007,6.95168972012372));
#3898=CARTESIAN_POINT('',(-362.695229012961,27.9027876413057,3.4516897201237));
#3899=CARTESIAN_POINT('',(-362.695229012961,27.9027876413057,6.95168972012368));
#3900=CARTESIAN_POINT('',(-362.695229012961,27.9027876413057,6.07668959336941));
#3901=CARTESIAN_POINT('',(-362.695229012961,27.9033875303007,3.4516897201237));
#3902=CARTESIAN_POINT('',(-362.695229012961,27.9033875303007,3.4516897201237));
#3903=CARTESIAN_POINT('',(-362.695229012961,27.9033875303007,6.95168972012372));
#3904=CARTESIAN_POINT('',(-362.695229012961,27.9033875303007,6.95168972012372));
#3905=CARTESIAN_POINT('',(-362.695229012961,27.9033875303007,6.95168972012372));
#3906=CARTESIAN_POINT('Origin',(-412.695229012961,27.9033875303007,6.9516897201237));
#3907=CARTESIAN_POINT('',(-362.695229012961,27.9033875303007,6.95168972012372));
#3908=CARTESIAN_POINT('',(-362.695229012961,27.9033875303007,3.4516897201237));
#3909=CARTESIAN_POINT('Origin',(-362.695229012961,-12.0966124696993,6.95168972012372));
#3910=CARTESIAN_POINT('',(-412.695229012961,-12.0966124696993,6.9516897201237));
#3911=CARTESIAN_POINT('',(-362.695229012961,-12.0966124696993,6.95168972012372));
#3912=CARTESIAN_POINT('',(-412.695229012961,-12.0966124696993,6.9516897201237));
#3913=CARTESIAN_POINT('',(-412.695229012961,-12.0966124696993,3.45168972012369));
#3914=CARTESIAN_POINT('',(-412.695229012961,-12.0966124696993,6.07668959336943));
#3915=CARTESIAN_POINT('',(-362.695229012961,-12.0966124696993,3.4516897201237));
#3916=CARTESIAN_POINT('',(-412.695229012961,-12.0966124696993,3.45168972012369));
#3917=CARTESIAN_POINT('',(-362.695229012961,-12.0966124696993,6.07668959336944));
#3918=CARTESIAN_POINT('Origin',(-362.695229012961,0.152287641305726,5.20168946661514));
#3919=CARTESIAN_POINT('',(-362.695229012961,-12.1476253241588,3.4516897201237));
#3920=CARTESIAN_POINT('',(-362.695229012961,0.15237341521658,3.4516897201237));
#3921=CARTESIAN_POINT('',(-362.695229012961,-12.1476253241588,6.95168972012368));
#3922=CARTESIAN_POINT('',(-362.695229012961,-12.1476253241588,6.07668959336941));
#3923=CARTESIAN_POINT('',(-362.695229012961,0.15237341521658,6.95168972012368));
#3924=CARTESIAN_POINT('Origin',(-492.833737497222,27.9027876413057,6.95168972012365));
#3925=CARTESIAN_POINT('',(-318.24603266579,27.9027876413057,6.9516897201237));
#3926=CARTESIAN_POINT('',(-492.833737497222,27.9027876413057,6.95168972012365));
#3927=CARTESIAN_POINT('',(-318.24603266579,27.9027876413057,10.5418874174917));
#3928=CARTESIAN_POINT('',(-318.24603266579,27.9027876413057,9.1016897201237));
#3929=CARTESIAN_POINT('',(-316.906858506752,27.9027876413057,10.5418874174917));
#3930=CARTESIAN_POINT('',(-318.24603266579,27.9027876413057,10.5418874174917));
#3931=CARTESIAN_POINT('',(-314.34603266579,27.9027876413057,7.95869576645705));
#3932=CARTESIAN_POINT('',(-316.906858506752,27.9027876413057,10.5418874174917));
#3933=CARTESIAN_POINT('',(-314.34603266579,27.9027876413057,2.44468366128954));
#3934=CARTESIAN_POINT('',(-314.34603266579,27.9027876413057,7.95869576645705));
#3935=CARTESIAN_POINT('',(-316.906858449497,27.9027876413057,-0.138508484261397));
#3936=CARTESIAN_POINT('',(-314.34603266579,27.9027876413057,2.44468366128954));
#3937=CARTESIAN_POINT('',(-318.24603266579,27.9027876413057,-0.138508484261397));
#3938=CARTESIAN_POINT('',(-316.906858449497,27.9027876413057,-0.138508484261397));
#3939=CARTESIAN_POINT('',(-318.24603266579,27.9027876413057,3.45168972012369));
#3940=CARTESIAN_POINT('',(-318.24603266579,27.9027876413057,-0.138508484261397));
#3941=CARTESIAN_POINT('',(-492.833737497222,27.9027876413057,3.45168972012367));
#3942=CARTESIAN_POINT('Origin',(-320.24603266579,27.9027876413057,6.9516897201237));
#3943=CARTESIAN_POINT('',(-320.24603266579,-27.5978692630509,6.9516897201237));
#3944=CARTESIAN_POINT('',(-320.24603266579,-27.5978692630509,3.45168972012372));
#3945=CARTESIAN_POINT('',(-320.24603266579,-27.5978692630509,6.9516897201237));
#3946=CARTESIAN_POINT('',(-320.24603266579,-27.5982123586943,3.45168972012369));
#3947=CARTESIAN_POINT('',(-320.24603266579,27.9027876413057,3.45168972012369));
#3948=CARTESIAN_POINT('',(-320.24603266579,-27.5982123586943,6.9516897201237));
#3949=CARTESIAN_POINT('',(-320.24603266579,-27.5982123586943,6.9516897201237));
#3950=CARTESIAN_POINT('',(-320.24603266579,27.9027876413057,6.9516897201237));
#3951=CARTESIAN_POINT('Origin',(-316.906858506752,27.9027876413057,10.5418874174917));
#3952=CARTESIAN_POINT('',(-318.24603266579,-27.5982123586943,10.5418874174917));
#3953=CARTESIAN_POINT('',(-318.24603266579,27.9027876413057,10.5418874174917));
#3954=CARTESIAN_POINT('',(-316.906858506752,-27.5982123586943,10.5418874174917));
#3955=CARTESIAN_POINT('',(-318.24603266579,-27.5982123586943,10.5418874174917));
#3956=CARTESIAN_POINT('',(-316.906858506752,27.9027876413057,10.5418874174917));
#3957=CARTESIAN_POINT('Origin',(-314.34603266579,27.9027876413057,7.95869576645705));
#3958=CARTESIAN_POINT('',(-314.34603266579,-27.5982123586943,7.95869576645705));
#3959=CARTESIAN_POINT('',(-316.906858506752,-27.5982123586943,10.5418874174917));
#3960=CARTESIAN_POINT('',(-314.34603266579,27.9027876413057,7.95869576645705));
#3961=CARTESIAN_POINT('Origin',(-314.34603266579,27.9027876413057,2.44468366128954));
#3962=CARTESIAN_POINT('',(-314.34603266579,-27.5982123586943,2.44468366128954));
#3963=CARTESIAN_POINT('',(-314.34603266579,-27.5982123586943,7.95869576645705));
#3964=CARTESIAN_POINT('',(-314.34603266579,27.9027876413057,2.44468366128954));
#3965=CARTESIAN_POINT('Origin',(-316.906858449497,27.9027876413057,-0.138508484261397));
#3966=CARTESIAN_POINT('',(-316.906858449497,-27.5982123586943,-0.138508484261397));
#3967=CARTESIAN_POINT('',(-314.34603266579,-27.5982123586943,2.44468366128954));
#3968=CARTESIAN_POINT('',(-316.906858449497,27.9027876413057,-0.138508484261397));
#3969=CARTESIAN_POINT('Origin',(-318.24603266579,27.9027876413057,-0.138508484261397));
#3970=CARTESIAN_POINT('',(-318.24603266579,-27.5982123586943,-0.138508484261397));
#3971=CARTESIAN_POINT('',(-316.906858449497,-27.5982123586943,-0.138508484261397));
#3972=CARTESIAN_POINT('',(-318.24603266579,27.9027876413057,-0.138508484261397));
#3973=CARTESIAN_POINT('Origin',(-318.24603266579,27.9027876413057,3.45168972012369));
#3974=CARTESIAN_POINT('',(-318.24603266579,-27.5982123586943,3.45168972012369));
#3975=CARTESIAN_POINT('',(-318.24603266579,-27.5982123586943,-0.138508484261397));
#3976=CARTESIAN_POINT('',(-318.24603266579,27.9027876413057,3.45168972012369));
#3977=CARTESIAN_POINT('Origin',(-318.24603266579,27.9027876413057,10.5418874174917));
#3978=CARTESIAN_POINT('',(-318.24603266579,-27.5982123586943,6.9516897201237));
#3979=CARTESIAN_POINT('',(-318.24603266579,27.9027876413057,6.9516897201237));
#3980=CARTESIAN_POINT('',(-318.24603266579,-27.5982123586943,9.1016897201237));
#3981=CARTESIAN_POINT('Origin',(-317.29603266579,-27.5982123586943,5.20168946661515));
#3982=CARTESIAN_POINT('',(-318.24603266579,-27.5982123586943,6.9516897201237));
#3983=CARTESIAN_POINT('',(-318.24603266579,-27.5982123586943,3.45168972012369));
#3984=CARTESIAN_POINT('Origin',(-320.24603266579,-27.5978692630509,6.9516897201237));
#3985=CARTESIAN_POINT('',(-325.246032665786,-25.7780180917214,3.4516897201237));
#3986=CARTESIAN_POINT('',(-325.246032665786,-25.7780180917214,6.95168972012368));
#3987=CARTESIAN_POINT('Origin',(-412.695229012961,0.152287641305726,5.20168946661512));
#3988=CARTESIAN_POINT('',(-412.695229012961,-12.1476253241588,6.95168972012366));
#3989=CARTESIAN_POINT('',(-412.695229012961,0.15237341521658,6.95168972012366));
#3990=CARTESIAN_POINT('',(-412.695229012961,-12.1476253241588,3.45168972012369));
#3991=CARTESIAN_POINT('',(-412.695229012961,-12.1476253241588,6.07668959336939));
#3992=CARTESIAN_POINT('',(-412.695229012961,0.15237341521658,3.45168972012369));
#3993=CARTESIAN_POINT('Origin',(-456.539885081506,0.152459189127399,6.95168972012366));
#3994=CARTESIAN_POINT('',(-542.833737497222,27.9027876413057,6.95168972012365));
#3995=CARTESIAN_POINT('',(-542.833737497222,27.9027876413057,6.95168972012365));
#3996=CARTESIAN_POINT('',(-542.833737497222,-12.0972123586943,6.95168972012365));
#3997=CARTESIAN_POINT('',(-542.833737497222,-12.0972123586943,6.95168972012365));
#3998=CARTESIAN_POINT('',(-412.833737497222,-12.0972123586943,6.95168972012366));
#3999=CARTESIAN_POINT('',(-412.833737497222,-12.0972123586943,6.95168972012366));
#4000=CARTESIAN_POINT('',(-375.246032665786,-25.7780180917214,6.95168972012368));
#4001=CARTESIAN_POINT('',(-532.833737497222,-10.8972123586943,6.95168972012365));
#4002=CARTESIAN_POINT('Origin',(-532.833737497222,-8.09721235869432,6.95168972012365));
#4003=CARTESIAN_POINT('',(-457.833737497222,-10.8972123586943,6.95168972012366));
#4004=CARTESIAN_POINT('Origin',(-457.833737497222,-8.0972123586943,6.95168972012366));
#4005=CARTESIAN_POINT('',(-457.833737497222,21.1027876413057,6.95168972012366));
#4006=CARTESIAN_POINT('Origin',(-457.833737497222,23.9027876413057,6.95168972012366));
#4007=CARTESIAN_POINT('',(-457.833737497222,3.80278764130569,6.95168972012366));
#4008=CARTESIAN_POINT('Origin',(-457.833737497222,7.90278764130569,6.95168972012366));
#4009=CARTESIAN_POINT('',(-495.333737497226,3.6527876413057,6.95168972012365));
#4010=CARTESIAN_POINT('Origin',(-495.333737497226,7.90278764130569,6.95168972012365));
#4011=CARTESIAN_POINT('',(-532.833737497222,3.80278764130569,6.95168972012365));
#4012=CARTESIAN_POINT('Origin',(-532.833737497222,7.90278764130569,6.95168972012365));
#4013=CARTESIAN_POINT('',(-532.833737497222,21.1027876413057,6.95168972012365));
#4014=CARTESIAN_POINT('Origin',(-532.833737497222,23.9027876413057,6.95168972012365));
#4015=CARTESIAN_POINT('Origin',(-412.833737497222,-12.0972123586943,6.95168972012366));
#4016=CARTESIAN_POINT('',(-542.833737497222,-12.0972123586943,3.45168972012367));
#4017=CARTESIAN_POINT('',(-542.833737497222,-12.0972123586943,6.95168972012365));
#4018=CARTESIAN_POINT('',(-412.833737497222,-12.0972123586943,3.45168972012369));
#4019=CARTESIAN_POINT('',(-412.833737497222,-12.0972123586943,3.45168972012369));
#4020=CARTESIAN_POINT('',(-412.833737497222,-12.0972123586943,6.95168972012366));
#4021=CARTESIAN_POINT('Origin',(-542.833737497222,-12.0972123586943,6.95168972012365));
#4022=CARTESIAN_POINT('',(-542.833737497222,27.9027876413057,3.45168972012367));
#4023=CARTESIAN_POINT('',(-542.833737497222,27.9027876413057,6.95168972012365));
#4024=CARTESIAN_POINT('',(-542.833737497222,-12.0972123586943,3.45168972012367));
#4025=CARTESIAN_POINT('Origin',(-542.833737497222,27.9027876413057,6.95168972012365));
#4026=CARTESIAN_POINT('',(-542.833737497222,27.9027876413057,3.45168972012367));
#4027=CARTESIAN_POINT('Origin',(-532.833737497222,-8.09721235869432,6.95168972012365));
#4028=CARTESIAN_POINT('',(-532.833737497222,-10.8972123586943,3.45168972012367));
#4029=CARTESIAN_POINT('Origin',(-532.833737497222,-8.09721235869432,3.45168972012367));
#4030=CARTESIAN_POINT('',(-532.833737497222,-10.8972123586943,6.95168972012365));
#4031=CARTESIAN_POINT('Origin',(-457.833737497222,-8.0972123586943,6.95168972012366));
#4032=CARTESIAN_POINT('',(-457.833737497222,-10.8972123586943,3.45168972012369));
#4033=CARTESIAN_POINT('Origin',(-457.833737497222,-8.0972123586943,3.45168972012369));
#4034=CARTESIAN_POINT('',(-457.833737497222,-10.8972123586943,6.95168972012366));
#4035=CARTESIAN_POINT('Origin',(-457.833737497222,23.9027876413057,6.95168972012366));
#4036=CARTESIAN_POINT('',(-457.833737497222,21.1027876413057,3.45168972012369));
#4037=CARTESIAN_POINT('Origin',(-457.833737497222,23.9027876413057,3.45168972012369));
#4038=CARTESIAN_POINT('',(-457.833737497222,21.1027876413057,6.95168972012366));
#4039=CARTESIAN_POINT('Origin',(-457.833737497222,7.90278764130569,6.95168972012366));
#4040=CARTESIAN_POINT('',(-457.833737497222,3.80278764130569,3.45168972012369));
#4041=CARTESIAN_POINT('Origin',(-457.833737497222,7.90278764130569,3.45168972012369));
#4042=CARTESIAN_POINT('',(-457.833737497222,3.80278764130569,6.95168972012366));
#4043=CARTESIAN_POINT('Origin',(-495.333737497226,7.90278764130569,6.95168972012365));
#4044=CARTESIAN_POINT('',(-495.333737497226,3.6527876413057,3.45168972012367));
#4045=CARTESIAN_POINT('Origin',(-495.333737497226,7.90278764130569,3.45168972012367));
#4046=CARTESIAN_POINT('',(-495.333737497226,3.6527876413057,6.95168972012365));
#4047=CARTESIAN_POINT('Origin',(-532.833737497222,7.90278764130569,6.95168972012365));
#4048=CARTESIAN_POINT('',(-532.833737497222,3.80278764130569,3.45168972012367));
#4049=CARTESIAN_POINT('Origin',(-532.833737497222,7.90278764130569,3.45168972012367));
#4050=CARTESIAN_POINT('',(-532.833737497222,3.80278764130569,6.95168972012365));
#4051=CARTESIAN_POINT('Origin',(-532.833737497222,23.9027876413057,6.95168972012365));
#4052=CARTESIAN_POINT('',(-532.833737497222,21.1027876413057,3.45168972012367));
#4053=CARTESIAN_POINT('Origin',(-532.833737497222,23.9027876413057,3.45168972012367));
#4054=CARTESIAN_POINT('',(-532.833737497222,21.1027876413057,6.95168972012365));
#4055=CARTESIAN_POINT('Origin',(-370.24603266579,-27.5978692630509,6.95168972012368));
#4056=CARTESIAN_POINT('',(-375.246032665786,-25.7780180917214,3.4516897201237));
#4057=CARTESIAN_POINT('Origin',(-456.539885081506,0.152459189127399,3.45168972012369));
#4058=CARTESIAN_POINT('Origin',(-301.89603266579,87.9021877523108,7.09019820438506));
#4059=CARTESIAN_POINT('',(-301.89603266579,32.4015308479541,7.09019820438506));
#4060=CARTESIAN_POINT('',(-301.89603266579,32.4015308479541,3.59019820438506));
#4061=CARTESIAN_POINT('',(-301.89603266579,32.4015308479541,7.09019820438506));
#4062=CARTESIAN_POINT('',(-301.89603266579,32.4011877523107,3.59019820438505));
#4063=CARTESIAN_POINT('',(-301.89603266579,87.9021877523108,3.59019820438505));
#4064=CARTESIAN_POINT('',(-301.89603266579,32.4011877523107,7.09019820438506));
#4065=CARTESIAN_POINT('',(-301.89603266579,32.4011877523107,7.09019820438506));
#4066=CARTESIAN_POINT('',(-301.89603266579,87.9021877523108,7.09019820438506));
#4067=CARTESIAN_POINT('Origin',(-298.556858506752,87.9021877523108,10.6803959017531));
#4068=CARTESIAN_POINT('',(-299.89603266579,87.9021877523108,10.6803959017531));
#4069=CARTESIAN_POINT('',(-298.556858506752,87.9021877523108,10.6803959017531));
#4070=CARTESIAN_POINT('',(-299.89603266579,87.9021877523108,10.6803959017531));
#4071=CARTESIAN_POINT('',(-299.89603266579,32.4011877523107,10.6803959017531));
#4072=CARTESIAN_POINT('',(-299.89603266579,87.9021877523108,10.6803959017531));
#4073=CARTESIAN_POINT('',(-298.556858506752,32.4011877523107,10.6803959017531));
#4074=CARTESIAN_POINT('',(-299.89603266579,32.4011877523107,10.6803959017531));
#4075=CARTESIAN_POINT('',(-298.556858506752,87.9021877523108,10.6803959017531));
#4076=CARTESIAN_POINT('Origin',(-295.99603266579,87.9021877523108,8.09720425071841));
#4077=CARTESIAN_POINT('',(-295.99603266579,87.9021877523108,8.09720425071841));
#4078=CARTESIAN_POINT('',(-298.556858506752,87.9021877523108,10.6803959017531));
#4079=CARTESIAN_POINT('',(-295.99603266579,32.4011877523107,8.09720425071841));
#4080=CARTESIAN_POINT('',(-298.556858506752,32.4011877523107,10.6803959017531));
#4081=CARTESIAN_POINT('',(-295.99603266579,87.9021877523108,8.09720425071841));
#4082=CARTESIAN_POINT('Origin',(-295.99603266579,87.9021877523108,2.5831921455509));
#4083=CARTESIAN_POINT('',(-295.99603266579,87.9021877523108,2.5831921455509));
#4084=CARTESIAN_POINT('',(-295.99603266579,87.9021877523108,8.09720425071841));
#4085=CARTESIAN_POINT('',(-295.99603266579,32.4011877523107,2.5831921455509));
#4086=CARTESIAN_POINT('',(-295.99603266579,32.4011877523107,8.09720425071841));
#4087=CARTESIAN_POINT('',(-295.99603266579,87.9021877523108,2.5831921455509));
#4088=CARTESIAN_POINT('Origin',(-298.556858449497,87.9021877523107,0.));
#4089=CARTESIAN_POINT('',(-298.556858449497,87.9021877523107,0.));
#4090=CARTESIAN_POINT('',(-295.99603266579,87.9021877523108,2.5831921455509));
#4091=CARTESIAN_POINT('',(-298.556858449497,32.4011877523107,0.));
#4092=CARTESIAN_POINT('',(-295.99603266579,32.4011877523107,2.5831921455509));
#4093=CARTESIAN_POINT('',(-298.556858449497,87.9021877523107,0.));
#4094=CARTESIAN_POINT('Origin',(-299.89603266579,87.9021877523107,0.));
#4095=CARTESIAN_POINT('',(-299.89603266579,87.9021877523107,0.));
#4096=CARTESIAN_POINT('',(-298.556858449497,87.9021877523107,0.));
#4097=CARTESIAN_POINT('',(-299.89603266579,32.4011877523107,0.));
#4098=CARTESIAN_POINT('',(-298.556858449497,32.4011877523107,0.));
#4099=CARTESIAN_POINT('',(-299.89603266579,87.9021877523107,0.));
#4100=CARTESIAN_POINT('Origin',(-299.89603266579,87.9021877523108,3.59019820438506));
#4101=CARTESIAN_POINT('',(-299.89603266579,87.9021877523108,3.59019820438506));
#4102=CARTESIAN_POINT('',(-299.89603266579,87.9021877523107,0.));
#4103=CARTESIAN_POINT('',(-299.89603266579,32.4011877523107,3.59019820438506));
#4104=CARTESIAN_POINT('',(-299.89603266579,32.4011877523107,0.));
#4105=CARTESIAN_POINT('',(-299.89603266579,87.9021877523108,3.59019820438506));
#4106=CARTESIAN_POINT('Origin',(-299.89603266579,87.9021877523108,10.6803959017531));
#4107=CARTESIAN_POINT('',(-299.89603266579,87.9021877523108,7.09019820438508));
#4108=CARTESIAN_POINT('',(-299.89603266579,87.9021877523108,9.24019820438508));
#4109=CARTESIAN_POINT('',(-299.89603266579,32.4011877523107,7.09019820438508));
#4110=CARTESIAN_POINT('',(-299.89603266579,87.9021877523108,7.09019820438508));
#4111=CARTESIAN_POINT('',(-299.89603266579,32.4011877523107,9.24019820438508));
#4112=CARTESIAN_POINT('Origin',(-298.94603266579,32.4011877523107,5.34019795087653));
#4113=CARTESIAN_POINT('',(-299.89603266579,32.4011877523107,7.09019820438508));
#4114=CARTESIAN_POINT('',(-299.89603266579,32.4011877523107,3.59019820438506));
#4115=CARTESIAN_POINT('Origin',(-301.89603266579,32.4015308479541,7.09019820438506));
#4116=CARTESIAN_POINT('',(-344.483737497222,47.9021877523107,7.09019820438506));
#4117=CARTESIAN_POINT('',(-306.896032665786,34.2213820192837,7.09019820438506));
#4118=CARTESIAN_POINT('',(-344.483737497222,47.9021877523107,3.59019820438506));
#4119=CARTESIAN_POINT('',(-344.483737497222,47.9021877523107,7.09019820438506));
#4120=CARTESIAN_POINT('',(-306.896032665786,34.2213820192837,3.59019820438506));
#4121=CARTESIAN_POINT('Origin',(-394.483737497222,47.9021877523107,7.09019820438504));
#4122=CARTESIAN_POINT('',(-498.483737497226,47.9021877523107,3.59019820438503));
#4123=CARTESIAN_POINT('',(-498.483737497226,47.9021877523107,7.09019820438503));
#4124=CARTESIAN_POINT('',(-498.483737497226,47.9021877523107,7.09019820438503));
#4125=CARTESIAN_POINT('',(-524.483737497222,47.9021877523107,7.09019820438503));
#4126=CARTESIAN_POINT('',(-394.483737497222,47.9021877523107,7.09019820438504));
#4127=CARTESIAN_POINT('',(-524.483737497222,47.9021877523107,3.59019820438503));
#4128=CARTESIAN_POINT('',(-524.483737497222,47.9021877523107,7.09019820438503));
#4129=CARTESIAN_POINT('',(-394.483737497222,47.9021877523107,3.59019820438505));
#4130=CARTESIAN_POINT('Origin',(-524.483737497222,47.9021877523107,7.09019820438503));
#4131=CARTESIAN_POINT('',(-524.483737497222,87.9021877523107,7.09019820438503));
#4132=CARTESIAN_POINT('',(-524.483737497222,47.9021877523107,7.09019820438503));
#4133=CARTESIAN_POINT('',(-524.483737497222,87.9021877523107,3.59019820438503));
#4134=CARTESIAN_POINT('',(-524.483737497222,87.9021877523107,7.09019820438503));
#4135=CARTESIAN_POINT('',(-524.483737497222,47.9021877523107,3.59019820438503));
#4136=CARTESIAN_POINT('Origin',(-524.483737497222,87.9021877523107,7.09019820438503));
#4137=CARTESIAN_POINT('',(-498.483737497226,87.9021877523107,7.09019820438503));
#4138=CARTESIAN_POINT('',(-498.483737497226,87.9021877523107,3.59019820438503));
#4139=CARTESIAN_POINT('',(-498.483737497226,87.9021877523107,7.09019820438503));
#4140=CARTESIAN_POINT('',(-524.483737497222,87.9021877523107,3.59019820438503));
#4141=CARTESIAN_POINT('',(-524.483737497222,87.9021877523107,7.09019820438503));
#4142=CARTESIAN_POINT('Origin',(-514.483737497222,51.9021877523107,7.09019820438503));
#4143=CARTESIAN_POINT('',(-514.483737497222,49.1021877523107,3.59019820438503));
#4144=CARTESIAN_POINT('Origin',(-514.483737497222,51.9021877523107,3.59019820438503));
#4145=CARTESIAN_POINT('',(-514.483737497222,49.1021877523107,7.09019820438503));
#4146=CARTESIAN_POINT('',(-514.483737497222,49.1021877523107,7.09019820438503));
#4147=CARTESIAN_POINT('Origin',(-514.483737497222,51.9021877523107,7.09019820438503));
#4148=CARTESIAN_POINT('Origin',(-439.483737497222,51.9021877523107,7.09019820438504));
#4149=CARTESIAN_POINT('',(-439.483737497222,49.1021877523107,3.59019820438505));
#4150=CARTESIAN_POINT('Origin',(-439.483737497222,51.9021877523107,3.59019820438505));
#4151=CARTESIAN_POINT('',(-439.483737497222,49.1021877523107,7.09019820438504));
#4152=CARTESIAN_POINT('',(-439.483737497222,49.1021877523107,7.09019820438504));
#4153=CARTESIAN_POINT('Origin',(-439.483737497222,51.9021877523107,7.09019820438504));
#4154=CARTESIAN_POINT('Origin',(-439.483737497222,83.9021877523107,7.09019820438504));
#4155=CARTESIAN_POINT('',(-439.483737497222,81.1021877523107,3.59019820438505));
#4156=CARTESIAN_POINT('Origin',(-439.483737497222,83.9021877523107,3.59019820438505));
#4157=CARTESIAN_POINT('',(-439.483737497222,81.1021877523107,7.09019820438504));
#4158=CARTESIAN_POINT('',(-439.483737497222,81.1021877523107,7.09019820438504));
#4159=CARTESIAN_POINT('Origin',(-439.483737497222,83.9021877523107,7.09019820438504));
#4160=CARTESIAN_POINT('Origin',(-439.483737497222,67.9021877523107,7.09019820438504));
#4161=CARTESIAN_POINT('',(-439.483737497222,63.8021877523107,3.59019820438505));
#4162=CARTESIAN_POINT('Origin',(-439.483737497222,67.9021877523107,3.59019820438505));
#4163=CARTESIAN_POINT('',(-439.483737497222,63.8021877523107,7.09019820438504));
#4164=CARTESIAN_POINT('',(-439.483737497222,63.8021877523107,7.09019820438504));
#4165=CARTESIAN_POINT('Origin',(-439.483737497222,67.9021877523107,7.09019820438504));
#4166=CARTESIAN_POINT('Origin',(-476.983737497226,67.9021877523107,7.09019820438503));
#4167=CARTESIAN_POINT('',(-476.983737497226,63.6521877523107,3.59019820438503));
#4168=CARTESIAN_POINT('Origin',(-476.983737497226,67.9021877523107,3.59019820438503));
#4169=CARTESIAN_POINT('',(-476.983737497226,63.6521877523107,4.79019820438502));
#4170=CARTESIAN_POINT('',(-476.983737497226,63.6521877523107,7.09019820438503));
#4171=CARTESIAN_POINT('Origin',(-476.983737497226,67.9021877523107,4.79019820438502));
#4172=CARTESIAN_POINT('Origin',(-514.483737497222,67.9021877523107,7.09019820438503));
#4173=CARTESIAN_POINT('',(-514.483737497222,63.8021877523107,3.59019820438503));
#4174=CARTESIAN_POINT('Origin',(-514.483737497222,67.9021877523107,3.59019820438503));
#4175=CARTESIAN_POINT('',(-514.483737497222,63.8021877523107,7.09019820438503));
#4176=CARTESIAN_POINT('',(-514.483737497222,63.8021877523107,7.09019820438503));
#4177=CARTESIAN_POINT('Origin',(-514.483737497222,67.9021877523107,7.09019820438503));
#4178=CARTESIAN_POINT('Origin',(-514.483737497222,83.9021877523107,7.09019820438503));
#4179=CARTESIAN_POINT('',(-514.483737497222,81.1021877523107,3.59019820438503));
#4180=CARTESIAN_POINT('Origin',(-514.483737497222,83.9021877523107,3.59019820438503));
#4181=CARTESIAN_POINT('',(-514.483737497222,81.1021877523107,7.09019820438503));
#4182=CARTESIAN_POINT('',(-514.483737497222,81.1021877523107,7.09019820438503));
#4183=CARTESIAN_POINT('Origin',(-514.483737497222,83.9021877523107,7.09019820438503));
#4184=CARTESIAN_POINT('Origin',(-476.983737497226,67.9021877523107,4.79019820438502));
#4185=CARTESIAN_POINT('',(-476.983737497226,56.8021877523107,4.79019820438502));
#4186=CARTESIAN_POINT('Origin',(-476.983737497226,67.9021877523107,4.79019820438502));
#4187=CARTESIAN_POINT('Origin',(-476.983737497226,67.9021877523107,7.09019820438503));
#4188=CARTESIAN_POINT('',(-476.983737497226,56.8021877523107,7.09019820438503));
#4189=CARTESIAN_POINT('Origin',(-476.983737497226,67.9021877523107,7.09019820438503));
#4190=CARTESIAN_POINT('',(-476.983737497226,56.8021877523107,7.09019820438503));
#4191=CARTESIAN_POINT('Origin',(-438.189885081506,60.1518593001324,7.09019820438504));
#4192=CARTESIAN_POINT('',(-455.483737497226,87.9021877523108,7.09019820438504));
#4193=CARTESIAN_POINT('',(-474.483737497222,87.9021877523107,7.09019820438503));
#4194=CARTESIAN_POINT('',(-455.483737497226,89.4021877523107,7.09019820438504));
#4195=CARTESIAN_POINT('',(-455.483737497226,46.4021877523107,7.09019820438504));
#4196=CARTESIAN_POINT('',(-498.483737497226,89.4021877523108,7.09019820438503));
#4197=CARTESIAN_POINT('',(-455.483737497226,89.4021877523107,7.09019820438504));
#4198=CARTESIAN_POINT('',(-498.483737497226,89.4021877523108,7.09019820438503));
#4199=CARTESIAN_POINT('',(-498.483737497226,46.4021877523107,7.09019820438503));
#4200=CARTESIAN_POINT('',(-498.483737497226,89.4021877523108,7.09019820438503));
#4201=CARTESIAN_POINT('',(-455.483737497226,46.4021877523107,7.09019820438504));
#4202=CARTESIAN_POINT('',(-498.483737497226,46.4021877523107,7.09019820438503));
#4203=CARTESIAN_POINT('',(-455.483737497226,47.9021877523107,7.09019820438504));
#4204=CARTESIAN_POINT('',(-455.483737497226,46.4021877523107,7.09019820438504));
#4205=CARTESIAN_POINT('',(-394.483737497222,47.9021877523107,7.09019820438504));
#4206=CARTESIAN_POINT('',(-492.483737497226,50.5021877523107,7.09019820438503));
#4207=CARTESIAN_POINT('Origin',(-492.483737497226,52.4021877523107,7.09019820438503));
#4208=CARTESIAN_POINT('',(-461.483737497226,50.5021877523107,7.09019820438504));
#4209=CARTESIAN_POINT('Origin',(-461.483737497226,52.4021877523107,7.09019820438504));
#4210=CARTESIAN_POINT('',(-492.483737497226,81.5021877523107,7.09019820438503));
#4211=CARTESIAN_POINT('Origin',(-492.483737497226,83.4021877523107,7.09019820438503));
#4212=CARTESIAN_POINT('',(-461.483737497226,81.5021877523107,7.09019820438504));
#4213=CARTESIAN_POINT('Origin',(-461.483737497226,83.4021877523107,7.09019820438504));
#4214=CARTESIAN_POINT('Origin',(-394.483737497222,47.9021877523107,7.09019820438504));
#4215=CARTESIAN_POINT('',(-455.483737497226,47.9021877523107,3.59019820438505));
#4216=CARTESIAN_POINT('',(-455.483737497226,47.9021877523107,7.09019820438504));
#4217=CARTESIAN_POINT('',(-394.483737497222,47.9021877523107,3.59019820438505));
#4218=CARTESIAN_POINT('Origin',(-524.483737497222,87.9021877523107,7.09019820438503));
#4219=CARTESIAN_POINT('',(-455.483737497226,87.9021877523108,3.59019820438505));
#4220=CARTESIAN_POINT('',(-524.483737497222,87.9021877523107,3.59019820438503));
#4221=CARTESIAN_POINT('',(-455.483737497226,87.9021877523107,7.09019820438504));
#4222=CARTESIAN_POINT('Origin',(-498.483737497226,89.4021877523108,7.09019820438503));
#4223=CARTESIAN_POINT('',(-455.483737497226,89.4021877523107,3.59019820438505));
#4224=CARTESIAN_POINT('',(-455.483737497226,89.4021877523107,7.09019820438504));
#4225=CARTESIAN_POINT('',(-498.483737497226,89.4021877523108,3.59019820438503));
#4226=CARTESIAN_POINT('',(-455.483737497226,89.4021877523107,3.59019820438505));
#4227=CARTESIAN_POINT('',(-498.483737497226,89.4021877523108,7.09019820438503));
#4228=CARTESIAN_POINT('Origin',(-455.483737497226,89.4021877523107,7.09019820438504));
#4229=CARTESIAN_POINT('',(-455.483737497226,46.4021877523107,3.59019820438505));
#4230=CARTESIAN_POINT('Origin',(-455.483737497226,46.4021877523107,7.09019820438504));
#4231=CARTESIAN_POINT('',(-498.483737497226,46.4021877523107,3.59019820438503));
#4232=CARTESIAN_POINT('',(-498.483737497226,46.4021877523107,7.09019820438503));
#4233=CARTESIAN_POINT('',(-455.483737497226,46.4021877523107,3.59019820438505));
#4234=CARTESIAN_POINT('',(-498.483737497226,46.4021877523107,3.59019820438503));
#4235=CARTESIAN_POINT('',(-455.483737497226,46.4021877523107,7.09019820438504));
#4236=CARTESIAN_POINT('Origin',(-455.483737497226,89.4021877523107,7.09019820438504));
#4237=CARTESIAN_POINT('',(-455.483737497226,46.4021877523107,3.59019820438505));
#4238=CARTESIAN_POINT('Origin',(-498.483737497226,46.4021877523107,7.09019820438503));
#4239=CARTESIAN_POINT('',(-498.483737497226,89.4021877523108,3.59019820438503));
#4240=CARTESIAN_POINT('Origin',(-498.483737497226,46.4021877523107,7.09019820438503));
#4241=CARTESIAN_POINT('',(-498.483737497226,89.4021877523108,3.59019820438503));
#4242=CARTESIAN_POINT('Origin',(-461.483737497226,83.4021877523107,15.340198204385));
#4243=CARTESIAN_POINT('',(-461.483737497226,81.5021877523107,3.59019820438505));
#4244=CARTESIAN_POINT('',(-461.483737497226,81.5021877523107,15.340198204385));
#4245=CARTESIAN_POINT('Origin',(-461.483737497226,83.4021877523107,3.59019820438505));
#4246=CARTESIAN_POINT('Origin',(-492.483737497226,83.4021877523107,15.340198204385));
#4247=CARTESIAN_POINT('',(-492.483737497226,81.5021877523107,3.59019820438503));
#4248=CARTESIAN_POINT('',(-492.483737497226,81.5021877523107,15.340198204385));
#4249=CARTESIAN_POINT('Origin',(-492.483737497226,83.4021877523107,3.59019820438503));
#4250=CARTESIAN_POINT('Origin',(-461.483737497226,52.4021877523107,15.340198204385));
#4251=CARTESIAN_POINT('',(-461.483737497226,50.5021877523107,3.59019820438505));
#4252=CARTESIAN_POINT('',(-461.483737497226,50.5021877523107,15.340198204385));
#4253=CARTESIAN_POINT('Origin',(-461.483737497226,52.4021877523107,3.59019820438505));
#4254=CARTESIAN_POINT('Origin',(-492.483737497226,52.4021877523107,15.340198204385));
#4255=CARTESIAN_POINT('',(-492.483737497226,50.5021877523107,3.59019820438503));
#4256=CARTESIAN_POINT('',(-492.483737497226,50.5021877523107,15.340198204385));
#4257=CARTESIAN_POINT('Origin',(-492.483737497226,52.4021877523107,3.59019820438503));
#4258=CARTESIAN_POINT('Origin',(-438.189885081506,60.1518593001324,3.59019820438505));
#4259=CARTESIAN_POINT('Origin',(-519.310442563126,105.401187752311,5.));
#4260=CARTESIAN_POINT('',(-521.010442563127,105.401187752311,0.));
#4261=CARTESIAN_POINT('Origin',(-519.310442563126,105.401187752311,0.));
#4262=CARTESIAN_POINT('',(-521.010442563127,105.401187752311,5.));
#4263=CARTESIAN_POINT('',(-521.010442563127,105.401187752311,5.));
#4264=CARTESIAN_POINT('Origin',(-519.310442563126,105.401187752311,5.));
#4265=CARTESIAN_POINT('Origin',(-487.266490931281,105.401187752311,5.));
#4266=CARTESIAN_POINT('',(-488.966490931281,105.401187752311,0.));
#4267=CARTESIAN_POINT('Origin',(-487.266490931281,105.401187752311,0.));
#4268=CARTESIAN_POINT('',(-488.966490931281,105.401187752311,5.));
#4269=CARTESIAN_POINT('',(-488.966490931281,105.401187752311,5.));
#4270=CARTESIAN_POINT('Origin',(-487.266490931281,105.401187752311,5.));
#4271=CARTESIAN_POINT('Origin',(-503.288466747204,105.401187752311,5.));
#4272=CARTESIAN_POINT('',(-514.488466747204,105.401187752311,0.));
#4273=CARTESIAN_POINT('Origin',(-503.288466747204,105.401187752311,0.));
#4274=CARTESIAN_POINT('',(-514.488466747204,105.401187752311,5.));
#4275=CARTESIAN_POINT('',(-514.488466747204,105.401187752311,5.));
#4276=CARTESIAN_POINT('Origin',(-503.288466747204,105.401187752311,5.));
#4277=CARTESIAN_POINT('Origin',(-484.288466747204,108.132796050017,5.));
#4278=CARTESIAN_POINT('',(-484.288466747204,102.901187715058,5.));
#4279=CARTESIAN_POINT('',(-484.288466747204,108.132796050017,5.));
#4280=CARTESIAN_POINT('',(-484.288466747204,107.901187789564,5.));
#4281=CARTESIAN_POINT('',(-484.288466747204,102.901187715058,0.));
#4282=CARTESIAN_POINT('',(-484.288466747204,102.901187715058,5.));
#4283=CARTESIAN_POINT('',(-484.288466747204,108.132796050017,0.));
#4284=CARTESIAN_POINT('',(-484.288466747204,107.901187789564,0.));
#4285=CARTESIAN_POINT('',(-484.288466747204,108.132796050017,5.));
#4286=CARTESIAN_POINT('Origin',(-487.266490931281,110.401187826817,5.));
#4287=CARTESIAN_POINT('',(-487.266490931281,110.401187826817,5.));
#4288=CARTESIAN_POINT('',(-484.288466747204,108.132796050017,5.));
#4289=CARTESIAN_POINT('',(-487.266490931281,110.401187826817,0.));
#4290=CARTESIAN_POINT('',(-484.288466747204,108.132796050017,0.));
#4291=CARTESIAN_POINT('',(-487.266490931281,110.401187826817,5.));
#4292=CARTESIAN_POINT('Origin',(-491.288466778248,110.401187826817,5.));
#4293=CARTESIAN_POINT('',(-491.288466778248,110.401187826817,5.));
#4294=CARTESIAN_POINT('',(-493.266490931281,110.401187826817,5.));
#4295=CARTESIAN_POINT('',(-491.288466778248,110.401187826817,0.));
#4296=CARTESIAN_POINT('',(-493.266490931281,110.401187826817,0.));
#4297=CARTESIAN_POINT('',(-491.288466778248,110.401187826817,5.));
#4298=CARTESIAN_POINT('Origin',(-503.288466747204,105.401187752311,5.));
#4299=CARTESIAN_POINT('',(-515.28846671616,110.401187826817,5.));
#4300=CARTESIAN_POINT('Origin',(-503.288466747204,105.401187752311,5.));
#4301=CARTESIAN_POINT('',(-515.28846671616,110.401187826817,0.));
#4302=CARTESIAN_POINT('Origin',(-503.288466747204,105.401187752311,0.));
#4303=CARTESIAN_POINT('',(-515.28846671616,110.401187826817,5.));
#4304=CARTESIAN_POINT('Origin',(-519.310442563126,110.401187826817,5.));
#4305=CARTESIAN_POINT('',(-519.310442563126,110.401187826817,5.));
#4306=CARTESIAN_POINT('',(-513.310442563127,110.401187826817,5.));
#4307=CARTESIAN_POINT('',(-519.310442563126,110.401187826817,0.));
#4308=CARTESIAN_POINT('',(-513.310442563127,110.401187826817,0.));
#4309=CARTESIAN_POINT('',(-519.310442563126,110.401187826817,5.));
#4310=CARTESIAN_POINT('Origin',(-522.288466747204,108.132796050017,5.));
#4311=CARTESIAN_POINT('',(-522.288466747204,108.132796050017,5.));
#4312=CARTESIAN_POINT('',(-522.288466747204,108.132796050017,5.));
#4313=CARTESIAN_POINT('',(-522.288466747204,108.132796050017,0.));
#4314=CARTESIAN_POINT('',(-522.288466747204,108.132796050017,0.));
#4315=CARTESIAN_POINT('',(-522.288466747204,108.132796050017,5.));
#4316=CARTESIAN_POINT('Origin',(-522.288466747204,102.901187715058,5.));
#4317=CARTESIAN_POINT('',(-522.288466747204,102.901187715058,5.));
#4318=CARTESIAN_POINT('',(-522.288466747204,107.901187789564,5.));
#4319=CARTESIAN_POINT('',(-522.288466747204,102.901187715058,0.));
#4320=CARTESIAN_POINT('',(-522.288466747204,107.901187789564,0.));
#4321=CARTESIAN_POINT('',(-522.288466747204,102.901187715058,5.));
#4322=CARTESIAN_POINT('Origin',(-519.310442563126,100.401187677805,5.));
#4323=CARTESIAN_POINT('',(-519.310442563126,100.401187677805,5.));
#4324=CARTESIAN_POINT('',(-522.288466747204,102.901187715058,5.));
#4325=CARTESIAN_POINT('',(-519.310442563126,100.401187677805,0.));
#4326=CARTESIAN_POINT('',(-522.288466747204,102.901187715058,0.));
#4327=CARTESIAN_POINT('',(-519.310442563126,100.401187677805,5.));
#4328=CARTESIAN_POINT('Origin',(-515.28846671616,100.401187677805,5.));
#4329=CARTESIAN_POINT('',(-515.28846671616,100.401187677805,5.));
#4330=CARTESIAN_POINT('',(-513.310442563127,100.401187677805,5.));
#4331=CARTESIAN_POINT('',(-515.28846671616,100.401187677805,0.));
#4332=CARTESIAN_POINT('',(-513.310442563127,100.401187677805,0.));
#4333=CARTESIAN_POINT('',(-515.28846671616,100.401187677805,5.));
#4334=CARTESIAN_POINT('Origin',(-503.288466747204,105.401187752311,5.));
#4335=CARTESIAN_POINT('',(-491.288466778248,100.401187677805,5.));
#4336=CARTESIAN_POINT('Origin',(-503.288466747204,105.401187752311,5.));
#4337=CARTESIAN_POINT('',(-491.288466778248,100.401187677805,0.));
#4338=CARTESIAN_POINT('Origin',(-503.288466747204,105.401187752311,0.));
#4339=CARTESIAN_POINT('',(-491.288466778248,100.401187677805,5.));
#4340=CARTESIAN_POINT('Origin',(-487.266490931281,100.401187677805,5.));
#4341=CARTESIAN_POINT('',(-487.266490931281,100.401187677805,5.));
#4342=CARTESIAN_POINT('',(-493.266490931281,100.401187677805,5.));
#4343=CARTESIAN_POINT('',(-487.266490931281,100.401187677805,0.));
#4344=CARTESIAN_POINT('',(-493.266490931281,100.401187677805,0.));
#4345=CARTESIAN_POINT('',(-487.266490931281,100.401187677805,5.));
#4346=CARTESIAN_POINT('Origin',(-484.288466747204,102.901187715058,5.));
#4347=CARTESIAN_POINT('',(-484.288466747204,102.901187715058,5.));
#4348=CARTESIAN_POINT('',(-484.288466747204,102.901187715058,0.));
#4349=CARTESIAN_POINT('Origin',(-503.288466747204,105.401187752311,0.));
#4350=CARTESIAN_POINT('Origin',(-503.288466747204,105.401187752311,5.));
#4351=CARTESIAN_POINT('',(18.3499999999999,-0.000599888994976539,0.138508484261397));
#4352=CARTESIAN_POINT('',(0.,0.,0.));
#4353=CARTESIAN_POINT('Origin',(409.986858454693,157.598212417351,5.13850855234834));
#4354=CARTESIAN_POINT('',(410.888246273559,159.098212417351,5.13850854963026));
#4355=CARTESIAN_POINT('',(409.085470635827,159.098212417351,5.13850854963026));
#4356=CARTESIAN_POINT('',(430.487244103784,159.098212417351,5.13850854963026));
#4357=CARTESIAN_POINT('',(410.888246273559,156.098212417351,5.13850854963026));
#4358=CARTESIAN_POINT('Origin',(409.986858454693,157.598212417351,5.13850855234834));
#4359=CARTESIAN_POINT('',(409.085470635827,156.098212417351,5.13850854963026));
#4360=CARTESIAN_POINT('',(430.487244103784,156.098212417351,5.13850854963026));
#4361=CARTESIAN_POINT('',(408.236858454693,157.598212417351,5.13850855272887));
#4362=CARTESIAN_POINT('Origin',(409.986858454693,157.598212417351,5.13850855234834));
#4363=CARTESIAN_POINT('Origin',(409.986858454693,157.598212417351,5.13850855234834));
#4364=CARTESIAN_POINT('Origin',(422.487115554377,157.598212417351,5.13850854963026));
#4365=CARTESIAN_POINT('',(423.388503373243,159.098212417351,5.13850854963026));
#4366=CARTESIAN_POINT('',(421.585727735511,159.098212417351,5.13850854963026));
#4367=CARTESIAN_POINT('',(430.487244103784,159.098212417351,5.13850854963026));
#4368=CARTESIAN_POINT('',(423.388503373243,156.098212417351,5.13850854963026));
#4369=CARTESIAN_POINT('Origin',(422.487115554377,157.598212417351,5.13850854963026));
#4370=CARTESIAN_POINT('',(421.585727735511,156.098212417351,5.13850854963026));
#4371=CARTESIAN_POINT('',(430.487244103784,156.098212417351,5.13850854963026));
#4372=CARTESIAN_POINT('',(420.737115554377,157.598212417351,5.13850855020679));
#4373=CARTESIAN_POINT('Origin',(422.487115554377,157.598212417351,5.13850854963026));
#4374=CARTESIAN_POINT('Origin',(422.487115554377,157.598212417351,5.13850854963026));
#4375=CARTESIAN_POINT('Origin',(434.987372654061,157.598212417351,5.13850854691219));
#4376=CARTESIAN_POINT('',(435.888760472927,159.098212417351,5.13850854963026));
#4377=CARTESIAN_POINT('',(434.085984835195,159.098212417351,5.13850854963026));
#4378=CARTESIAN_POINT('',(430.487244103784,159.098212417351,5.13850854963026));
#4379=CARTESIAN_POINT('',(435.888760472927,156.098212417351,5.13850854963026));
#4380=CARTESIAN_POINT('Origin',(434.987372654061,157.598212417351,5.13850854691219));
#4381=CARTESIAN_POINT('',(434.085984835195,156.098212417351,5.13850854963026));
#4382=CARTESIAN_POINT('',(430.487244103784,156.098212417351,5.13850854963026));
#4383=CARTESIAN_POINT('',(433.237372654061,157.598212417351,5.13850855020679));
#4384=CARTESIAN_POINT('Origin',(434.987372654061,157.598212417351,5.13850854691219));
#4385=CARTESIAN_POINT('Origin',(434.987372654061,157.598212417351,5.13850854691219));
#4386=CARTESIAN_POINT('Origin',(422.487115553942,157.598212417351,3.13850854963031));
#4387=CARTESIAN_POINT('',(477.06737265773,187.598212417351,3.13850853776254));
#4388=CARTESIAN_POINT('',(477.06737265773,127.598212417351,3.13850853776218));
#4389=CARTESIAN_POINT('',(477.06737265773,187.598212417351,3.13850853776254));
#4390=CARTESIAN_POINT('',(367.906858450155,187.598212417351,3.13850856149839));
#4391=CARTESIAN_POINT('',(367.906858450155,187.598212417351,3.13850856149839));
#4392=CARTESIAN_POINT('',(367.906858450155,127.598212417351,3.13850856149822));
#4393=CARTESIAN_POINT('',(367.906858450155,127.598212417351,3.13850856149822));
#4394=CARTESIAN_POINT('',(477.06737265773,127.598212417351,3.13850853776218));
#4395=CARTESIAN_POINT('',(392.700047447368,142.248212417351,3.13850855610715));
#4396=CARTESIAN_POINT('',(392.700047447367,172.248212417352,3.13850855610733));
#4397=CARTESIAN_POINT('',(392.700047447368,142.248212417352,3.13850855610715));
#4398=CARTESIAN_POINT('',(377.670310812012,142.248212417351,3.13850855937522));
#4399=CARTESIAN_POINT('',(368.007372657731,142.248212417351,3.13850856147637));
#4400=CARTESIAN_POINT('',(377.670310812011,172.248212417352,3.13850855937543));
#4401=CARTESIAN_POINT('',(377.670310812011,172.248212417351,3.1385085593754));
#4402=CARTESIAN_POINT('',(477.06737265773,172.248212417352,3.13850853776239));
#4403=CARTESIAN_POINT('',(406.486858454258,141.598212417351,3.1385085531093));
#4404=CARTESIAN_POINT('',(438.487372653626,141.598212417351,3.13850854615103));
#4405=CARTESIAN_POINT('',(406.486858454258,141.598212417351,3.1385085531093));
#4406=CARTESIAN_POINT('',(406.486858454258,173.598212417351,3.13850855310955));
#4407=CARTESIAN_POINT('',(406.486858454258,159.098212417351,3.13850855310944));
#4408=CARTESIAN_POINT('',(438.487372653626,173.598212417351,3.13850854615128));
#4409=CARTESIAN_POINT('',(406.486858454258,173.598212417351,3.13850855310955));
#4410=CARTESIAN_POINT('',(438.487372653626,159.098212417351,3.13850854615117));
#4411=CARTESIAN_POINT('',(467.700047447368,142.248212417351,3.13850853979906));
#4412=CARTESIAN_POINT('',(467.700047447367,172.248212417352,3.13850853979924));
#4413=CARTESIAN_POINT('',(467.700047447368,142.248212417352,3.13850853979902));
#4414=CARTESIAN_POINT('',(452.670310812012,142.248212417351,3.13850854306713));
#4415=CARTESIAN_POINT('',(368.007372657731,142.248212417351,3.13850856147637));
#4416=CARTESIAN_POINT('',(452.670310812011,172.248212417352,3.13850854306731));
#4417=CARTESIAN_POINT('',(452.670310812011,172.248212417351,3.13850854306731));
#4418=CARTESIAN_POINT('',(477.06737265773,172.248212417352,3.13850853776239));
#4419=CARTESIAN_POINT('Origin',(422.487115553942,170.098212417351,3.13850854963034));
#4420=CARTESIAN_POINT('',(420.73711555329,170.098212417351,0.138508550010865));
#4421=CARTESIAN_POINT('Origin',(422.48711555329,170.098212417351,0.138508549630334));
#4422=CARTESIAN_POINT('',(420.737115554377,170.098212417351,5.13850855001087));
#4423=CARTESIAN_POINT('',(420.737115553942,170.098212417351,3.13850855001087));
#4424=CARTESIAN_POINT('Origin',(422.487115554377,170.098212417351,5.13850854963033));
#4425=CARTESIAN_POINT('Origin',(422.532803830113,145.098212417351,3.13850854962029));
#4426=CARTESIAN_POINT('',(420.782803829461,145.098212417351,0.138508550000775));
#4427=CARTESIAN_POINT('Origin',(422.532803829461,145.098212417351,0.138508549620244));
#4428=CARTESIAN_POINT('',(420.782803830548,145.098212417351,5.13850855000078));
#4429=CARTESIAN_POINT('',(420.782803830113,145.098212417351,3.13850855000081));
#4430=CARTESIAN_POINT('Origin',(422.532803830548,145.098212417351,5.13850854963016));
#4431=CARTESIAN_POINT('Origin',(434.987372653626,157.598212417351,3.1385085469122));
#4432=CARTESIAN_POINT('',(433.237372652974,157.598212417351,0.138508547292719));
#4433=CARTESIAN_POINT('Origin',(434.987372652974,157.598212417351,0.138508546912188));
#4434=CARTESIAN_POINT('',(433.237372653626,157.598212417351,3.13850854729272));
#4435=CARTESIAN_POINT('Origin',(434.987372654061,157.598212417351,5.13850854963026));
#4436=CARTESIAN_POINT('Origin',(434.987372654061,157.598212417351,5.13850854963026));
#4437=CARTESIAN_POINT('Origin',(409.986858454258,157.598212417351,3.13850855234834));
#4438=CARTESIAN_POINT('',(408.236858453606,157.598212417351,0.138508552728869));
#4439=CARTESIAN_POINT('Origin',(409.986858453606,157.598212417351,0.138508552348302));
#4440=CARTESIAN_POINT('',(408.236858454258,157.598212417351,3.13850855272887));
#4441=CARTESIAN_POINT('Origin',(409.986858454693,157.598212417351,5.13850854963026));
#4442=CARTESIAN_POINT('Origin',(409.986858454693,157.598212417351,5.13850854963026));
#4443=CARTESIAN_POINT('Origin',(422.487115553942,157.598212417351,3.13850854963027));
#4444=CARTESIAN_POINT('',(420.73711555329,157.598212417351,0.138508550010794));
#4445=CARTESIAN_POINT('Origin',(422.48711555329,157.598212417351,0.138508549630263));
#4446=CARTESIAN_POINT('',(420.737115553942,157.598212417351,3.1385085500108));
#4447=CARTESIAN_POINT('Origin',(422.487115554377,157.598212417351,5.13850854963026));
#4448=CARTESIAN_POINT('Origin',(422.487115554377,157.598212417351,5.13850854963026));
#4449=CARTESIAN_POINT('Origin',(367.906858450155,187.598212417351,3.13850856149839));
#4450=CARTESIAN_POINT('',(477.067372657077,187.598212417351,0.138508537762529));
#4451=CARTESIAN_POINT('',(477.06737265773,187.598212417351,3.13850853776254));
#4452=CARTESIAN_POINT('',(367.906858449502,187.598212417351,0.138508561498387));
#4453=CARTESIAN_POINT('',(367.906858449502,187.598212417351,0.138508561498352));
#4454=CARTESIAN_POINT('',(367.906858450155,187.598212417351,3.13850856149839));
#4455=CARTESIAN_POINT('Origin',(367.906858450155,127.598212417351,3.13850856149822));
#4456=CARTESIAN_POINT('',(367.906858449502,127.598212417351,0.13850856149821));
#4457=CARTESIAN_POINT('',(367.906858449502,127.598212417351,0.138508561498174));
#4458=CARTESIAN_POINT('',(367.906858450155,127.598212417351,3.13850856149822));
#4459=CARTESIAN_POINT('Origin',(477.06737265773,127.598212417351,3.13850853776218));
#4460=CARTESIAN_POINT('',(477.067372657077,127.598212417351,0.138508537762174));
#4461=CARTESIAN_POINT('',(477.067372657077,127.598212417351,0.138508537762174));
#4462=CARTESIAN_POINT('',(477.06737265773,127.598212417351,3.13850853776218));
#4463=CARTESIAN_POINT('Origin',(477.06737265773,187.598212417351,3.13850853776254));
#4464=CARTESIAN_POINT('',(477.067372657077,187.598212417351,0.138508537762529));
#4465=CARTESIAN_POINT('Origin',(422.48711555329,157.598212417351,0.138508549630263));
#4466=CARTESIAN_POINT('Origin',(438.487372653626,157.598212417351,5.13850854963026));
#4467=CARTESIAN_POINT('',(430.487244103784,159.098212417351,5.13850854963026));
#4468=CARTESIAN_POINT('',(430.487244103784,159.098212417351,5.13850854963026));
#4469=CARTESIAN_POINT('',(438.487372653626,159.098212417351,5.13850854963026));
#4470=CARTESIAN_POINT('',(430.487244103784,159.098212417351,5.13850854963026));
#4471=CARTESIAN_POINT('',(438.487372653626,173.598212417351,5.13850854963037));
#4472=CARTESIAN_POINT('',(438.487372653626,157.598212417351,5.13850854963026));
#4473=CARTESIAN_POINT('',(406.486912581741,173.598212417351,5.13850854963041));
#4474=CARTESIAN_POINT('',(406.486912581741,173.598212417351,5.13850854963041));
#4475=CARTESIAN_POINT('',(406.486912581741,159.098212417351,5.1385085496303));
#4476=CARTESIAN_POINT('',(406.486912581741,157.598212417351,5.13850854963026));
#4477=CARTESIAN_POINT('',(430.487244103784,159.098212417351,5.13850854963026));
#4478=CARTESIAN_POINT('Origin',(422.487115553942,173.598212417351,4.13850854789084));
#4479=CARTESIAN_POINT('',(406.487372665345,173.598212417351,22.1385085461513));
#4480=CARTESIAN_POINT('',(438.487372653626,173.598212417351,22.1385085461513));
#4481=CARTESIAN_POINT('Origin',(438.487372653626,157.598212417351,5.13850854963026));
#4482=CARTESIAN_POINT('',(406.486912581741,156.098212417351,5.13850854963026));
#4483=CARTESIAN_POINT('',(430.487244103784,156.098212417351,5.13850854963026));
#4484=CARTESIAN_POINT('',(406.486912581741,141.598212417351,5.13850854963016));
#4485=CARTESIAN_POINT('',(406.486912581741,157.598212417351,5.13850854963026));
#4486=CARTESIAN_POINT('',(438.487372653626,141.598212417351,5.13850854963012));
#4487=CARTESIAN_POINT('',(406.486912581741,141.598212417351,5.13850854963016));
#4488=CARTESIAN_POINT('',(438.487372653626,156.098212417351,5.13850854963023));
#4489=CARTESIAN_POINT('',(438.487372653626,157.598212417351,5.13850854963026));
#4490=CARTESIAN_POINT('',(430.487244103784,156.098212417351,5.13850854963026));
#4491=CARTESIAN_POINT('',(430.487244103784,156.098212417351,5.13850854963026));
#4492=CARTESIAN_POINT('',(430.487244103784,156.098212417351,5.13850854963026));
#4493=CARTESIAN_POINT('Origin',(422.487115553942,141.598212417351,4.13850854789059));
#4494=CARTESIAN_POINT('',(438.487372653626,141.598212417351,22.138508546151));
#4495=CARTESIAN_POINT('',(406.487372665345,141.598212417351,22.138508546151));
#4496=CARTESIAN_POINT('Origin',(422.487115553942,156.098212417351,20.6382920362198));
#4497=CARTESIAN_POINT('',(438.487372653626,156.098212417351,22.1385085461512));
#4498=CARTESIAN_POINT('',(438.487372653626,156.098212417351,22.1385085461512));
#4499=CARTESIAN_POINT('',(406.487372665345,156.098212417351,22.1385085461512));
#4500=CARTESIAN_POINT('Origin',(422.487372659486,156.098212417351,22.1380755262884));
#4501=CARTESIAN_POINT('',(406.487372665345,156.098212417351,22.1385085461512));
#4502=CARTESIAN_POINT('',(422.487372659486,156.098212417351,30.3380755262884));
#4503=CARTESIAN_POINT('Origin',(422.487372659486,156.098212417351,22.1380755262884));
#4504=CARTESIAN_POINT('',(434.487372659486,156.098212417351,23.988075526277));
#4505=CARTESIAN_POINT('Origin',(434.487372659486,156.098212417351,22.138075526277));
#4506=CARTESIAN_POINT('',(422.487372659497,156.098212417351,35.9880755262884));
#4507=CARTESIAN_POINT('Origin',(422.487372659497,156.098212417351,34.1380755262884));
#4508=CARTESIAN_POINT('',(410.487372659486,156.098212417351,23.9880755262998));
#4509=CARTESIAN_POINT('Origin',(410.487372659486,156.098212417351,22.1380755262998));
#4510=CARTESIAN_POINT('',(422.487372659474,156.098212417351,11.9880755262884));
#4511=CARTESIAN_POINT('Origin',(422.487372659474,156.098212417351,10.1380755262884));
#4512=CARTESIAN_POINT('Origin',(438.487372653626,159.098212417351,3.13850854615117));
#4513=CARTESIAN_POINT('',(438.487372653626,159.098212417351,22.1385085461512));
#4514=CARTESIAN_POINT('',(438.487372653626,159.098212417351,22.1385085461512));
#4515=CARTESIAN_POINT('',(438.487372653626,159.098212417351,22.1385085461512));
#4516=CARTESIAN_POINT('Origin',(422.487372659486,159.098212417351,22.1380755262884));
#4517=CARTESIAN_POINT('',(422.487372659486,159.098212417351,30.3380755262885));
#4518=CARTESIAN_POINT('',(422.487372659486,159.098212417351,30.3380755262885));
#4519=CARTESIAN_POINT('Origin',(422.487372659486,159.098212417351,22.1380755262884));
#4520=CARTESIAN_POINT('Origin',(434.487372659486,159.098212417351,22.138075526277));
#4521=CARTESIAN_POINT('',(434.487372659486,159.098212417351,23.988075526277));
#4522=CARTESIAN_POINT('',(434.487372659486,159.098212417351,23.988075526277));
#4523=CARTESIAN_POINT('Origin',(434.487372659486,159.098212417351,22.138075526277));
#4524=CARTESIAN_POINT('Origin',(422.487372659497,159.098212417351,34.1380755262884));
#4525=CARTESIAN_POINT('',(422.487372659497,159.098212417351,35.9880755262884));
#4526=CARTESIAN_POINT('',(422.487372659497,159.098212417351,35.9880755262884));
#4527=CARTESIAN_POINT('Origin',(422.487372659497,159.098212417351,34.1380755262884));
#4528=CARTESIAN_POINT('Origin',(410.487372659486,159.098212417351,22.1380755262998));
#4529=CARTESIAN_POINT('',(410.487372659486,159.098212417351,23.9880755262998));
#4530=CARTESIAN_POINT('',(410.487372659486,159.098212417351,23.9880755262998));
#4531=CARTESIAN_POINT('Origin',(410.487372659486,159.098212417351,22.1380755262998));
#4532=CARTESIAN_POINT('Origin',(422.487372659474,159.098212417351,10.1380755262885));
#4533=CARTESIAN_POINT('',(422.487372659474,159.098212417351,11.9880755262884));
#4534=CARTESIAN_POINT('',(422.487372659474,159.098212417351,11.9880755262885));
#4535=CARTESIAN_POINT('Origin',(422.487372659474,159.098212417351,10.1380755262885));
#4536=CARTESIAN_POINT('Origin',(406.487372665345,159.098212417351,22.1385085461512));
#4537=CARTESIAN_POINT('',(406.487372665345,159.098212417351,22.1385085461512));
#4538=CARTESIAN_POINT('',(406.487372665345,159.098212417351,22.1385085461512));
#4539=CARTESIAN_POINT('',(406.487372665345,159.098212417351,22.1385085461512));
#4540=CARTESIAN_POINT('Origin',(422.487372659486,159.098212417351,22.1380755262884));
#4541=CARTESIAN_POINT('Origin',(422.487372659486,159.098212417351,22.1380755262884));
#4542=CARTESIAN_POINT('Origin',(422.487115553942,159.098212417351,20.6382920362198));
#4543=CARTESIAN_POINT('Origin',(377.670310812011,172.248212417351,3.1385085593754));
#4544=CARTESIAN_POINT('',(377.670310813317,142.248212417351,9.13850855937524));
#4545=CARTESIAN_POINT('',(377.670310812012,142.248212417351,3.13850855937522));
#4546=CARTESIAN_POINT('',(377.670310813316,172.248212417352,9.13850855937541));
#4547=CARTESIAN_POINT('',(377.670310813316,164.748212417351,9.13850855937538));
#4548=CARTESIAN_POINT('',(377.670310812011,172.248212417352,3.13850855937543));
#4549=CARTESIAN_POINT('Origin',(392.700047447368,142.248212417352,3.13850855610715));
#4550=CARTESIAN_POINT('',(392.700047448672,172.248212417352,9.13850855610734));
#4551=CARTESIAN_POINT('',(392.700047447367,172.248212417352,3.13850855610733));
#4552=CARTESIAN_POINT('',(392.700047448673,142.248212417351,9.13850855610717));
#4553=CARTESIAN_POINT('',(392.700047448673,149.748212417352,9.1385085561072));
#4554=CARTESIAN_POINT('',(392.700047447368,142.248212417351,3.13850855610715));
#4555=CARTESIAN_POINT('Origin',(385.037372659036,157.248212417352,9.13850855777342));
#4556=CARTESIAN_POINT('',(368.007372659036,142.248212417351,9.13850856147638));
#4557=CARTESIAN_POINT('',(368.007372659036,142.248212417351,9.13850856147638));
#4558=CARTESIAN_POINT('',(368.007372659036,172.248212417352,9.13850856147656));
#4559=CARTESIAN_POINT('',(368.007372659036,172.248212417352,9.13850856147656));
#4560=CARTESIAN_POINT('',(477.067372659034,172.248212417352,9.13850853776241));
#4561=CARTESIAN_POINT('',(371.287372659035,149.248212417351,9.13850856076321));
#4562=CARTESIAN_POINT('Origin',(373.037372659035,149.248212417351,9.13850856038271));
#4563=CARTESIAN_POINT('',(371.287372659035,165.248212417351,9.13850856076332));
#4564=CARTESIAN_POINT('Origin',(373.037372659035,165.248212417351,9.13850856038279));
#4565=CARTESIAN_POINT('Origin',(385.037372659036,157.248212417352,9.13850855777342));
#4566=CARTESIAN_POINT('',(402.067372659035,172.248212417352,9.1385085540705));
#4567=CARTESIAN_POINT('',(477.067372659034,172.248212417352,9.13850853776241));
#4568=CARTESIAN_POINT('',(402.067372659036,142.248212417351,9.13850855407032));
#4569=CARTESIAN_POINT('',(402.067372659035,172.248212417352,9.1385085540705));
#4570=CARTESIAN_POINT('',(368.007372659036,142.248212417351,9.13850856147638));
#4571=CARTESIAN_POINT('',(395.287372659035,149.248212417352,9.13850855554459));
#4572=CARTESIAN_POINT('Origin',(397.037372659035,149.248212417352,9.13850855516406));
#4573=CARTESIAN_POINT('',(395.287372659035,165.248212417352,9.1385085555447));
#4574=CARTESIAN_POINT('Origin',(397.037372659035,165.248212417352,9.13850855516417));
#4575=CARTESIAN_POINT('Origin',(397.03737265947,149.248212417352,11.1385085551641));
#4576=CARTESIAN_POINT('',(395.28737265947,149.248212417352,11.1385085555446));
#4577=CARTESIAN_POINT('',(395.28737265947,149.248212417352,11.1385085555446));
#4578=CARTESIAN_POINT('Origin',(397.03737265947,149.248212417352,11.1385085551641));
#4579=CARTESIAN_POINT('Origin',(397.03737265947,165.248212417352,11.1385085551642));
#4580=CARTESIAN_POINT('',(395.28737265947,165.248212417352,11.1385085555447));
#4581=CARTESIAN_POINT('',(395.28737265947,165.248212417352,11.1385085555447));
#4582=CARTESIAN_POINT('Origin',(397.03737265947,165.248212417352,11.1385085551642));
#4583=CARTESIAN_POINT('Origin',(373.03737265947,165.248212417351,11.1385085603828));
#4584=CARTESIAN_POINT('',(371.28737265947,165.248212417351,11.1385085607633));
#4585=CARTESIAN_POINT('',(371.28737265947,165.248212417351,11.1385085607633));
#4586=CARTESIAN_POINT('Origin',(373.03737265947,165.248212417351,11.1385085603828));
#4587=CARTESIAN_POINT('Origin',(373.03737265947,149.248212417351,11.1385085603827));
#4588=CARTESIAN_POINT('',(371.28737265947,149.248212417351,11.1385085607632));
#4589=CARTESIAN_POINT('',(371.28737265947,149.248212417351,11.1385085607632));
#4590=CARTESIAN_POINT('Origin',(373.03737265947,149.248212417351,11.1385085603827));
#4591=CARTESIAN_POINT('Origin',(368.007372659471,172.248212417352,11.1385085614766));
#4592=CARTESIAN_POINT('',(402.067372659469,172.248212417352,11.1385085540705));
#4593=CARTESIAN_POINT('',(368.007372659471,172.248212417352,11.1385085614766));
#4594=CARTESIAN_POINT('',(477.067372659469,172.248212417352,11.1385085377624));
#4595=CARTESIAN_POINT('',(402.067372659469,172.248212417352,11.1385085540705));
#4596=CARTESIAN_POINT('',(368.007372659471,172.248212417352,11.1385085614766));
#4597=CARTESIAN_POINT('Origin',(368.007372659471,142.248212417351,11.1385085614764));
#4598=CARTESIAN_POINT('',(368.007372659471,142.248212417351,11.1385085614764));
#4599=CARTESIAN_POINT('',(368.007372659471,172.248212417352,11.1385085614766));
#4600=CARTESIAN_POINT('',(368.007372659471,142.248212417351,11.1385085614764));
#4601=CARTESIAN_POINT('Origin',(402.067372659471,142.248212417351,11.1385085540703));
#4602=CARTESIAN_POINT('',(402.067372659471,142.248212417351,11.1385085540703));
#4603=CARTESIAN_POINT('',(368.007372659471,142.248212417351,11.1385085614764));
#4604=CARTESIAN_POINT('',(402.067372659471,142.248212417351,11.1385085540703));
#4605=CARTESIAN_POINT('Origin',(402.067372659469,172.248212417352,11.1385085540705));
#4606=CARTESIAN_POINT('',(402.067372659469,172.248212417352,11.1385085540705));
#4607=CARTESIAN_POINT('Origin',(385.037372659471,157.248212417352,11.1385085577734));
#4608=CARTESIAN_POINT('Origin',(452.670310812011,172.248212417351,3.13850854306731));
#4609=CARTESIAN_POINT('',(452.670310813317,142.248212417351,9.13850854306714));
#4610=CARTESIAN_POINT('',(452.670310812012,142.248212417351,3.13850854306713));
#4611=CARTESIAN_POINT('',(452.670310813315,172.248212417352,9.13850854306732));
#4612=CARTESIAN_POINT('',(452.670310813316,164.748212417351,9.13850854306729));
#4613=CARTESIAN_POINT('',(452.670310812011,172.248212417352,3.13850854306731));
#4614=CARTESIAN_POINT('Origin',(467.700047447368,142.248212417352,3.13850853979902));
#4615=CARTESIAN_POINT('',(467.700047448672,172.248212417352,9.13850853979921));
#4616=CARTESIAN_POINT('',(467.700047447367,172.248212417352,3.13850853979924));
#4617=CARTESIAN_POINT('',(467.700047448673,142.248212417351,9.13850853979904));
#4618=CARTESIAN_POINT('',(467.700047448673,149.748212417352,9.13850853979911));
#4619=CARTESIAN_POINT('',(467.700047447368,142.248212417351,3.13850853979906));
#4620=CARTESIAN_POINT('Origin',(460.037372659034,157.248212417352,9.13850854146533));
#4621=CARTESIAN_POINT('',(443.007372659035,142.248212417351,9.13850854516825));
#4622=CARTESIAN_POINT('',(368.007372659036,142.248212417351,9.13850856147638));
#4623=CARTESIAN_POINT('',(443.007372659034,172.248212417352,9.13850854516843));
#4624=CARTESIAN_POINT('',(443.007372659035,142.248212417351,9.13850854516825));
#4625=CARTESIAN_POINT('',(477.067372659034,172.248212417352,9.13850853776241));
#4626=CARTESIAN_POINT('',(446.287372659035,149.248212417351,9.13850854445512));
#4627=CARTESIAN_POINT('Origin',(448.037372659035,149.248212417351,9.13850854407459));
#4628=CARTESIAN_POINT('',(446.287372659035,165.248212417351,9.13850854445519));
#4629=CARTESIAN_POINT('Origin',(448.037372659035,165.248212417351,9.13850854407466));
#4630=CARTESIAN_POINT('Origin',(460.037372659034,157.248212417352,9.13850854146533));
#4631=CARTESIAN_POINT('',(477.067372659034,172.248212417352,9.13850853776248));
#4632=CARTESIAN_POINT('',(477.067372659034,172.248212417352,9.13850853776241));
#4633=CARTESIAN_POINT('',(477.067372659034,142.248212417352,9.1385085377623));
#4634=CARTESIAN_POINT('',(477.067372659034,187.598212417351,9.13850853776255));
#4635=CARTESIAN_POINT('',(368.007372659036,142.248212417351,9.13850856147638));
#4636=CARTESIAN_POINT('',(470.287372659035,165.248212417352,9.13850853923657));
#4637=CARTESIAN_POINT('Origin',(472.037372659035,165.248212417352,9.13850853885608));
#4638=CARTESIAN_POINT('',(470.287372659035,149.248212417352,9.1385085392365));
#4639=CARTESIAN_POINT('Origin',(472.037372659035,149.248212417352,9.13850853885597));
#4640=CARTESIAN_POINT('Origin',(448.037372659469,165.248212417351,11.1385085440747));
#4641=CARTESIAN_POINT('',(446.287372659469,165.248212417351,11.1385085444552));
#4642=CARTESIAN_POINT('',(446.287372659469,165.248212417351,11.1385085444552));
#4643=CARTESIAN_POINT('Origin',(448.037372659469,165.248212417351,11.1385085440747));
#4644=CARTESIAN_POINT('Origin',(472.03737265947,165.248212417352,11.1385085388561));
#4645=CARTESIAN_POINT('',(470.287372659469,165.248212417352,11.1385085392366));
#4646=CARTESIAN_POINT('',(470.28737265947,165.248212417352,11.1385085392366));
#4647=CARTESIAN_POINT('Origin',(472.03737265947,165.248212417352,11.1385085388561));
#4648=CARTESIAN_POINT('Origin',(448.03737265947,149.248212417351,11.1385085440746));
#4649=CARTESIAN_POINT('',(446.28737265947,149.248212417351,11.1385085444551));
#4650=CARTESIAN_POINT('',(446.28737265947,149.248212417351,11.1385085444551));
#4651=CARTESIAN_POINT('Origin',(448.03737265947,149.248212417351,11.1385085440746));
#4652=CARTESIAN_POINT('Origin',(472.03737265947,149.248212417352,11.138508538856));
#4653=CARTESIAN_POINT('',(470.28737265947,149.248212417352,11.1385085392365));
#4654=CARTESIAN_POINT('',(470.28737265947,149.248212417352,11.1385085392365));
#4655=CARTESIAN_POINT('Origin',(472.03737265947,149.248212417352,11.138508538856));
#4656=CARTESIAN_POINT('Origin',(477.067372659469,142.248212417351,11.1385085377622));
#4657=CARTESIAN_POINT('',(443.00737265947,142.248212417351,11.1385085451682));
#4658=CARTESIAN_POINT('',(477.067372659469,142.248212417352,11.1385085377623));
#4659=CARTESIAN_POINT('',(368.007372659471,142.248212417351,11.1385085614764));
#4660=CARTESIAN_POINT('',(443.00737265947,142.248212417351,11.1385085451682));
#4661=CARTESIAN_POINT('',(477.067372659469,142.248212417352,11.1385085377623));
#4662=CARTESIAN_POINT('Origin',(477.067372659469,172.248212417352,11.1385085377625));
#4663=CARTESIAN_POINT('',(477.067372659469,172.248212417352,11.1385085377625));
#4664=CARTESIAN_POINT('',(477.067372659469,187.598212417351,11.1385085377625));
#4665=CARTESIAN_POINT('',(477.067372659469,172.248212417352,11.1385085377625));
#4666=CARTESIAN_POINT('Origin',(443.007372659469,172.248212417352,11.1385085451684));
#4667=CARTESIAN_POINT('',(443.007372659469,172.248212417352,11.1385085451684));
#4668=CARTESIAN_POINT('',(477.067372659469,172.248212417352,11.1385085377624));
#4669=CARTESIAN_POINT('',(443.007372659469,172.248212417352,11.1385085451684));
#4670=CARTESIAN_POINT('Origin',(443.00737265947,142.248212417351,11.1385085451682));
#4671=CARTESIAN_POINT('',(443.00737265947,142.248212417351,11.1385085451682));
#4672=CARTESIAN_POINT('Origin',(460.037372659469,157.248212417352,11.1385085414653));
#4673=CARTESIAN_POINT('',(0.,0.,0.));
#4674=CARTESIAN_POINT('',(-0.650000000003432,279.999400169729,-0.138508423380359));
#4675=UNCERTAINTY_MEASURE_WITH_UNIT(LENGTH_MEASURE(0.01),#4685,
'DISTANCE_ACCURACY_VALUE',
'Maximum model space distance between geometric entities at asserted c
onnectivities');
#4676=UNCERTAINTY_MEASURE_WITH_UNIT(LENGTH_MEASURE(0.01),#4685,
'DISTANCE_ACCURACY_VALUE',
'Maximum model space distance between geometric entities at asserted c
onnectivities');
#4677=UNCERTAINTY_MEASURE_WITH_UNIT(LENGTH_MEASURE(0.01),#4685,
'DISTANCE_ACCURACY_VALUE',
'Maximum model space distance between geometric entities at asserted c
onnectivities');
#4678=UNCERTAINTY_MEASURE_WITH_UNIT(LENGTH_MEASURE(0.01),#4685,
'DISTANCE_ACCURACY_VALUE',
'Maximum model space distance between geometric entities at asserted c
onnectivities');
#4679=UNCERTAINTY_MEASURE_WITH_UNIT(LENGTH_MEASURE(0.01),#4685,
'DISTANCE_ACCURACY_VALUE',
'Maximum model space distance between geometric entities at asserted c
onnectivities');
#4680=(
GEOMETRIC_REPRESENTATION_CONTEXT(3)
GLOBAL_UNCERTAINTY_ASSIGNED_CONTEXT((#4675))
GLOBAL_UNIT_ASSIGNED_CONTEXT((#4685,#4687,#4688))
REPRESENTATION_CONTEXT('','3D')
);
#4681=(
GEOMETRIC_REPRESENTATION_CONTEXT(3)
GLOBAL_UNCERTAINTY_ASSIGNED_CONTEXT((#4676))
GLOBAL_UNIT_ASSIGNED_CONTEXT((#4685,#4687,#4688))
REPRESENTATION_CONTEXT('','3D')
);
#4682=(
GEOMETRIC_REPRESENTATION_CONTEXT(3)
GLOBAL_UNCERTAINTY_ASSIGNED_CONTEXT((#4677))
GLOBAL_UNIT_ASSIGNED_CONTEXT((#4685,#4687,#4688))
REPRESENTATION_CONTEXT('','3D')
);
#4683=(
GEOMETRIC_REPRESENTATION_CONTEXT(3)
GLOBAL_UNCERTAINTY_ASSIGNED_CONTEXT((#4678))
GLOBAL_UNIT_ASSIGNED_CONTEXT((#4685,#4687,#4688))
REPRESENTATION_CONTEXT('','3D')
);
#4684=(
GEOMETRIC_REPRESENTATION_CONTEXT(3)
GLOBAL_UNCERTAINTY_ASSIGNED_CONTEXT((#4679))
GLOBAL_UNIT_ASSIGNED_CONTEXT((#4685,#4687,#4688))
REPRESENTATION_CONTEXT('','3D')
);
#4685=(
LENGTH_UNIT()
NAMED_UNIT(*)
SI_UNIT(.MILLI.,.METRE.)
);
#4686=(
LENGTH_UNIT()
NAMED_UNIT(*)
SI_UNIT($,.METRE.)
);
#4687=(
NAMED_UNIT(*)
PLANE_ANGLE_UNIT()
SI_UNIT($,.RADIAN.)
);
#4688=(
NAMED_UNIT(*)
SI_UNIT($,.STERADIAN.)
SOLID_ANGLE_UNIT()
);
#4689=SHAPE_DEFINITION_REPRESENTATION(#4693,#4700);
#4690=SHAPE_DEFINITION_REPRESENTATION(#4694,#4701);
#4691=SHAPE_DEFINITION_REPRESENTATION(#4695,#4702);
#4692=SHAPE_DEFINITION_REPRESENTATION(#4697,#4703);
#4693=PRODUCT_DEFINITION_SHAPE('',$,#4705);
#4694=PRODUCT_DEFINITION_SHAPE('',$,#4706);
#4695=PRODUCT_DEFINITION_SHAPE('',$,#4707);
#4696=PRODUCT_DEFINITION_SHAPE($,$,#20);
#4697=PRODUCT_DEFINITION_SHAPE('',$,#4708);
#4698=PRODUCT_DEFINITION_SHAPE($,$,#21);
#4699=PRODUCT_DEFINITION_SHAPE($,$,#22);
#4700=SHAPE_REPRESENTATION('',(#2867,#3107,#3108),#4680);
#4701=SHAPE_REPRESENTATION('',(#2868,#3001),#4681);
#4702=SHAPE_REPRESENTATION('',(#2869),#4682);
#4703=SHAPE_REPRESENTATION('',(#3002),#4683);
#4704=PRODUCT_DEFINITION_CONTEXT('part definition',#4718,'design');
#4705=PRODUCT_DEFINITION('X-Axis','X-Axis v8',#4709,#4704);
#4706=PRODUCT_DEFINITION('Frame','Frame',#4710,#4704);
#4707=PRODUCT_DEFINITION('Component12','Component12',#4711,#4704);
#4708=PRODUCT_DEFINITION('Carriage (1)','Carriage (1)',#4712,#4704);
#4709=PRODUCT_DEFINITION_FORMATION('',$,#4720);
#4710=PRODUCT_DEFINITION_FORMATION('',$,#4721);
#4711=PRODUCT_DEFINITION_FORMATION('',$,#4722);
#4712=PRODUCT_DEFINITION_FORMATION('',$,#4723);
#4713=PRODUCT_RELATED_PRODUCT_CATEGORY('X-Axis v8','X-Axis v8',(#4720));
#4714=PRODUCT_RELATED_PRODUCT_CATEGORY('Frame','Frame',(#4721));
#4715=PRODUCT_RELATED_PRODUCT_CATEGORY('Component12','Component12',(#4722));
#4716=PRODUCT_RELATED_PRODUCT_CATEGORY('Carriage (1)','Carriage (1)',(#4723));
#4717=APPLICATION_PROTOCOL_DEFINITION('international standard',
'automotive_design',2009,#4718);
#4718=APPLICATION_CONTEXT(
'Core Data for Automotive Mechanical Design Process');
#4719=PRODUCT_CONTEXT('part definition',#4718,'mechanical');
#4720=PRODUCT('X-Axis','X-Axis v8',$,(#4719));
#4721=PRODUCT('Frame','Frame',$,(#4719));
#4722=PRODUCT('Component12','Component12',$,(#4719));
#4723=PRODUCT('Carriage (1)','Carriage (1)',$,(#4719));
#4724=PRESENTATION_STYLE_ASSIGNMENT((#4726));
#4725=PRESENTATION_STYLE_ASSIGNMENT((#4727));
#4726=SURFACE_STYLE_USAGE(.BOTH.,#4728);
#4727=SURFACE_STYLE_USAGE(.BOTH.,#4729);
#4728=SURFACE_SIDE_STYLE('',(#4730));
#4729=SURFACE_SIDE_STYLE('',(#4731));
#4730=SURFACE_STYLE_FILL_AREA(#4732);
#4731=SURFACE_STYLE_FILL_AREA(#4733);
#4732=FILL_AREA_STYLE('Steel - Satin',(#4734));
#4733=FILL_AREA_STYLE('Opaque(198,193,188)',(#4735));
#4734=FILL_AREA_STYLE_COLOUR('Steel - Satin',#4736);
#4735=FILL_AREA_STYLE_COLOUR('Opaque(198,193,188)',#4737);
#4736=COLOUR_RGB('Steel - Satin',0.627450980392157,0.627450980392157,0.627450980392157);
#4737=COLOUR_RGB('Opaque(198,193,188)',0.776470588235294,0.756862745098039,
0.737254901960784);
ENDSEC;
END-ISO-10303-21;
