ISO-10303-21;
HEADER;
/* Generated by software containing ST-Developer
 * from STEP Tools, Inc. (www.steptools.com) 
 */

FILE_DESCRIPTION(
/* description */ (''),
/* implementation_level */ '2;1');

FILE_NAME(
/* name */ 'Z-Axis Printable.step',
/* time_stamp */ '2026-06-02T14:43:10+01:00',
/* author */ (''),
/* organization */ (''),
/* preprocessor_version */ 'ST-DEVELOPER v20.1',
/* originating_system */ 'Autodesk Translation Framework v15.8.0.0',
/* authorisation */ '');

FILE_SCHEMA (('AUTOMOTIVE_DESIGN { 1 0 10303 214 3 1 1 }'));
ENDSEC;

DATA;
#10=MECHANICAL_DESIGN_GEOMETRIC_PRESENTATION_REPRESENTATION('',(#51,#52,
#53,#54,#55),#4369);
#11=ITEM_DEFINED_TRANSFORMATION($,$,#2524,#2779);
#12=ITEM_DEFINED_TRANSFORMATION($,$,#2622,#2780);
#13=(
REPRESENTATION_RELATIONSHIP($,$,#4382,#4381)
REPRESENTATION_RELATIONSHIP_WITH_TRANSFORMATION(#11)
SHAPE_REPRESENTATION_RELATIONSHIP()
);
#14=(
REPRESENTATION_RELATIONSHIP($,$,#4383,#4381)
REPRESENTATION_RELATIONSHIP_WITH_TRANSFORMATION(#12)
SHAPE_REPRESENTATION_RELATIONSHIP()
);
#15=CONTEXT_DEPENDENT_SHAPE_REPRESENTATION(#13,#4379);
#16=CONTEXT_DEPENDENT_SHAPE_REPRESENTATION(#14,#4380);
#17=NEXT_ASSEMBLY_USAGE_OCCURRENCE('Frame:1','Frame:1','Frame:1',#4385,
#4386,'Frame:1');
#18=NEXT_ASSEMBLY_USAGE_OCCURRENCE('Carriage:1','Carriage:1',
'Carriage:1',#4385,#4387,'Carriage:1');
#19=B_SPLINE_CURVE_WITH_KNOTS('',3,(#3957,#3958,#3959,#3960,#3961,#3962,
#3963,#3964,#3965,#3966),.UNSPECIFIED.,.F.,.F.,(4,2,2,2,4),(0.222225928351062,
0.277823957053228,0.333403132522297,0.388951483452851,0.444470402814324),
 .UNSPECIFIED.);
#20=B_SPLINE_CURVE_WITH_KNOTS('',3,(#3987,#3988,#3989,#3990,#3991,#3992,
#3993,#3994,#3995,#3996),.UNSPECIFIED.,.F.,.F.,(4,2,2,2,4),(0.444470403151233,
0.499989322512706,0.55553767344326,0.611116848912329,0.666714877614495),
 .UNSPECIFIED.);
#21=B_SPLINE_CURVE_WITH_KNOTS('',3,(#4004,#4005,#4006,#4007,#4008,#4009,
#4010,#4011,#4012,#4013,#4014,#4015,#4016,#4017,#4018,#4019,#4020,#4021),
 .UNSPECIFIED.,.F.,.F.,(4,2,2,2,2,2,2,2,4),(0.,0.113148850854226,0.226297701708453,
0.339445438282309,0.452593174856166,0.565740757125605,0.678888339395044,
0.792037173692845,0.905186007990646),.UNSPECIFIED.);
#22=B_SPLINE_CURVE_WITH_KNOTS('',3,(#4022,#4023,#4024,#4025,#4026,#4027,
#4028,#4029,#4030,#4031,#4032,#4033,#4034,#4035,#4036,#4037,#4038,#4039),
 .UNSPECIFIED.,.F.,.F.,(4,2,2,2,2,2,2,2,4),(0.905186007990646,1.01833484228845,
1.13148367658625,1.24463125885569,1.35777884112513,1.47092657769898,1.58407431427284,
1.69722316512707,1.81037201598129),.UNSPECIFIED.);
#23=B_SPLINE_CURVE_WITH_KNOTS('',3,(#4049,#4050,#4051,#4052,#4053,#4054,
#4055,#4056,#4057,#4058,#4059,#4060,#4061,#4062,#4063,#4064,#4065,#4066),
 .UNSPECIFIED.,.F.,.F.,(4,2,2,2,2,2,2,2,4),(0.,0.112398396787831,0.224796793575662,
0.345775649819272,0.466754506062882,0.593843055189509,0.720931604316136,
0.834129671331036,0.947327738345937),.UNSPECIFIED.);
#24=B_SPLINE_CURVE_WITH_KNOTS('',3,(#4067,#4068,#4069,#4070,#4071,#4072,
#4073,#4074,#4075,#4076,#4077,#4078,#4079,#4080,#4081,#4082,#4083,#4084),
 .UNSPECIFIED.,.F.,.F.,(4,2,2,2,2,2,2,2,4),(0.947327738345937,1.06052580536084,
1.17372387237574,1.30081242150237,1.42790097062899,1.5488798268726,1.66985868311621,
1.78225707990404,1.89465547669187),.UNSPECIFIED.);
#25=B_SPLINE_CURVE_WITH_KNOTS('',3,(#4094,#4095,#4096,#4097,#4098,#4099,
#4100,#4101,#4102,#4103,#4104,#4105,#4106,#4107,#4108,#4109,#4110,#4111),
 .UNSPECIFIED.,.F.,.F.,(4,2,2,2,2,2,2,2,4),(0.,0.113198067014901,0.226396134029801,
0.353484683156428,0.480573232283055,0.601552088526665,0.722530944770275,
0.834929341558106,0.947327738345937),.UNSPECIFIED.);
#26=B_SPLINE_CURVE_WITH_KNOTS('',3,(#4112,#4113,#4114,#4115,#4116,#4117,
#4118,#4119,#4120,#4121,#4122,#4123,#4124,#4125,#4126,#4127,#4128,#4129),
 .UNSPECIFIED.,.F.,.F.,(4,2,2,2,2,2,2,2,4),(0.947327738345937,1.05972613513377,
1.1721245319216,1.29310338816521,1.41408224440882,1.54117079353545,1.66825934266207,
1.78145740967697,1.89465547669187),.UNSPECIFIED.);
#27=B_SPLINE_CURVE_WITH_KNOTS('',3,(#4316,#4317,#4318,#4319,#4320,#4321,
#4322,#4323,#4324,#4325),.UNSPECIFIED.,.F.,.F.,(4,2,2,2,4),(0.222224381482859,
0.277821235073044,0.333399593124553,0.388947711532949,0.444466956688406),
 .UNSPECIFIED.);
#28=B_SPLINE_CURVE_WITH_KNOTS('',3,(#4346,#4347,#4348,#4349,#4350,#4351,
#4352,#4353,#4354,#4355),.UNSPECIFIED.,.F.,.F.,(4,2,2,2,4),(0.444466957012652,
0.499986202168109,0.555534320576506,0.611112678628015,0.6667095322182),
 .UNSPECIFIED.);
#29=SPHERICAL_SURFACE('',#2645,2.);
#30=SPHERICAL_SURFACE('',#2650,2.);
#31=TOROIDAL_SURFACE('',#2634,4.,2.);
#32=TOROIDAL_SURFACE('',#2640,3.99999999999996,2.);
#33=TOROIDAL_SURFACE('',#2696,12.5,1.5);
#34=TOROIDAL_SURFACE('',#2778,12.5,1.5);
#35=ELLIPSE('',#2628,2.2524711142517,2.);
#36=ELLIPSE('',#2631,2.25254135871632,2.);
#37=ELLIPSE('',#2717,2.82842712474619,2.);
#38=ELLIPSE('',#2719,2.24082379237961,2.);
#39=ELLIPSE('',#2721,4.43468618797786,2.);
#40=ELLIPSE('',#2723,2.8284271247462,2.);
#41=ELLIPSE('',#2725,2.82842712474619,2.);
#42=ELLIPSE('',#2727,2.8284271247462,2.);
#43=ELLIPSE('',#2729,2.82842712474619,2.);
#44=ELLIPSE('',#2731,4.43468618797788,2.);
#45=ELLIPSE('',#2733,2.24082379237962,2.);
#46=ELLIPSE('',#2735,2.82842712474619,2.);
#47=SHAPE_REPRESENTATION_RELATIONSHIP('SRR','None',#4382,#49);
#48=SHAPE_REPRESENTATION_RELATIONSHIP('SRR','None',#4383,#50);
#49=ADVANCED_BREP_SHAPE_REPRESENTATION('',(#56),#4367);
#50=ADVANCED_BREP_SHAPE_REPRESENTATION('',(#57,#58,#59,#60),#4368);
#51=STYLED_ITEM('',(#4400),#56);
#52=STYLED_ITEM('',(#4400),#57);
#53=STYLED_ITEM('',(#4400),#58);
#54=STYLED_ITEM('',(#4400),#59);
#55=STYLED_ITEM('',(#4400),#60);
#56=MANIFOLD_SOLID_BREP('Body1',#2518);
#57=MANIFOLD_SOLID_BREP('Body10',#2519);
#58=MANIFOLD_SOLID_BREP('Body10',#2520);
#59=MANIFOLD_SOLID_BREP('Body11',#2521);
#60=MANIFOLD_SOLID_BREP('Body11',#2522);
#61=FACE_BOUND('',#329,.T.);
#62=FACE_BOUND('',#337,.T.);
#63=FACE_BOUND('',#338,.T.);
#64=FACE_BOUND('',#339,.T.);
#65=FACE_BOUND('',#341,.T.);
#66=FACE_BOUND('',#342,.T.);
#67=FACE_BOUND('',#343,.T.);
#68=FACE_BOUND('',#352,.T.);
#69=FACE_BOUND('',#353,.T.);
#70=FACE_BOUND('',#354,.T.);
#71=FACE_BOUND('',#356,.T.);
#72=FACE_BOUND('',#357,.T.);
#73=FACE_BOUND('',#358,.T.);
#74=FACE_BOUND('',#372,.T.);
#75=FACE_BOUND('',#373,.T.);
#76=FACE_BOUND('',#374,.T.);
#77=FACE_BOUND('',#375,.T.);
#78=FACE_BOUND('',#376,.T.);
#79=FACE_BOUND('',#377,.T.);
#80=FACE_BOUND('',#378,.T.);
#81=FACE_BOUND('',#381,.T.);
#82=FACE_BOUND('',#382,.T.);
#83=FACE_BOUND('',#383,.T.);
#84=FACE_BOUND('',#384,.T.);
#85=FACE_BOUND('',#385,.T.);
#86=FACE_BOUND('',#393,.T.);
#87=FACE_BOUND('',#394,.T.);
#88=FACE_BOUND('',#395,.T.);
#89=FACE_BOUND('',#396,.T.);
#90=FACE_BOUND('',#397,.T.);
#91=FACE_BOUND('',#400,.T.);
#92=FACE_BOUND('',#401,.T.);
#93=FACE_BOUND('',#402,.T.);
#94=FACE_BOUND('',#403,.T.);
#95=FACE_BOUND('',#404,.T.);
#96=FACE_BOUND('',#405,.T.);
#97=FACE_BOUND('',#406,.T.);
#98=FACE_BOUND('',#408,.T.);
#99=FACE_BOUND('',#409,.T.);
#100=FACE_BOUND('',#410,.T.);
#101=FACE_BOUND('',#411,.T.);
#102=FACE_BOUND('',#412,.T.);
#103=FACE_BOUND('',#414,.T.);
#104=FACE_BOUND('',#415,.T.);
#105=FACE_BOUND('',#416,.T.);
#106=FACE_BOUND('',#417,.T.);
#107=FACE_BOUND('',#418,.T.);
#108=FACE_BOUND('',#447,.T.);
#109=FACE_BOUND('',#458,.T.);
#110=FACE_BOUND('',#462,.T.);
#111=FACE_BOUND('',#465,.T.);
#112=FACE_BOUND('',#468,.T.);
#113=FACE_BOUND('',#489,.T.);
#114=FACE_BOUND('',#490,.T.);
#115=FACE_BOUND('',#491,.T.);
#116=FACE_BOUND('',#498,.T.);
#117=FACE_BOUND('',#499,.T.);
#118=FACE_BOUND('',#500,.T.);
#119=FACE_BOUND('',#506,.T.);
#120=FACE_BOUND('',#517,.T.);
#121=PLANE('',#2540);
#122=PLANE('',#2542);
#123=PLANE('',#2552);
#124=PLANE('',#2553);
#125=PLANE('',#2554);
#126=PLANE('',#2555);
#127=PLANE('',#2556);
#128=PLANE('',#2566);
#129=PLANE('',#2567);
#130=PLANE('',#2568);
#131=PLANE('',#2569);
#132=PLANE('',#2570);
#133=PLANE('',#2585);
#134=PLANE('',#2586);
#135=PLANE('',#2596);
#136=PLANE('',#2597);
#137=PLANE('',#2598);
#138=PLANE('',#2599);
#139=PLANE('',#2600);
#140=PLANE('',#2601);
#141=PLANE('',#2617);
#142=PLANE('',#2618);
#143=PLANE('',#2619);
#144=PLANE('',#2620);
#145=PLANE('',#2621);
#146=PLANE('',#2652);
#147=PLANE('',#2653);
#148=PLANE('',#2655);
#149=PLANE('',#2658);
#150=PLANE('',#2659);
#151=PLANE('',#2662);
#152=PLANE('',#2665);
#153=PLANE('',#2666);
#154=PLANE('',#2669);
#155=PLANE('',#2672);
#156=PLANE('',#2673);
#157=PLANE('',#2674);
#158=PLANE('',#2682);
#159=PLANE('',#2685);
#160=PLANE('',#2690);
#161=PLANE('',#2693);
#162=PLANE('',#2694);
#163=PLANE('',#2699);
#164=PLANE('',#2703);
#165=PLANE('',#2707);
#166=PLANE('',#2738);
#167=PLANE('',#2740);
#168=PLANE('',#2741);
#169=PLANE('',#2742);
#170=PLANE('',#2743);
#171=PLANE('',#2746);
#172=PLANE('',#2747);
#173=PLANE('',#2748);
#174=PLANE('',#2749);
#175=PLANE('',#2750);
#176=PLANE('',#2751);
#177=PLANE('',#2752);
#178=PLANE('',#2753);
#179=PLANE('',#2754);
#180=PLANE('',#2755);
#181=PLANE('',#2756);
#182=PLANE('',#2764);
#183=PLANE('',#2767);
#184=PLANE('',#2772);
#185=PLANE('',#2775);
#186=PLANE('',#2776);
#187=FACE_OUTER_BOUND('',#323,.T.);
#188=FACE_OUTER_BOUND('',#324,.T.);
#189=FACE_OUTER_BOUND('',#325,.T.);
#190=FACE_OUTER_BOUND('',#326,.T.);
#191=FACE_OUTER_BOUND('',#327,.T.);
#192=FACE_OUTER_BOUND('',#328,.T.);
#193=FACE_OUTER_BOUND('',#330,.T.);
#194=FACE_OUTER_BOUND('',#331,.T.);
#195=FACE_OUTER_BOUND('',#332,.T.);
#196=FACE_OUTER_BOUND('',#333,.T.);
#197=FACE_OUTER_BOUND('',#334,.T.);
#198=FACE_OUTER_BOUND('',#335,.T.);
#199=FACE_OUTER_BOUND('',#336,.T.);
#200=FACE_OUTER_BOUND('',#340,.T.);
#201=FACE_OUTER_BOUND('',#344,.T.);
#202=FACE_OUTER_BOUND('',#345,.T.);
#203=FACE_OUTER_BOUND('',#346,.T.);
#204=FACE_OUTER_BOUND('',#347,.T.);
#205=FACE_OUTER_BOUND('',#348,.T.);
#206=FACE_OUTER_BOUND('',#349,.T.);
#207=FACE_OUTER_BOUND('',#350,.T.);
#208=FACE_OUTER_BOUND('',#351,.T.);
#209=FACE_OUTER_BOUND('',#355,.T.);
#210=FACE_OUTER_BOUND('',#359,.T.);
#211=FACE_OUTER_BOUND('',#360,.T.);
#212=FACE_OUTER_BOUND('',#361,.T.);
#213=FACE_OUTER_BOUND('',#362,.T.);
#214=FACE_OUTER_BOUND('',#363,.T.);
#215=FACE_OUTER_BOUND('',#364,.T.);
#216=FACE_OUTER_BOUND('',#365,.T.);
#217=FACE_OUTER_BOUND('',#366,.T.);
#218=FACE_OUTER_BOUND('',#367,.T.);
#219=FACE_OUTER_BOUND('',#368,.T.);
#220=FACE_OUTER_BOUND('',#369,.T.);
#221=FACE_OUTER_BOUND('',#370,.T.);
#222=FACE_OUTER_BOUND('',#371,.T.);
#223=FACE_OUTER_BOUND('',#379,.T.);
#224=FACE_OUTER_BOUND('',#380,.T.);
#225=FACE_OUTER_BOUND('',#386,.T.);
#226=FACE_OUTER_BOUND('',#387,.T.);
#227=FACE_OUTER_BOUND('',#388,.T.);
#228=FACE_OUTER_BOUND('',#389,.T.);
#229=FACE_OUTER_BOUND('',#390,.T.);
#230=FACE_OUTER_BOUND('',#391,.T.);
#231=FACE_OUTER_BOUND('',#392,.T.);
#232=FACE_OUTER_BOUND('',#398,.T.);
#233=FACE_OUTER_BOUND('',#399,.T.);
#234=FACE_OUTER_BOUND('',#407,.T.);
#235=FACE_OUTER_BOUND('',#413,.T.);
#236=FACE_OUTER_BOUND('',#419,.T.);
#237=FACE_OUTER_BOUND('',#420,.T.);
#238=FACE_OUTER_BOUND('',#421,.T.);
#239=FACE_OUTER_BOUND('',#422,.T.);
#240=FACE_OUTER_BOUND('',#423,.T.);
#241=FACE_OUTER_BOUND('',#424,.T.);
#242=FACE_OUTER_BOUND('',#425,.T.);
#243=FACE_OUTER_BOUND('',#426,.T.);
#244=FACE_OUTER_BOUND('',#427,.T.);
#245=FACE_OUTER_BOUND('',#428,.T.);
#246=FACE_OUTER_BOUND('',#429,.T.);
#247=FACE_OUTER_BOUND('',#430,.T.);
#248=FACE_OUTER_BOUND('',#431,.T.);
#249=FACE_OUTER_BOUND('',#432,.T.);
#250=FACE_OUTER_BOUND('',#433,.T.);
#251=FACE_OUTER_BOUND('',#434,.T.);
#252=FACE_OUTER_BOUND('',#435,.T.);
#253=FACE_OUTER_BOUND('',#436,.T.);
#254=FACE_OUTER_BOUND('',#437,.T.);
#255=FACE_OUTER_BOUND('',#438,.T.);
#256=FACE_OUTER_BOUND('',#439,.T.);
#257=FACE_OUTER_BOUND('',#440,.T.);
#258=FACE_OUTER_BOUND('',#441,.T.);
#259=FACE_OUTER_BOUND('',#442,.T.);
#260=FACE_OUTER_BOUND('',#443,.T.);
#261=FACE_OUTER_BOUND('',#444,.T.);
#262=FACE_OUTER_BOUND('',#445,.T.);
#263=FACE_OUTER_BOUND('',#446,.T.);
#264=FACE_OUTER_BOUND('',#448,.T.);
#265=FACE_OUTER_BOUND('',#449,.T.);
#266=FACE_OUTER_BOUND('',#450,.T.);
#267=FACE_OUTER_BOUND('',#451,.T.);
#268=FACE_OUTER_BOUND('',#452,.T.);
#269=FACE_OUTER_BOUND('',#453,.T.);
#270=FACE_OUTER_BOUND('',#454,.T.);
#271=FACE_OUTER_BOUND('',#455,.T.);
#272=FACE_OUTER_BOUND('',#456,.T.);
#273=FACE_OUTER_BOUND('',#457,.T.);
#274=FACE_OUTER_BOUND('',#459,.T.);
#275=FACE_OUTER_BOUND('',#460,.T.);
#276=FACE_OUTER_BOUND('',#461,.T.);
#277=FACE_OUTER_BOUND('',#463,.T.);
#278=FACE_OUTER_BOUND('',#464,.T.);
#279=FACE_OUTER_BOUND('',#466,.T.);
#280=FACE_OUTER_BOUND('',#467,.T.);
#281=FACE_OUTER_BOUND('',#469,.T.);
#282=FACE_OUTER_BOUND('',#470,.T.);
#283=FACE_OUTER_BOUND('',#471,.T.);
#284=FACE_OUTER_BOUND('',#472,.T.);
#285=FACE_OUTER_BOUND('',#473,.T.);
#286=FACE_OUTER_BOUND('',#474,.T.);
#287=FACE_OUTER_BOUND('',#475,.T.);
#288=FACE_OUTER_BOUND('',#476,.T.);
#289=FACE_OUTER_BOUND('',#477,.T.);
#290=FACE_OUTER_BOUND('',#478,.T.);
#291=FACE_OUTER_BOUND('',#479,.T.);
#292=FACE_OUTER_BOUND('',#480,.T.);
#293=FACE_OUTER_BOUND('',#481,.T.);
#294=FACE_OUTER_BOUND('',#482,.T.);
#295=FACE_OUTER_BOUND('',#483,.T.);
#296=FACE_OUTER_BOUND('',#484,.T.);
#297=FACE_OUTER_BOUND('',#485,.T.);
#298=FACE_OUTER_BOUND('',#486,.T.);
#299=FACE_OUTER_BOUND('',#487,.T.);
#300=FACE_OUTER_BOUND('',#488,.T.);
#301=FACE_OUTER_BOUND('',#492,.T.);
#302=FACE_OUTER_BOUND('',#493,.T.);
#303=FACE_OUTER_BOUND('',#494,.T.);
#304=FACE_OUTER_BOUND('',#495,.T.);
#305=FACE_OUTER_BOUND('',#496,.T.);
#306=FACE_OUTER_BOUND('',#497,.T.);
#307=FACE_OUTER_BOUND('',#501,.T.);
#308=FACE_OUTER_BOUND('',#502,.T.);
#309=FACE_OUTER_BOUND('',#503,.T.);
#310=FACE_OUTER_BOUND('',#504,.T.);
#311=FACE_OUTER_BOUND('',#505,.T.);
#312=FACE_OUTER_BOUND('',#507,.T.);
#313=FACE_OUTER_BOUND('',#508,.T.);
#314=FACE_OUTER_BOUND('',#509,.T.);
#315=FACE_OUTER_BOUND('',#510,.T.);
#316=FACE_OUTER_BOUND('',#511,.T.);
#317=FACE_OUTER_BOUND('',#512,.T.);
#318=FACE_OUTER_BOUND('',#513,.T.);
#319=FACE_OUTER_BOUND('',#514,.T.);
#320=FACE_OUTER_BOUND('',#515,.T.);
#321=FACE_OUTER_BOUND('',#516,.T.);
#322=FACE_OUTER_BOUND('',#518,.T.);
#323=EDGE_LOOP('',(#1628,#1629,#1630,#1631));
#324=EDGE_LOOP('',(#1632,#1633,#1634,#1635));
#325=EDGE_LOOP('',(#1636,#1637,#1638,#1639));
#326=EDGE_LOOP('',(#1640,#1641,#1642,#1643));
#327=EDGE_LOOP('',(#1644,#1645,#1646,#1647));
#328=EDGE_LOOP('',(#1648));
#329=EDGE_LOOP('',(#1649));
#330=EDGE_LOOP('',(#1650,#1651,#1652,#1653));
#331=EDGE_LOOP('',(#1654,#1655,#1656,#1657));
#332=EDGE_LOOP('',(#1658,#1659,#1660,#1661));
#333=EDGE_LOOP('',(#1662,#1663,#1664,#1665));
#334=EDGE_LOOP('',(#1666,#1667,#1668,#1669,#1670));
#335=EDGE_LOOP('',(#1671,#1672,#1673,#1674));
#336=EDGE_LOOP('',(#1675,#1676,#1677,#1678));
#337=EDGE_LOOP('',(#1679));
#338=EDGE_LOOP('',(#1680));
#339=EDGE_LOOP('',(#1681));
#340=EDGE_LOOP('',(#1682,#1683,#1684,#1685));
#341=EDGE_LOOP('',(#1686));
#342=EDGE_LOOP('',(#1687));
#343=EDGE_LOOP('',(#1688));
#344=EDGE_LOOP('',(#1689,#1690,#1691,#1692,#1693,#1694,#1695,#1696,#1697,
#1698));
#345=EDGE_LOOP('',(#1699,#1700,#1701,#1702));
#346=EDGE_LOOP('',(#1703,#1704,#1705,#1706));
#347=EDGE_LOOP('',(#1707,#1708,#1709,#1710));
#348=EDGE_LOOP('',(#1711,#1712,#1713,#1714));
#349=EDGE_LOOP('',(#1715,#1716,#1717,#1718));
#350=EDGE_LOOP('',(#1719,#1720,#1721,#1722,#1723));
#351=EDGE_LOOP('',(#1724,#1725,#1726,#1727));
#352=EDGE_LOOP('',(#1728));
#353=EDGE_LOOP('',(#1729));
#354=EDGE_LOOP('',(#1730));
#355=EDGE_LOOP('',(#1731,#1732,#1733,#1734));
#356=EDGE_LOOP('',(#1735));
#357=EDGE_LOOP('',(#1736));
#358=EDGE_LOOP('',(#1737));
#359=EDGE_LOOP('',(#1738,#1739,#1740,#1741));
#360=EDGE_LOOP('',(#1742,#1743,#1744,#1745));
#361=EDGE_LOOP('',(#1746,#1747,#1748,#1749));
#362=EDGE_LOOP('',(#1750,#1751,#1752,#1753));
#363=EDGE_LOOP('',(#1754,#1755,#1756,#1757));
#364=EDGE_LOOP('',(#1758,#1759,#1760,#1761));
#365=EDGE_LOOP('',(#1762,#1763,#1764,#1765));
#366=EDGE_LOOP('',(#1766,#1767,#1768,#1769));
#367=EDGE_LOOP('',(#1770,#1771,#1772,#1773));
#368=EDGE_LOOP('',(#1774,#1775,#1776,#1777));
#369=EDGE_LOOP('',(#1778,#1779,#1780,#1781));
#370=EDGE_LOOP('',(#1782,#1783,#1784,#1785));
#371=EDGE_LOOP('',(#1786,#1787,#1788,#1789,#1790,#1791,#1792,#1793));
#372=EDGE_LOOP('',(#1794));
#373=EDGE_LOOP('',(#1795));
#374=EDGE_LOOP('',(#1796));
#375=EDGE_LOOP('',(#1797));
#376=EDGE_LOOP('',(#1798));
#377=EDGE_LOOP('',(#1799));
#378=EDGE_LOOP('',(#1800));
#379=EDGE_LOOP('',(#1801,#1802,#1803,#1804));
#380=EDGE_LOOP('',(#1805,#1806,#1807,#1808));
#381=EDGE_LOOP('',(#1809));
#382=EDGE_LOOP('',(#1810));
#383=EDGE_LOOP('',(#1811));
#384=EDGE_LOOP('',(#1812));
#385=EDGE_LOOP('',(#1813));
#386=EDGE_LOOP('',(#1814,#1815,#1816,#1817,#1818,#1819,#1820,#1821,#1822,
#1823,#1824,#1825));
#387=EDGE_LOOP('',(#1826,#1827,#1828,#1829));
#388=EDGE_LOOP('',(#1830,#1831,#1832,#1833));
#389=EDGE_LOOP('',(#1834,#1835,#1836,#1837));
#390=EDGE_LOOP('',(#1838,#1839,#1840,#1841));
#391=EDGE_LOOP('',(#1842,#1843,#1844,#1845));
#392=EDGE_LOOP('',(#1846,#1847,#1848,#1849,#1850,#1851));
#393=EDGE_LOOP('',(#1852));
#394=EDGE_LOOP('',(#1853));
#395=EDGE_LOOP('',(#1854));
#396=EDGE_LOOP('',(#1855));
#397=EDGE_LOOP('',(#1856));
#398=EDGE_LOOP('',(#1857,#1858,#1859,#1860,#1861,#1862,#1863,#1864,#1865,
#1866));
#399=EDGE_LOOP('',(#1867,#1868,#1869,#1870,#1871,#1872,#1873,#1874));
#400=EDGE_LOOP('',(#1875));
#401=EDGE_LOOP('',(#1876));
#402=EDGE_LOOP('',(#1877));
#403=EDGE_LOOP('',(#1878));
#404=EDGE_LOOP('',(#1879));
#405=EDGE_LOOP('',(#1880));
#406=EDGE_LOOP('',(#1881));
#407=EDGE_LOOP('',(#1882,#1883,#1884,#1885));
#408=EDGE_LOOP('',(#1886));
#409=EDGE_LOOP('',(#1887));
#410=EDGE_LOOP('',(#1888));
#411=EDGE_LOOP('',(#1889));
#412=EDGE_LOOP('',(#1890));
#413=EDGE_LOOP('',(#1891,#1892,#1893,#1894));
#414=EDGE_LOOP('',(#1895));
#415=EDGE_LOOP('',(#1896));
#416=EDGE_LOOP('',(#1897));
#417=EDGE_LOOP('',(#1898));
#418=EDGE_LOOP('',(#1899));
#419=EDGE_LOOP('',(#1900,#1901,#1902,#1903));
#420=EDGE_LOOP('',(#1904,#1905,#1906,#1907));
#421=EDGE_LOOP('',(#1908,#1909,#1910,#1911));
#422=EDGE_LOOP('',(#1912,#1913,#1914,#1915));
#423=EDGE_LOOP('',(#1916,#1917,#1918,#1919));
#424=EDGE_LOOP('',(#1920,#1921,#1922,#1923));
#425=EDGE_LOOP('',(#1924,#1925,#1926,#1927));
#426=EDGE_LOOP('',(#1928,#1929,#1930,#1931));
#427=EDGE_LOOP('',(#1932,#1933,#1934));
#428=EDGE_LOOP('',(#1935,#1936,#1937,#1938));
#429=EDGE_LOOP('',(#1939,#1940,#1941));
#430=EDGE_LOOP('',(#1942,#1943,#1944,#1945,#1946));
#431=EDGE_LOOP('',(#1947,#1948,#1949,#1950,#1951,#1952,#1953,#1954,#1955,
#1956,#1957,#1958));
#432=EDGE_LOOP('',(#1959,#1960,#1961,#1962,#1963));
#433=EDGE_LOOP('',(#1964,#1965,#1966,#1967));
#434=EDGE_LOOP('',(#1968,#1969,#1970,#1971));
#435=EDGE_LOOP('',(#1972,#1973,#1974,#1975));
#436=EDGE_LOOP('',(#1976,#1977,#1978,#1979));
#437=EDGE_LOOP('',(#1980,#1981,#1982,#1983));
#438=EDGE_LOOP('',(#1984,#1985,#1986,#1987));
#439=EDGE_LOOP('',(#1988,#1989,#1990,#1991));
#440=EDGE_LOOP('',(#1992,#1993,#1994,#1995));
#441=EDGE_LOOP('',(#1996,#1997,#1998,#1999));
#442=EDGE_LOOP('',(#2000,#2001,#2002,#2003));
#443=EDGE_LOOP('',(#2004,#2005,#2006,#2007));
#444=EDGE_LOOP('',(#2008,#2009,#2010,#2011));
#445=EDGE_LOOP('',(#2012,#2013,#2014,#2015,#2016,#2017,#2018,#2019,#2020,
#2021,#2022,#2023,#2024,#2025));
#446=EDGE_LOOP('',(#2026,#2027,#2028,#2029,#2030,#2031,#2032,#2033));
#447=EDGE_LOOP('',(#2034));
#448=EDGE_LOOP('',(#2035,#2036,#2037,#2038));
#449=EDGE_LOOP('',(#2039,#2040,#2041,#2042));
#450=EDGE_LOOP('',(#2043,#2044,#2045,#2046));
#451=EDGE_LOOP('',(#2047,#2048,#2049,#2050,#2051));
#452=EDGE_LOOP('',(#2052,#2053,#2054,#2055));
#453=EDGE_LOOP('',(#2056,#2057,#2058,#2059));
#454=EDGE_LOOP('',(#2060,#2061,#2062,#2063));
#455=EDGE_LOOP('',(#2064,#2065,#2066,#2067));
#456=EDGE_LOOP('',(#2068,#2069,#2070,#2071,#2072));
#457=EDGE_LOOP('',(#2073,#2074,#2075,#2076,#2077,#2078,#2079,#2080));
#458=EDGE_LOOP('',(#2081));
#459=EDGE_LOOP('',(#2082,#2083,#2084,#2085));
#460=EDGE_LOOP('',(#2086,#2087,#2088,#2089,#2090));
#461=EDGE_LOOP('',(#2091));
#462=EDGE_LOOP('',(#2092));
#463=EDGE_LOOP('',(#2093,#2094,#2095,#2096,#2097));
#464=EDGE_LOOP('',(#2098));
#465=EDGE_LOOP('',(#2099));
#466=EDGE_LOOP('',(#2100,#2101,#2102,#2103,#2104));
#467=EDGE_LOOP('',(#2105));
#468=EDGE_LOOP('',(#2106));
#469=EDGE_LOOP('',(#2107,#2108,#2109,#2110));
#470=EDGE_LOOP('',(#2111,#2112,#2113,#2114));
#471=EDGE_LOOP('',(#2115,#2116,#2117,#2118));
#472=EDGE_LOOP('',(#2119,#2120,#2121,#2122));
#473=EDGE_LOOP('',(#2123,#2124,#2125,#2126));
#474=EDGE_LOOP('',(#2127,#2128,#2129,#2130));
#475=EDGE_LOOP('',(#2131,#2132,#2133,#2134));
#476=EDGE_LOOP('',(#2135,#2136,#2137,#2138));
#477=EDGE_LOOP('',(#2139,#2140,#2141,#2142));
#478=EDGE_LOOP('',(#2143,#2144,#2145,#2146));
#479=EDGE_LOOP('',(#2147,#2148,#2149,#2150));
#480=EDGE_LOOP('',(#2151,#2152,#2153,#2154));
#481=EDGE_LOOP('',(#2155,#2156,#2157,#2158));
#482=EDGE_LOOP('',(#2159,#2160,#2161,#2162));
#483=EDGE_LOOP('',(#2163,#2164,#2165,#2166,#2167,#2168,#2169,#2170,#2171,
#2172,#2173,#2174,#2175,#2176));
#484=EDGE_LOOP('',(#2177,#2178,#2179,#2180,#2181));
#485=EDGE_LOOP('',(#2182,#2183,#2184,#2185));
#486=EDGE_LOOP('',(#2186,#2187,#2188,#2189));
#487=EDGE_LOOP('',(#2190,#2191,#2192,#2193,#2194));
#488=EDGE_LOOP('',(#2195,#2196,#2197,#2198));
#489=EDGE_LOOP('',(#2199,#2200));
#490=EDGE_LOOP('',(#2201,#2202));
#491=EDGE_LOOP('',(#2203,#2204));
#492=EDGE_LOOP('',(#2205,#2206,#2207,#2208));
#493=EDGE_LOOP('',(#2209,#2210,#2211,#2212));
#494=EDGE_LOOP('',(#2213,#2214,#2215,#2216));
#495=EDGE_LOOP('',(#2217,#2218,#2219,#2220));
#496=EDGE_LOOP('',(#2221,#2222,#2223,#2224));
#497=EDGE_LOOP('',(#2225,#2226,#2227,#2228));
#498=EDGE_LOOP('',(#2229));
#499=EDGE_LOOP('',(#2230));
#500=EDGE_LOOP('',(#2231));
#501=EDGE_LOOP('',(#2232,#2233,#2234,#2235));
#502=EDGE_LOOP('',(#2236,#2237,#2238,#2239));
#503=EDGE_LOOP('',(#2240,#2241,#2242,#2243));
#504=EDGE_LOOP('',(#2244,#2245,#2246,#2247,#2248,#2249,#2250,#2251,#2252,
#2253,#2254,#2255,#2256,#2257));
#505=EDGE_LOOP('',(#2258,#2259,#2260,#2261,#2262,#2263,#2264,#2265));
#506=EDGE_LOOP('',(#2266));
#507=EDGE_LOOP('',(#2267,#2268,#2269,#2270));
#508=EDGE_LOOP('',(#2271,#2272,#2273,#2274));
#509=EDGE_LOOP('',(#2275,#2276,#2277,#2278));
#510=EDGE_LOOP('',(#2279,#2280,#2281,#2282,#2283));
#511=EDGE_LOOP('',(#2284,#2285,#2286,#2287));
#512=EDGE_LOOP('',(#2288,#2289,#2290,#2291));
#513=EDGE_LOOP('',(#2292,#2293,#2294,#2295));
#514=EDGE_LOOP('',(#2296,#2297,#2298,#2299));
#515=EDGE_LOOP('',(#2300,#2301,#2302,#2303,#2304));
#516=EDGE_LOOP('',(#2305,#2306,#2307,#2308,#2309,#2310,#2311,#2312));
#517=EDGE_LOOP('',(#2313));
#518=EDGE_LOOP('',(#2314,#2315,#2316,#2317));
#519=LINE('',#3521,#737);
#520=LINE('',#3527,#738);
#521=LINE('',#3533,#739);
#522=LINE('',#3539,#740);
#523=LINE('',#3545,#741);
#524=LINE('',#3553,#742);
#525=LINE('',#3555,#743);
#526=LINE('',#3557,#744);
#527=LINE('',#3558,#745);
#528=LINE('',#3563,#746);
#529=LINE('',#3569,#747);
#530=LINE('',#3575,#748);
#531=LINE('',#3579,#749);
#532=LINE('',#3581,#750);
#533=LINE('',#3583,#751);
#534=LINE('',#3584,#752);
#535=LINE('',#3587,#753);
#536=LINE('',#3589,#754);
#537=LINE('',#3590,#755);
#538=LINE('',#3592,#756);
#539=LINE('',#3595,#757);
#540=LINE('',#3596,#758);
#541=LINE('',#3599,#759);
#542=LINE('',#3601,#760);
#543=LINE('',#3603,#761);
#544=LINE('',#3605,#762);
#545=LINE('',#3607,#763);
#546=LINE('',#3609,#764);
#547=LINE('',#3611,#765);
#548=LINE('',#3612,#766);
#549=LINE('',#3617,#767);
#550=LINE('',#3623,#768);
#551=LINE('',#3629,#769);
#552=LINE('',#3634,#770);
#553=LINE('',#3636,#771);
#554=LINE('',#3638,#772);
#555=LINE('',#3639,#773);
#556=LINE('',#3643,#774);
#557=LINE('',#3645,#775);
#558=LINE('',#3647,#776);
#559=LINE('',#3648,#777);
#560=LINE('',#3650,#778);
#561=LINE('',#3652,#779);
#562=LINE('',#3653,#780);
#563=LINE('',#3655,#781);
#564=LINE('',#3658,#782);
#565=LINE('',#3659,#783);
#566=LINE('',#3662,#784);
#567=LINE('',#3668,#785);
#568=LINE('',#3674,#786);
#569=LINE('',#3680,#787);
#570=LINE('',#3686,#788);
#571=LINE('',#3690,#789);
#572=LINE('',#3692,#790);
#573=LINE('',#3693,#791);
#574=LINE('',#3696,#792);
#575=LINE('',#3698,#793);
#576=LINE('',#3699,#794);
#577=LINE('',#3704,#795);
#578=LINE('',#3710,#796);
#579=LINE('',#3716,#797);
#580=LINE('',#3721,#798);
#581=LINE('',#3723,#799);
#582=LINE('',#3725,#800);
#583=LINE('',#3726,#801);
#584=LINE('',#3729,#802);
#585=LINE('',#3731,#803);
#586=LINE('',#3732,#804);
#587=LINE('',#3735,#805);
#588=LINE('',#3736,#806);
#589=LINE('',#3737,#807);
#590=LINE('',#3739,#808);
#591=LINE('',#3742,#809);
#592=LINE('',#3744,#810);
#593=LINE('',#3745,#811);
#594=LINE('',#3747,#812);
#595=LINE('',#3748,#813);
#596=LINE('',#3753,#814);
#597=LINE('',#3759,#815);
#598=LINE('',#3765,#816);
#599=LINE('',#3771,#817);
#600=LINE('',#3777,#818);
#601=LINE('',#3781,#819);
#602=LINE('',#3782,#820);
#603=LINE('',#3785,#821);
#604=LINE('',#3786,#822);
#605=LINE('',#3787,#823);
#606=LINE('',#3789,#824);
#607=LINE('',#3798,#825);
#608=LINE('',#3801,#826);
#609=LINE('',#3805,#827);
#610=LINE('',#3809,#828);
#611=LINE('',#3814,#829);
#612=LINE('',#3818,#830);
#613=LINE('',#3821,#831);
#614=LINE('',#3824,#832);
#615=LINE('',#3835,#833);
#616=LINE('',#3836,#834);
#617=LINE('',#3844,#835);
#618=LINE('',#3845,#836);
#619=LINE('',#3852,#837);
#620=LINE('',#3855,#838);
#621=LINE('',#3860,#839);
#622=LINE('',#3862,#840);
#623=LINE('',#3864,#841);
#624=LINE('',#3865,#842);
#625=LINE('',#3868,#843);
#626=LINE('',#3872,#844);
#627=LINE('',#3874,#845);
#628=LINE('',#3875,#846);
#629=LINE('',#3878,#847);
#630=LINE('',#3881,#848);
#631=LINE('',#3884,#849);
#632=LINE('',#3885,#850);
#633=LINE('',#3888,#851);
#634=LINE('',#3889,#852);
#635=LINE('',#3892,#853);
#636=LINE('',#3896,#854);
#637=LINE('',#3897,#855);
#638=LINE('',#3900,#856);
#639=LINE('',#3904,#857);
#640=LINE('',#3905,#858);
#641=LINE('',#3908,#859);
#642=LINE('',#3909,#860);
#643=LINE('',#3912,#861);
#644=LINE('',#3915,#862);
#645=LINE('',#3919,#863);
#646=LINE('',#3926,#864);
#647=LINE('',#3930,#865);
#648=LINE('',#3934,#866);
#649=LINE('',#3937,#867);
#650=LINE('',#3942,#868);
#651=LINE('',#3945,#869);
#652=LINE('',#3948,#870);
#653=LINE('',#3949,#871);
#654=LINE('',#3952,#872);
#655=LINE('',#3967,#873);
#656=LINE('',#3968,#874);
#657=LINE('',#3972,#875);
#658=LINE('',#3975,#876);
#659=LINE('',#3978,#877);
#660=LINE('',#3980,#878);
#661=LINE('',#3984,#879);
#662=LINE('',#3997,#880);
#663=LINE('',#4041,#881);
#664=LINE('',#4086,#882);
#665=LINE('',#4131,#883);
#666=LINE('',#4139,#884);
#667=LINE('',#4143,#885);
#668=LINE('',#4147,#886);
#669=LINE('',#4151,#887);
#670=LINE('',#4155,#888);
#671=LINE('',#4159,#889);
#672=LINE('',#4161,#890);
#673=LINE('',#4165,#891);
#674=LINE('',#4167,#892);
#675=LINE('',#4171,#893);
#676=LINE('',#4173,#894);
#677=LINE('',#4177,#895);
#678=LINE('',#4179,#896);
#679=LINE('',#4183,#897);
#680=LINE('',#4185,#898);
#681=LINE('',#4189,#899);
#682=LINE('',#4191,#900);
#683=LINE('',#4195,#901);
#684=LINE('',#4197,#902);
#685=LINE('',#4201,#903);
#686=LINE('',#4203,#904);
#687=LINE('',#4207,#905);
#688=LINE('',#4209,#906);
#689=LINE('',#4213,#907);
#690=LINE('',#4216,#908);
#691=LINE('',#4219,#909);
#692=LINE('',#4222,#910);
#693=LINE('',#4225,#911);
#694=LINE('',#4227,#912);
#695=LINE('',#4228,#913);
#696=LINE('',#4231,#914);
#697=LINE('',#4233,#915);
#698=LINE('',#4234,#916);
#699=LINE('',#4237,#917);
#700=LINE('',#4238,#918);
#701=LINE('',#4241,#919);
#702=LINE('',#4242,#920);
#703=LINE('',#4247,#921);
#704=LINE('',#4248,#922);
#705=LINE('',#4251,#923);
#706=LINE('',#4252,#924);
#707=LINE('',#4255,#925);
#708=LINE('',#4256,#926);
#709=LINE('',#4259,#927);
#710=LINE('',#4260,#928);
#711=LINE('',#4263,#929);
#712=LINE('',#4264,#930);
#713=LINE('',#4267,#931);
#714=LINE('',#4268,#932);
#715=LINE('',#4271,#933);
#716=LINE('',#4272,#934);
#717=LINE('',#4275,#935);
#718=LINE('',#4276,#936);
#719=LINE('',#4278,#937);
#720=LINE('',#4285,#938);
#721=LINE('',#4289,#939);
#722=LINE('',#4293,#940);
#723=LINE('',#4296,#941);
#724=LINE('',#4301,#942);
#725=LINE('',#4304,#943);
#726=LINE('',#4307,#944);
#727=LINE('',#4308,#945);
#728=LINE('',#4311,#946);
#729=LINE('',#4326,#947);
#730=LINE('',#4327,#948);
#731=LINE('',#4331,#949);
#732=LINE('',#4334,#950);
#733=LINE('',#4337,#951);
#734=LINE('',#4339,#952);
#735=LINE('',#4343,#953);
#736=LINE('',#4356,#954);
#737=VECTOR('',#2789,1.7);
#738=VECTOR('',#2796,1.7);
#739=VECTOR('',#2803,1.7);
#740=VECTOR('',#2810,1.7);
#741=VECTOR('',#2817,11.);
#742=VECTOR('',#2826,10.);
#743=VECTOR('',#2827,10.);
#744=VECTOR('',#2828,10.);
#745=VECTOR('',#2829,10.);
#746=VECTOR('',#2834,4.1);
#747=VECTOR('',#2841,2.75);
#748=VECTOR('',#2848,2.75);
#749=VECTOR('',#2853,10.);
#750=VECTOR('',#2854,10.);
#751=VECTOR('',#2855,10.);
#752=VECTOR('',#2856,10.);
#753=VECTOR('',#2859,10.);
#754=VECTOR('',#2860,10.);
#755=VECTOR('',#2861,10.);
#756=VECTOR('',#2864,10.);
#757=VECTOR('',#2867,10.);
#758=VECTOR('',#2868,10.);
#759=VECTOR('',#2871,10.);
#760=VECTOR('',#2872,10.);
#761=VECTOR('',#2873,10.);
#762=VECTOR('',#2874,10.);
#763=VECTOR('',#2875,10.);
#764=VECTOR('',#2876,10.);
#765=VECTOR('',#2877,10.);
#766=VECTOR('',#2878,10.);
#767=VECTOR('',#2883,4.1);
#768=VECTOR('',#2890,2.75);
#769=VECTOR('',#2897,2.75);
#770=VECTOR('',#2902,10.);
#771=VECTOR('',#2903,10.);
#772=VECTOR('',#2904,10.);
#773=VECTOR('',#2905,10.);
#774=VECTOR('',#2908,10.);
#775=VECTOR('',#2909,10.);
#776=VECTOR('',#2910,10.);
#777=VECTOR('',#2911,10.);
#778=VECTOR('',#2914,10.);
#779=VECTOR('',#2915,10.);
#780=VECTOR('',#2916,10.);
#781=VECTOR('',#2919,10.);
#782=VECTOR('',#2922,10.);
#783=VECTOR('',#2923,10.);
#784=VECTOR('',#2926,4.25);
#785=VECTOR('',#2933,4.25);
#786=VECTOR('',#2940,4.1);
#787=VECTOR('',#2947,2.75);
#788=VECTOR('',#2954,2.75);
#789=VECTOR('',#2959,10.);
#790=VECTOR('',#2960,10.);
#791=VECTOR('',#2961,10.);
#792=VECTOR('',#2964,10.);
#793=VECTOR('',#2965,10.);
#794=VECTOR('',#2966,10.);
#795=VECTOR('',#2971,4.1);
#796=VECTOR('',#2978,2.75);
#797=VECTOR('',#2985,2.75);
#798=VECTOR('',#2990,10.);
#799=VECTOR('',#2991,10.);
#800=VECTOR('',#2992,10.);
#801=VECTOR('',#2993,10.);
#802=VECTOR('',#2996,10.);
#803=VECTOR('',#2997,10.);
#804=VECTOR('',#2998,10.);
#805=VECTOR('',#3001,10.);
#806=VECTOR('',#3002,10.);
#807=VECTOR('',#3003,10.);
#808=VECTOR('',#3006,10.);
#809=VECTOR('',#3009,10.);
#810=VECTOR('',#3010,10.);
#811=VECTOR('',#3011,10.);
#812=VECTOR('',#3014,10.);
#813=VECTOR('',#3015,10.);
#814=VECTOR('',#3020,1.75000000000001);
#815=VECTOR('',#3027,1.75000000000001);
#816=VECTOR('',#3034,1.75000000000001);
#817=VECTOR('',#3041,1.75000000000001);
#818=VECTOR('',#3048,1.75000000000001);
#819=VECTOR('',#3053,10.);
#820=VECTOR('',#3054,10.);
#821=VECTOR('',#3057,10.);
#822=VECTOR('',#3058,10.);
#823=VECTOR('',#3059,10.);
#824=VECTOR('',#3062,10.);
#825=VECTOR('',#3073,10.);
#826=VECTOR('',#3076,10.);
#827=VECTOR('',#3079,10.);
#828=VECTOR('',#3082,10.);
#829=VECTOR('',#3087,10.);
#830=VECTOR('',#3090,10.);
#831=VECTOR('',#3095,10.);
#832=VECTOR('',#3098,10.);
#833=VECTOR('',#3111,10.);
#834=VECTOR('',#3112,10.);
#835=VECTOR('',#3123,10.);
#836=VECTOR('',#3124,10.);
#837=VECTOR('',#3133,10.);
#838=VECTOR('',#3136,10.);
#839=VECTOR('',#3143,10.);
#840=VECTOR('',#3144,10.);
#841=VECTOR('',#3145,10.);
#842=VECTOR('',#3146,10.);
#843=VECTOR('',#3149,10.);
#844=VECTOR('',#3154,10.);
#845=VECTOR('',#3155,10.);
#846=VECTOR('',#3156,10.);
#847=VECTOR('',#3159,10.);
#848=VECTOR('',#3162,10.);
#849=VECTOR('',#3165,10.);
#850=VECTOR('',#3166,10.);
#851=VECTOR('',#3169,10.);
#852=VECTOR('',#3170,10.);
#853=VECTOR('',#3173,10.);
#854=VECTOR('',#3178,10.);
#855=VECTOR('',#3179,10.);
#856=VECTOR('',#3182,10.);
#857=VECTOR('',#3187,10.);
#858=VECTOR('',#3188,10.);
#859=VECTOR('',#3191,10.);
#860=VECTOR('',#3192,10.);
#861=VECTOR('',#3195,10.);
#862=VECTOR('',#3200,10.);
#863=VECTOR('',#3207,10.);
#864=VECTOR('',#3214,10.);
#865=VECTOR('',#3217,10.);
#866=VECTOR('',#3220,10.);
#867=VECTOR('',#3223,10.);
#868=VECTOR('',#3228,10.);
#869=VECTOR('',#3231,10.);
#870=VECTOR('',#3234,10.);
#871=VECTOR('',#3235,10.);
#872=VECTOR('',#3238,10.);
#873=VECTOR('',#3243,10.);
#874=VECTOR('',#3244,10.);
#875=VECTOR('',#3249,10.);
#876=VECTOR('',#3252,10.);
#877=VECTOR('',#3255,10.);
#878=VECTOR('',#3258,10.);
#879=VECTOR('',#3263,1.75);
#880=VECTOR('',#3266,10.);
#881=VECTOR('',#3275,3.);
#882=VECTOR('',#3284,3.);
#883=VECTOR('',#3293,3.);
#884=VECTOR('',#3304,1.7);
#885=VECTOR('',#3309,1.7);
#886=VECTOR('',#3314,1.7);
#887=VECTOR('',#3317,10.);
#888=VECTOR('',#3320,10.);
#889=VECTOR('',#3325,10.);
#890=VECTOR('',#3326,10.);
#891=VECTOR('',#3331,10.);
#892=VECTOR('',#3332,10.);
#893=VECTOR('',#3337,10.);
#894=VECTOR('',#3338,10.);
#895=VECTOR('',#3343,10.);
#896=VECTOR('',#3344,10.);
#897=VECTOR('',#3349,10.);
#898=VECTOR('',#3350,10.);
#899=VECTOR('',#3355,10.);
#900=VECTOR('',#3356,10.);
#901=VECTOR('',#3361,10.);
#902=VECTOR('',#3362,10.);
#903=VECTOR('',#3367,10.);
#904=VECTOR('',#3368,10.);
#905=VECTOR('',#3373,10.);
#906=VECTOR('',#3374,10.);
#907=VECTOR('',#3379,10.);
#908=VECTOR('',#3382,10.);
#909=VECTOR('',#3385,10.);
#910=VECTOR('',#3388,10.);
#911=VECTOR('',#3391,10.);
#912=VECTOR('',#3392,10.);
#913=VECTOR('',#3393,10.);
#914=VECTOR('',#3396,10.);
#915=VECTOR('',#3397,10.);
#916=VECTOR('',#3398,10.);
#917=VECTOR('',#3401,10.);
#918=VECTOR('',#3402,10.);
#919=VECTOR('',#3405,10.);
#920=VECTOR('',#3406,10.);
#921=VECTOR('',#3413,10.);
#922=VECTOR('',#3414,10.);
#923=VECTOR('',#3417,10.);
#924=VECTOR('',#3418,10.);
#925=VECTOR('',#3421,10.);
#926=VECTOR('',#3422,10.);
#927=VECTOR('',#3425,10.);
#928=VECTOR('',#3426,10.);
#929=VECTOR('',#3429,10.);
#930=VECTOR('',#3430,10.);
#931=VECTOR('',#3433,10.);
#932=VECTOR('',#3434,10.);
#933=VECTOR('',#3437,10.);
#934=VECTOR('',#3438,10.);
#935=VECTOR('',#3441,10.);
#936=VECTOR('',#3442,10.);
#937=VECTOR('',#3445,10.);
#938=VECTOR('',#3452,10.);
#939=VECTOR('',#3455,10.);
#940=VECTOR('',#3458,10.);
#941=VECTOR('',#3461,10.);
#942=VECTOR('',#3466,10.);
#943=VECTOR('',#3469,10.);
#944=VECTOR('',#3472,10.);
#945=VECTOR('',#3473,10.);
#946=VECTOR('',#3476,10.);
#947=VECTOR('',#3481,10.);
#948=VECTOR('',#3482,10.);
#949=VECTOR('',#3487,10.);
#950=VECTOR('',#3490,10.);
#951=VECTOR('',#3493,10.);
#952=VECTOR('',#3496,10.);
#953=VECTOR('',#3501,1.75);
#954=VECTOR('',#3504,10.);
#955=CIRCLE('',#2526,1.7);
#956=CIRCLE('',#2527,1.7);
#957=CIRCLE('',#2529,1.7);
#958=CIRCLE('',#2530,1.7);
#959=CIRCLE('',#2532,1.7);
#960=CIRCLE('',#2533,1.7);
#961=CIRCLE('',#2535,1.7);
#962=CIRCLE('',#2536,1.7);
#963=CIRCLE('',#2538,11.);
#964=CIRCLE('',#2539,11.);
#965=CIRCLE('',#2541,4.25);
#966=CIRCLE('',#2544,4.1);
#967=CIRCLE('',#2545,4.1);
#968=CIRCLE('',#2547,2.75);
#969=CIRCLE('',#2548,2.75);
#970=CIRCLE('',#2550,2.75);
#971=CIRCLE('',#2551,2.75);
#972=CIRCLE('',#2558,4.1);
#973=CIRCLE('',#2559,4.1);
#974=CIRCLE('',#2561,2.75);
#975=CIRCLE('',#2562,2.75);
#976=CIRCLE('',#2564,2.75);
#977=CIRCLE('',#2565,2.75);
#978=CIRCLE('',#2572,4.25);
#979=CIRCLE('',#2574,4.25);
#980=CIRCLE('',#2575,4.25);
#981=CIRCLE('',#2577,4.1);
#982=CIRCLE('',#2578,4.1);
#983=CIRCLE('',#2580,2.75);
#984=CIRCLE('',#2581,2.75);
#985=CIRCLE('',#2583,2.75);
#986=CIRCLE('',#2584,2.75);
#987=CIRCLE('',#2588,4.1);
#988=CIRCLE('',#2589,4.1);
#989=CIRCLE('',#2591,2.75);
#990=CIRCLE('',#2592,2.75);
#991=CIRCLE('',#2594,2.75);
#992=CIRCLE('',#2595,2.75);
#993=CIRCLE('',#2603,1.75000000000001);
#994=CIRCLE('',#2604,1.75000000000001);
#995=CIRCLE('',#2606,1.75000000000001);
#996=CIRCLE('',#2607,1.75000000000001);
#997=CIRCLE('',#2609,1.75000000000001);
#998=CIRCLE('',#2610,1.75000000000001);
#999=CIRCLE('',#2612,1.75000000000001);
#1000=CIRCLE('',#2613,1.75000000000001);
#1001=CIRCLE('',#2615,1.75000000000001);
#1002=CIRCLE('',#2616,1.75000000000001);
#1003=CIRCLE('',#2624,2.);
#1004=CIRCLE('',#2625,2.);
#1005=CIRCLE('',#2627,2.);
#1006=CIRCLE('',#2630,1.99999999999999);
#1007=CIRCLE('',#2633,1.99999999999999);
#1008=CIRCLE('',#2635,2.);
#1009=CIRCLE('',#2636,4.);
#1010=CIRCLE('',#2637,6.);
#1011=CIRCLE('',#2639,2.);
#1012=CIRCLE('',#2641,2.);
#1013=CIRCLE('',#2642,3.99999999999996);
#1014=CIRCLE('',#2643,5.99999999999996);
#1015=CIRCLE('',#2646,2.00000000000001);
#1016=CIRCLE('',#2648,2.);
#1017=CIRCLE('',#2649,1.99999999999999);
#1018=CIRCLE('',#2651,2.00000000000001);
#1019=CIRCLE('',#2654,22.7);
#1020=CIRCLE('',#2657,2.00000000000001);
#1021=CIRCLE('',#2661,5.99999999999996);
#1022=CIRCLE('',#2664,6.);
#1023=CIRCLE('',#2668,2.00000000000001);
#1024=CIRCLE('',#2671,22.7);
#1025=CIRCLE('',#2675,22.7);
#1026=CIRCLE('',#2676,1.75);
#1027=CIRCLE('',#2677,11.);
#1028=CIRCLE('',#2678,1.75);
#1029=CIRCLE('',#2679,1.75);
#1030=CIRCLE('',#2681,22.7);
#1031=CIRCLE('',#2684,1.75);
#1032=CIRCLE('',#2687,11.);
#1033=CIRCLE('',#2689,1.75);
#1034=CIRCLE('',#2692,1.75);
#1035=CIRCLE('',#2695,12.5);
#1036=CIRCLE('',#2698,3.);
#1037=CIRCLE('',#2700,1.7);
#1038=CIRCLE('',#2702,3.);
#1039=CIRCLE('',#2704,1.7);
#1040=CIRCLE('',#2706,3.);
#1041=CIRCLE('',#2708,1.7);
#1042=CIRCLE('',#2710,1.7);
#1043=CIRCLE('',#2712,1.7);
#1044=CIRCLE('',#2714,1.7);
#1045=CIRCLE('',#2716,2.);
#1046=CIRCLE('',#2737,2.);
#1047=CIRCLE('',#2739,22.7);
#1048=CIRCLE('',#2745,22.7);
#1049=CIRCLE('',#2757,22.7);
#1050=CIRCLE('',#2758,1.75);
#1051=CIRCLE('',#2759,11.);
#1052=CIRCLE('',#2760,1.75);
#1053=CIRCLE('',#2761,1.75);
#1054=CIRCLE('',#2763,22.7);
#1055=CIRCLE('',#2766,1.75);
#1056=CIRCLE('',#2769,11.);
#1057=CIRCLE('',#2771,1.75);
#1058=CIRCLE('',#2774,1.75);
#1059=CIRCLE('',#2777,12.5);
#1060=VERTEX_POINT('',#3518);
#1061=VERTEX_POINT('',#3520);
#1062=VERTEX_POINT('',#3524);
#1063=VERTEX_POINT('',#3526);
#1064=VERTEX_POINT('',#3530);
#1065=VERTEX_POINT('',#3532);
#1066=VERTEX_POINT('',#3536);
#1067=VERTEX_POINT('',#3538);
#1068=VERTEX_POINT('',#3542);
#1069=VERTEX_POINT('',#3544);
#1070=VERTEX_POINT('',#3548);
#1071=VERTEX_POINT('',#3551);
#1072=VERTEX_POINT('',#3552);
#1073=VERTEX_POINT('',#3554);
#1074=VERTEX_POINT('',#3556);
#1075=VERTEX_POINT('',#3560);
#1076=VERTEX_POINT('',#3562);
#1077=VERTEX_POINT('',#3566);
#1078=VERTEX_POINT('',#3568);
#1079=VERTEX_POINT('',#3572);
#1080=VERTEX_POINT('',#3574);
#1081=VERTEX_POINT('',#3578);
#1082=VERTEX_POINT('',#3580);
#1083=VERTEX_POINT('',#3582);
#1084=VERTEX_POINT('',#3586);
#1085=VERTEX_POINT('',#3588);
#1086=VERTEX_POINT('',#3594);
#1087=VERTEX_POINT('',#3598);
#1088=VERTEX_POINT('',#3600);
#1089=VERTEX_POINT('',#3602);
#1090=VERTEX_POINT('',#3604);
#1091=VERTEX_POINT('',#3606);
#1092=VERTEX_POINT('',#3608);
#1093=VERTEX_POINT('',#3610);
#1094=VERTEX_POINT('',#3614);
#1095=VERTEX_POINT('',#3616);
#1096=VERTEX_POINT('',#3620);
#1097=VERTEX_POINT('',#3622);
#1098=VERTEX_POINT('',#3626);
#1099=VERTEX_POINT('',#3628);
#1100=VERTEX_POINT('',#3632);
#1101=VERTEX_POINT('',#3633);
#1102=VERTEX_POINT('',#3635);
#1103=VERTEX_POINT('',#3637);
#1104=VERTEX_POINT('',#3641);
#1105=VERTEX_POINT('',#3642);
#1106=VERTEX_POINT('',#3644);
#1107=VERTEX_POINT('',#3646);
#1108=VERTEX_POINT('',#3651);
#1109=VERTEX_POINT('',#3657);
#1110=VERTEX_POINT('',#3661);
#1111=VERTEX_POINT('',#3665);
#1112=VERTEX_POINT('',#3667);
#1113=VERTEX_POINT('',#3671);
#1114=VERTEX_POINT('',#3673);
#1115=VERTEX_POINT('',#3677);
#1116=VERTEX_POINT('',#3679);
#1117=VERTEX_POINT('',#3683);
#1118=VERTEX_POINT('',#3685);
#1119=VERTEX_POINT('',#3689);
#1120=VERTEX_POINT('',#3691);
#1121=VERTEX_POINT('',#3695);
#1122=VERTEX_POINT('',#3697);
#1123=VERTEX_POINT('',#3701);
#1124=VERTEX_POINT('',#3703);
#1125=VERTEX_POINT('',#3707);
#1126=VERTEX_POINT('',#3709);
#1127=VERTEX_POINT('',#3713);
#1128=VERTEX_POINT('',#3715);
#1129=VERTEX_POINT('',#3719);
#1130=VERTEX_POINT('',#3720);
#1131=VERTEX_POINT('',#3722);
#1132=VERTEX_POINT('',#3724);
#1133=VERTEX_POINT('',#3728);
#1134=VERTEX_POINT('',#3730);
#1135=VERTEX_POINT('',#3734);
#1136=VERTEX_POINT('',#3741);
#1137=VERTEX_POINT('',#3743);
#1138=VERTEX_POINT('',#3750);
#1139=VERTEX_POINT('',#3752);
#1140=VERTEX_POINT('',#3756);
#1141=VERTEX_POINT('',#3758);
#1142=VERTEX_POINT('',#3762);
#1143=VERTEX_POINT('',#3764);
#1144=VERTEX_POINT('',#3768);
#1145=VERTEX_POINT('',#3770);
#1146=VERTEX_POINT('',#3774);
#1147=VERTEX_POINT('',#3776);
#1148=VERTEX_POINT('',#3780);
#1149=VERTEX_POINT('',#3784);
#1150=VERTEX_POINT('',#3794);
#1151=VERTEX_POINT('',#3795);
#1152=VERTEX_POINT('',#3797);
#1153=VERTEX_POINT('',#3799);
#1154=VERTEX_POINT('',#3803);
#1155=VERTEX_POINT('',#3804);
#1156=VERTEX_POINT('',#3806);
#1157=VERTEX_POINT('',#3808);
#1158=VERTEX_POINT('',#3812);
#1159=VERTEX_POINT('',#3813);
#1160=VERTEX_POINT('',#3815);
#1161=VERTEX_POINT('',#3817);
#1162=VERTEX_POINT('',#3822);
#1163=VERTEX_POINT('',#3826);
#1164=VERTEX_POINT('',#3827);
#1165=VERTEX_POINT('',#3832);
#1166=VERTEX_POINT('',#3833);
#1167=VERTEX_POINT('',#3838);
#1168=VERTEX_POINT('',#3839);
#1169=VERTEX_POINT('',#3849);
#1170=VERTEX_POINT('',#3850);
#1171=VERTEX_POINT('',#3853);
#1172=VERTEX_POINT('',#3859);
#1173=VERTEX_POINT('',#3861);
#1174=VERTEX_POINT('',#3863);
#1175=VERTEX_POINT('',#3867);
#1176=VERTEX_POINT('',#3871);
#1177=VERTEX_POINT('',#3873);
#1178=VERTEX_POINT('',#3877);
#1179=VERTEX_POINT('',#3879);
#1180=VERTEX_POINT('',#3883);
#1181=VERTEX_POINT('',#3887);
#1182=VERTEX_POINT('',#3891);
#1183=VERTEX_POINT('',#3895);
#1184=VERTEX_POINT('',#3899);
#1185=VERTEX_POINT('',#3903);
#1186=VERTEX_POINT('',#3907);
#1187=VERTEX_POINT('',#3911);
#1188=VERTEX_POINT('',#3922);
#1189=VERTEX_POINT('',#3923);
#1190=VERTEX_POINT('',#3925);
#1191=VERTEX_POINT('',#3927);
#1192=VERTEX_POINT('',#3929);
#1193=VERTEX_POINT('',#3931);
#1194=VERTEX_POINT('',#3933);
#1195=VERTEX_POINT('',#3935);
#1196=VERTEX_POINT('',#3938);
#1197=VERTEX_POINT('',#3941);
#1198=VERTEX_POINT('',#3943);
#1199=VERTEX_POINT('',#3947);
#1200=VERTEX_POINT('',#3951);
#1201=VERTEX_POINT('',#3955);
#1202=VERTEX_POINT('',#3956);
#1203=VERTEX_POINT('',#3970);
#1204=VERTEX_POINT('',#3974);
#1205=VERTEX_POINT('',#3976);
#1206=VERTEX_POINT('',#3982);
#1207=VERTEX_POINT('',#3986);
#1208=VERTEX_POINT('',#4002);
#1209=VERTEX_POINT('',#4003);
#1210=VERTEX_POINT('',#4040);
#1211=VERTEX_POINT('',#4044);
#1212=VERTEX_POINT('',#4047);
#1213=VERTEX_POINT('',#4048);
#1214=VERTEX_POINT('',#4085);
#1215=VERTEX_POINT('',#4089);
#1216=VERTEX_POINT('',#4092);
#1217=VERTEX_POINT('',#4093);
#1218=VERTEX_POINT('',#4130);
#1219=VERTEX_POINT('',#4134);
#1220=VERTEX_POINT('',#4137);
#1221=VERTEX_POINT('',#4141);
#1222=VERTEX_POINT('',#4145);
#1223=VERTEX_POINT('',#4149);
#1224=VERTEX_POINT('',#4150);
#1225=VERTEX_POINT('',#4152);
#1226=VERTEX_POINT('',#4154);
#1227=VERTEX_POINT('',#4158);
#1228=VERTEX_POINT('',#4160);
#1229=VERTEX_POINT('',#4164);
#1230=VERTEX_POINT('',#4166);
#1231=VERTEX_POINT('',#4170);
#1232=VERTEX_POINT('',#4172);
#1233=VERTEX_POINT('',#4176);
#1234=VERTEX_POINT('',#4178);
#1235=VERTEX_POINT('',#4182);
#1236=VERTEX_POINT('',#4184);
#1237=VERTEX_POINT('',#4188);
#1238=VERTEX_POINT('',#4190);
#1239=VERTEX_POINT('',#4194);
#1240=VERTEX_POINT('',#4196);
#1241=VERTEX_POINT('',#4200);
#1242=VERTEX_POINT('',#4202);
#1243=VERTEX_POINT('',#4206);
#1244=VERTEX_POINT('',#4208);
#1245=VERTEX_POINT('',#4212);
#1246=VERTEX_POINT('',#4214);
#1247=VERTEX_POINT('',#4218);
#1248=VERTEX_POINT('',#4220);
#1249=VERTEX_POINT('',#4224);
#1250=VERTEX_POINT('',#4226);
#1251=VERTEX_POINT('',#4230);
#1252=VERTEX_POINT('',#4232);
#1253=VERTEX_POINT('',#4236);
#1254=VERTEX_POINT('',#4240);
#1255=VERTEX_POINT('',#4246);
#1256=VERTEX_POINT('',#4250);
#1257=VERTEX_POINT('',#4254);
#1258=VERTEX_POINT('',#4258);
#1259=VERTEX_POINT('',#4262);
#1260=VERTEX_POINT('',#4266);
#1261=VERTEX_POINT('',#4270);
#1262=VERTEX_POINT('',#4274);
#1263=VERTEX_POINT('',#4281);
#1264=VERTEX_POINT('',#4282);
#1265=VERTEX_POINT('',#4284);
#1266=VERTEX_POINT('',#4286);
#1267=VERTEX_POINT('',#4288);
#1268=VERTEX_POINT('',#4290);
#1269=VERTEX_POINT('',#4292);
#1270=VERTEX_POINT('',#4294);
#1271=VERTEX_POINT('',#4297);
#1272=VERTEX_POINT('',#4300);
#1273=VERTEX_POINT('',#4302);
#1274=VERTEX_POINT('',#4306);
#1275=VERTEX_POINT('',#4310);
#1276=VERTEX_POINT('',#4314);
#1277=VERTEX_POINT('',#4315);
#1278=VERTEX_POINT('',#4329);
#1279=VERTEX_POINT('',#4333);
#1280=VERTEX_POINT('',#4335);
#1281=VERTEX_POINT('',#4341);
#1282=VERTEX_POINT('',#4345);
#1283=EDGE_CURVE('',#1060,#1060,#955,.T.);
#1284=EDGE_CURVE('',#1060,#1061,#519,.T.);
#1285=EDGE_CURVE('',#1061,#1061,#956,.T.);
#1286=EDGE_CURVE('',#1062,#1062,#957,.T.);
#1287=EDGE_CURVE('',#1062,#1063,#520,.T.);
#1288=EDGE_CURVE('',#1063,#1063,#958,.T.);
#1289=EDGE_CURVE('',#1064,#1064,#959,.T.);
#1290=EDGE_CURVE('',#1064,#1065,#521,.T.);
#1291=EDGE_CURVE('',#1065,#1065,#960,.T.);
#1292=EDGE_CURVE('',#1066,#1066,#961,.T.);
#1293=EDGE_CURVE('',#1066,#1067,#522,.T.);
#1294=EDGE_CURVE('',#1067,#1067,#962,.T.);
#1295=EDGE_CURVE('',#1068,#1068,#963,.T.);
#1296=EDGE_CURVE('',#1068,#1069,#523,.T.);
#1297=EDGE_CURVE('',#1069,#1069,#964,.T.);
#1298=EDGE_CURVE('',#1070,#1070,#965,.T.);
#1299=EDGE_CURVE('',#1071,#1072,#524,.T.);
#1300=EDGE_CURVE('',#1073,#1071,#525,.T.);
#1301=EDGE_CURVE('',#1073,#1074,#526,.T.);
#1302=EDGE_CURVE('',#1074,#1072,#527,.T.);
#1303=EDGE_CURVE('',#1075,#1075,#966,.T.);
#1304=EDGE_CURVE('',#1075,#1076,#528,.T.);
#1305=EDGE_CURVE('',#1076,#1076,#967,.T.);
#1306=EDGE_CURVE('',#1077,#1077,#968,.T.);
#1307=EDGE_CURVE('',#1077,#1078,#529,.T.);
#1308=EDGE_CURVE('',#1078,#1078,#969,.T.);
#1309=EDGE_CURVE('',#1079,#1079,#970,.T.);
#1310=EDGE_CURVE('',#1079,#1080,#530,.T.);
#1311=EDGE_CURVE('',#1080,#1080,#971,.T.);
#1312=EDGE_CURVE('',#1074,#1081,#531,.T.);
#1313=EDGE_CURVE('',#1081,#1082,#532,.T.);
#1314=EDGE_CURVE('',#1083,#1082,#533,.T.);
#1315=EDGE_CURVE('',#1072,#1083,#534,.T.);
#1316=EDGE_CURVE('',#1081,#1084,#535,.T.);
#1317=EDGE_CURVE('',#1084,#1085,#536,.T.);
#1318=EDGE_CURVE('',#1082,#1085,#537,.T.);
#1319=EDGE_CURVE('',#1084,#1073,#538,.T.);
#1320=EDGE_CURVE('',#1085,#1086,#539,.T.);
#1321=EDGE_CURVE('',#1083,#1086,#540,.T.);
#1322=EDGE_CURVE('',#1087,#1086,#541,.T.);
#1323=EDGE_CURVE('',#1088,#1087,#542,.T.);
#1324=EDGE_CURVE('',#1088,#1089,#543,.T.);
#1325=EDGE_CURVE('',#1089,#1090,#544,.T.);
#1326=EDGE_CURVE('',#1090,#1091,#545,.T.);
#1327=EDGE_CURVE('',#1091,#1092,#546,.T.);
#1328=EDGE_CURVE('',#1093,#1092,#547,.T.);
#1329=EDGE_CURVE('',#1072,#1093,#548,.T.);
#1330=EDGE_CURVE('',#1094,#1094,#972,.T.);
#1331=EDGE_CURVE('',#1094,#1095,#549,.T.);
#1332=EDGE_CURVE('',#1095,#1095,#973,.T.);
#1333=EDGE_CURVE('',#1096,#1096,#974,.T.);
#1334=EDGE_CURVE('',#1096,#1097,#550,.T.);
#1335=EDGE_CURVE('',#1097,#1097,#975,.T.);
#1336=EDGE_CURVE('',#1098,#1098,#976,.T.);
#1337=EDGE_CURVE('',#1098,#1099,#551,.T.);
#1338=EDGE_CURVE('',#1099,#1099,#977,.T.);
#1339=EDGE_CURVE('',#1100,#1101,#552,.T.);
#1340=EDGE_CURVE('',#1100,#1102,#553,.T.);
#1341=EDGE_CURVE('',#1103,#1102,#554,.T.);
#1342=EDGE_CURVE('',#1101,#1103,#555,.T.);
#1343=EDGE_CURVE('',#1104,#1105,#556,.T.);
#1344=EDGE_CURVE('',#1106,#1105,#557,.T.);
#1345=EDGE_CURVE('',#1106,#1107,#558,.T.);
#1346=EDGE_CURVE('',#1107,#1104,#559,.T.);
#1347=EDGE_CURVE('',#1106,#1100,#560,.T.);
#1348=EDGE_CURVE('',#1108,#1105,#561,.T.);
#1349=EDGE_CURVE('',#1102,#1108,#562,.T.);
#1350=EDGE_CURVE('',#1101,#1107,#563,.T.);
#1351=EDGE_CURVE('',#1109,#1108,#564,.T.);
#1352=EDGE_CURVE('',#1109,#1103,#565,.T.);
#1353=EDGE_CURVE('',#1070,#1110,#566,.T.);
#1354=EDGE_CURVE('',#1110,#1110,#978,.T.);
#1355=EDGE_CURVE('',#1111,#1111,#979,.T.);
#1356=EDGE_CURVE('',#1111,#1112,#567,.T.);
#1357=EDGE_CURVE('',#1112,#1112,#980,.T.);
#1358=EDGE_CURVE('',#1113,#1113,#981,.T.);
#1359=EDGE_CURVE('',#1113,#1114,#568,.T.);
#1360=EDGE_CURVE('',#1114,#1114,#982,.T.);
#1361=EDGE_CURVE('',#1115,#1115,#983,.T.);
#1362=EDGE_CURVE('',#1115,#1116,#569,.T.);
#1363=EDGE_CURVE('',#1116,#1116,#984,.T.);
#1364=EDGE_CURVE('',#1117,#1117,#985,.T.);
#1365=EDGE_CURVE('',#1117,#1118,#570,.T.);
#1366=EDGE_CURVE('',#1118,#1118,#986,.T.);
#1367=EDGE_CURVE('',#1090,#1119,#571,.T.);
#1368=EDGE_CURVE('',#1119,#1120,#572,.T.);
#1369=EDGE_CURVE('',#1091,#1120,#573,.T.);
#1370=EDGE_CURVE('',#1119,#1121,#574,.T.);
#1371=EDGE_CURVE('',#1121,#1122,#575,.T.);
#1372=EDGE_CURVE('',#1120,#1122,#576,.T.);
#1373=EDGE_CURVE('',#1123,#1123,#987,.T.);
#1374=EDGE_CURVE('',#1123,#1124,#577,.T.);
#1375=EDGE_CURVE('',#1124,#1124,#988,.T.);
#1376=EDGE_CURVE('',#1125,#1125,#989,.T.);
#1377=EDGE_CURVE('',#1125,#1126,#578,.T.);
#1378=EDGE_CURVE('',#1126,#1126,#990,.T.);
#1379=EDGE_CURVE('',#1127,#1127,#991,.T.);
#1380=EDGE_CURVE('',#1127,#1128,#579,.T.);
#1381=EDGE_CURVE('',#1128,#1128,#992,.T.);
#1382=EDGE_CURVE('',#1129,#1130,#580,.T.);
#1383=EDGE_CURVE('',#1129,#1131,#581,.T.);
#1384=EDGE_CURVE('',#1132,#1131,#582,.T.);
#1385=EDGE_CURVE('',#1130,#1132,#583,.T.);
#1386=EDGE_CURVE('',#1133,#1129,#584,.T.);
#1387=EDGE_CURVE('',#1134,#1133,#585,.T.);
#1388=EDGE_CURVE('',#1131,#1134,#586,.T.);
#1389=EDGE_CURVE('',#1135,#1089,#587,.T.);
#1390=EDGE_CURVE('',#1135,#1133,#588,.T.);
#1391=EDGE_CURVE('',#1121,#1130,#589,.T.);
#1392=EDGE_CURVE('',#1122,#1132,#590,.T.);
#1393=EDGE_CURVE('',#1088,#1136,#591,.T.);
#1394=EDGE_CURVE('',#1137,#1087,#592,.T.);
#1395=EDGE_CURVE('',#1136,#1137,#593,.T.);
#1396=EDGE_CURVE('',#1071,#1104,#594,.T.);
#1397=EDGE_CURVE('',#1109,#1137,#595,.T.);
#1398=EDGE_CURVE('',#1138,#1138,#993,.T.);
#1399=EDGE_CURVE('',#1138,#1139,#596,.T.);
#1400=EDGE_CURVE('',#1139,#1139,#994,.T.);
#1401=EDGE_CURVE('',#1140,#1140,#995,.T.);
#1402=EDGE_CURVE('',#1140,#1141,#597,.T.);
#1403=EDGE_CURVE('',#1141,#1141,#996,.T.);
#1404=EDGE_CURVE('',#1142,#1142,#997,.T.);
#1405=EDGE_CURVE('',#1142,#1143,#598,.T.);
#1406=EDGE_CURVE('',#1143,#1143,#998,.T.);
#1407=EDGE_CURVE('',#1144,#1144,#999,.T.);
#1408=EDGE_CURVE('',#1144,#1145,#599,.T.);
#1409=EDGE_CURVE('',#1145,#1145,#1000,.T.);
#1410=EDGE_CURVE('',#1146,#1146,#1001,.T.);
#1411=EDGE_CURVE('',#1146,#1147,#600,.T.);
#1412=EDGE_CURVE('',#1147,#1147,#1002,.T.);
#1413=EDGE_CURVE('',#1148,#1093,#601,.T.);
#1414=EDGE_CURVE('',#1105,#1148,#602,.T.);
#1415=EDGE_CURVE('',#1149,#1148,#603,.T.);
#1416=EDGE_CURVE('',#1134,#1149,#604,.T.);
#1417=EDGE_CURVE('',#1135,#1136,#605,.T.);
#1418=EDGE_CURVE('',#1092,#1149,#606,.T.);
#1419=EDGE_CURVE('',#1150,#1151,#1003,.T.);
#1420=EDGE_CURVE('',#1151,#1152,#607,.T.);
#1421=EDGE_CURVE('',#1152,#1153,#1004,.T.);
#1422=EDGE_CURVE('',#1153,#1150,#608,.T.);
#1423=EDGE_CURVE('',#1154,#1155,#609,.T.);
#1424=EDGE_CURVE('',#1155,#1156,#1005,.T.);
#1425=EDGE_CURVE('',#1156,#1157,#610,.T.);
#1426=EDGE_CURVE('',#1157,#1154,#35,.T.);
#1427=EDGE_CURVE('',#1158,#1159,#611,.T.);
#1428=EDGE_CURVE('',#1159,#1160,#1006,.T.);
#1429=EDGE_CURVE('',#1160,#1161,#612,.T.);
#1430=EDGE_CURVE('',#1161,#1158,#36,.T.);
#1431=EDGE_CURVE('',#1161,#1153,#613,.T.);
#1432=EDGE_CURVE('',#1153,#1162,#1007,.T.);
#1433=EDGE_CURVE('',#1162,#1158,#614,.T.);
#1434=EDGE_CURVE('',#1163,#1164,#1008,.T.);
#1435=EDGE_CURVE('',#1164,#1160,#1009,.T.);
#1436=EDGE_CURVE('',#1159,#1163,#1010,.T.);
#1437=EDGE_CURVE('',#1165,#1166,#1011,.T.);
#1438=EDGE_CURVE('',#1166,#1164,#615,.T.);
#1439=EDGE_CURVE('',#1163,#1165,#616,.T.);
#1440=EDGE_CURVE('',#1167,#1168,#1012,.T.);
#1441=EDGE_CURVE('',#1168,#1166,#1013,.T.);
#1442=EDGE_CURVE('',#1165,#1167,#1014,.T.);
#1443=EDGE_CURVE('',#1157,#1168,#617,.T.);
#1444=EDGE_CURVE('',#1167,#1154,#618,.T.);
#1445=EDGE_CURVE('',#1152,#1162,#1015,.T.);
#1446=EDGE_CURVE('',#1169,#1170,#1016,.T.);
#1447=EDGE_CURVE('',#1170,#1156,#619,.T.);
#1448=EDGE_CURVE('',#1156,#1171,#1017,.T.);
#1449=EDGE_CURVE('',#1171,#1169,#620,.T.);
#1450=EDGE_CURVE('',#1155,#1171,#1018,.T.);
#1451=EDGE_CURVE('',#1172,#1150,#621,.T.);
#1452=EDGE_CURVE('',#1173,#1172,#622,.T.);
#1453=EDGE_CURVE('',#1174,#1173,#623,.T.);
#1454=EDGE_CURVE('',#1174,#1151,#624,.T.);
#1455=EDGE_CURVE('',#1170,#1175,#625,.T.);
#1456=EDGE_CURVE('',#1175,#1172,#1019,.T.);
#1457=EDGE_CURVE('',#1176,#1169,#626,.T.);
#1458=EDGE_CURVE('',#1176,#1177,#627,.T.);
#1459=EDGE_CURVE('',#1177,#1175,#628,.T.);
#1460=EDGE_CURVE('',#1178,#1155,#629,.T.);
#1461=EDGE_CURVE('',#1179,#1178,#1020,.T.);
#1462=EDGE_CURVE('',#1179,#1171,#630,.T.);
#1463=EDGE_CURVE('',#1180,#1154,#631,.T.);
#1464=EDGE_CURVE('',#1178,#1180,#632,.T.);
#1465=EDGE_CURVE('',#1181,#1167,#633,.T.);
#1466=EDGE_CURVE('',#1180,#1181,#634,.T.);
#1467=EDGE_CURVE('',#1182,#1165,#635,.T.);
#1468=EDGE_CURVE('',#1181,#1182,#1021,.T.);
#1469=EDGE_CURVE('',#1183,#1163,#636,.T.);
#1470=EDGE_CURVE('',#1183,#1182,#637,.T.);
#1471=EDGE_CURVE('',#1184,#1159,#638,.T.);
#1472=EDGE_CURVE('',#1183,#1184,#1022,.T.);
#1473=EDGE_CURVE('',#1185,#1158,#639,.T.);
#1474=EDGE_CURVE('',#1185,#1184,#640,.T.);
#1475=EDGE_CURVE('',#1186,#1162,#641,.T.);
#1476=EDGE_CURVE('',#1186,#1185,#642,.T.);
#1477=EDGE_CURVE('',#1187,#1152,#643,.T.);
#1478=EDGE_CURVE('',#1186,#1187,#1023,.T.);
#1479=EDGE_CURVE('',#1174,#1187,#644,.T.);
#1480=EDGE_CURVE('',#1173,#1177,#1024,.T.);
#1481=EDGE_CURVE('',#1176,#1179,#645,.T.);
#1482=EDGE_CURVE('',#1188,#1189,#1025,.T.);
#1483=EDGE_CURVE('',#1190,#1189,#646,.T.);
#1484=EDGE_CURVE('',#1191,#1190,#1026,.T.);
#1485=EDGE_CURVE('',#1192,#1191,#647,.T.);
#1486=EDGE_CURVE('',#1193,#1192,#1027,.T.);
#1487=EDGE_CURVE('',#1194,#1193,#648,.T.);
#1488=EDGE_CURVE('',#1195,#1194,#1028,.T.);
#1489=EDGE_CURVE('',#1188,#1195,#649,.T.);
#1490=EDGE_CURVE('',#1196,#1196,#1029,.T.);
#1491=EDGE_CURVE('',#1188,#1197,#650,.T.);
#1492=EDGE_CURVE('',#1198,#1197,#1030,.T.);
#1493=EDGE_CURVE('',#1189,#1198,#651,.T.);
#1494=EDGE_CURVE('',#1195,#1199,#652,.T.);
#1495=EDGE_CURVE('',#1197,#1199,#653,.T.);
#1496=EDGE_CURVE('',#1194,#1200,#654,.T.);
#1497=EDGE_CURVE('',#1199,#1200,#1031,.T.);
#1498=EDGE_CURVE('',#1201,#1202,#19,.T.);
#1499=EDGE_CURVE('',#1200,#1201,#655,.T.);
#1500=EDGE_CURVE('',#1193,#1202,#656,.T.);
#1501=EDGE_CURVE('',#1202,#1203,#1032,.T.);
#1502=EDGE_CURVE('',#1192,#1203,#657,.T.);
#1503=EDGE_CURVE('',#1190,#1204,#658,.T.);
#1504=EDGE_CURVE('',#1205,#1204,#1033,.T.);
#1505=EDGE_CURVE('',#1191,#1205,#659,.T.);
#1506=EDGE_CURVE('',#1204,#1198,#660,.T.);
#1507=EDGE_CURVE('',#1206,#1206,#1034,.T.);
#1508=EDGE_CURVE('',#1206,#1196,#661,.T.);
#1509=EDGE_CURVE('',#1203,#1207,#20,.T.);
#1510=EDGE_CURVE('',#1207,#1205,#662,.T.);
#1511=EDGE_CURVE('',#1207,#1201,#1035,.T.);
#1512=EDGE_CURVE('',#1208,#1209,#21,.T.);
#1513=EDGE_CURVE('',#1209,#1208,#22,.T.);
#1514=EDGE_CURVE('',#1209,#1210,#663,.T.);
#1515=EDGE_CURVE('',#1210,#1210,#1036,.T.);
#1516=EDGE_CURVE('',#1211,#1211,#1037,.T.);
#1517=EDGE_CURVE('',#1212,#1213,#23,.T.);
#1518=EDGE_CURVE('',#1213,#1212,#24,.T.);
#1519=EDGE_CURVE('',#1213,#1214,#664,.T.);
#1520=EDGE_CURVE('',#1214,#1214,#1038,.T.);
#1521=EDGE_CURVE('',#1215,#1215,#1039,.T.);
#1522=EDGE_CURVE('',#1216,#1217,#25,.T.);
#1523=EDGE_CURVE('',#1217,#1216,#26,.T.);
#1524=EDGE_CURVE('',#1217,#1218,#665,.T.);
#1525=EDGE_CURVE('',#1218,#1218,#1040,.T.);
#1526=EDGE_CURVE('',#1219,#1219,#1041,.T.);
#1527=EDGE_CURVE('',#1220,#1220,#1042,.T.);
#1528=EDGE_CURVE('',#1220,#1215,#666,.T.);
#1529=EDGE_CURVE('',#1221,#1221,#1043,.T.);
#1530=EDGE_CURVE('',#1221,#1219,#667,.T.);
#1531=EDGE_CURVE('',#1222,#1222,#1044,.T.);
#1532=EDGE_CURVE('',#1222,#1211,#668,.T.);
#1533=EDGE_CURVE('',#1223,#1224,#669,.T.);
#1534=EDGE_CURVE('',#1224,#1225,#1045,.T.);
#1535=EDGE_CURVE('',#1225,#1226,#670,.T.);
#1536=EDGE_CURVE('',#1226,#1223,#37,.T.);
#1537=EDGE_CURVE('',#1227,#1223,#671,.T.);
#1538=EDGE_CURVE('',#1226,#1228,#672,.T.);
#1539=EDGE_CURVE('',#1228,#1227,#38,.T.);
#1540=EDGE_CURVE('',#1229,#1227,#673,.T.);
#1541=EDGE_CURVE('',#1228,#1230,#674,.T.);
#1542=EDGE_CURVE('',#1230,#1229,#39,.T.);
#1543=EDGE_CURVE('',#1231,#1229,#675,.T.);
#1544=EDGE_CURVE('',#1230,#1232,#676,.T.);
#1545=EDGE_CURVE('',#1232,#1231,#40,.T.);
#1546=EDGE_CURVE('',#1233,#1231,#677,.T.);
#1547=EDGE_CURVE('',#1232,#1234,#678,.T.);
#1548=EDGE_CURVE('',#1234,#1233,#41,.T.);
#1549=EDGE_CURVE('',#1235,#1233,#679,.T.);
#1550=EDGE_CURVE('',#1234,#1236,#680,.T.);
#1551=EDGE_CURVE('',#1236,#1235,#42,.T.);
#1552=EDGE_CURVE('',#1237,#1235,#681,.T.);
#1553=EDGE_CURVE('',#1236,#1238,#682,.T.);
#1554=EDGE_CURVE('',#1238,#1237,#43,.T.);
#1555=EDGE_CURVE('',#1239,#1237,#683,.T.);
#1556=EDGE_CURVE('',#1238,#1240,#684,.T.);
#1557=EDGE_CURVE('',#1240,#1239,#44,.T.);
#1558=EDGE_CURVE('',#1241,#1239,#685,.T.);
#1559=EDGE_CURVE('',#1240,#1242,#686,.T.);
#1560=EDGE_CURVE('',#1242,#1241,#45,.T.);
#1561=EDGE_CURVE('',#1243,#1241,#687,.T.);
#1562=EDGE_CURVE('',#1242,#1244,#688,.T.);
#1563=EDGE_CURVE('',#1244,#1243,#46,.T.);
#1564=EDGE_CURVE('',#1244,#1245,#689,.T.);
#1565=EDGE_CURVE('',#1245,#1246,#1046,.T.);
#1566=EDGE_CURVE('',#1246,#1243,#690,.T.);
#1567=EDGE_CURVE('',#1225,#1247,#691,.T.);
#1568=EDGE_CURVE('',#1247,#1248,#1047,.T.);
#1569=EDGE_CURVE('',#1248,#1245,#692,.T.);
#1570=EDGE_CURVE('',#1249,#1224,#693,.T.);
#1571=EDGE_CURVE('',#1249,#1250,#694,.T.);
#1572=EDGE_CURVE('',#1250,#1247,#695,.T.);
#1573=EDGE_CURVE('',#1251,#1243,#696,.T.);
#1574=EDGE_CURVE('',#1251,#1252,#697,.T.);
#1575=EDGE_CURVE('',#1252,#1241,#698,.T.);
#1576=EDGE_CURVE('',#1253,#1246,#699,.T.);
#1577=EDGE_CURVE('',#1253,#1251,#700,.T.);
#1578=EDGE_CURVE('',#1254,#1248,#701,.T.);
#1579=EDGE_CURVE('',#1253,#1254,#702,.T.);
#1580=EDGE_CURVE('',#1254,#1250,#1048,.T.);
#1581=EDGE_CURVE('',#1255,#1223,#703,.T.);
#1582=EDGE_CURVE('',#1249,#1255,#704,.T.);
#1583=EDGE_CURVE('',#1256,#1227,#705,.T.);
#1584=EDGE_CURVE('',#1255,#1256,#706,.T.);
#1585=EDGE_CURVE('',#1257,#1229,#707,.T.);
#1586=EDGE_CURVE('',#1257,#1256,#708,.T.);
#1587=EDGE_CURVE('',#1258,#1231,#709,.T.);
#1588=EDGE_CURVE('',#1257,#1258,#710,.T.);
#1589=EDGE_CURVE('',#1259,#1233,#711,.T.);
#1590=EDGE_CURVE('',#1258,#1259,#712,.T.);
#1591=EDGE_CURVE('',#1260,#1235,#713,.T.);
#1592=EDGE_CURVE('',#1259,#1260,#714,.T.);
#1593=EDGE_CURVE('',#1261,#1237,#715,.T.);
#1594=EDGE_CURVE('',#1261,#1260,#716,.T.);
#1595=EDGE_CURVE('',#1262,#1239,#717,.T.);
#1596=EDGE_CURVE('',#1262,#1261,#718,.T.);
#1597=EDGE_CURVE('',#1262,#1252,#719,.T.);
#1598=EDGE_CURVE('',#1263,#1264,#1049,.T.);
#1599=EDGE_CURVE('',#1265,#1264,#720,.T.);
#1600=EDGE_CURVE('',#1266,#1265,#1050,.T.);
#1601=EDGE_CURVE('',#1267,#1266,#721,.T.);
#1602=EDGE_CURVE('',#1268,#1267,#1051,.T.);
#1603=EDGE_CURVE('',#1269,#1268,#722,.T.);
#1604=EDGE_CURVE('',#1270,#1269,#1052,.T.);
#1605=EDGE_CURVE('',#1263,#1270,#723,.T.);
#1606=EDGE_CURVE('',#1271,#1271,#1053,.T.);
#1607=EDGE_CURVE('',#1263,#1272,#724,.T.);
#1608=EDGE_CURVE('',#1273,#1272,#1054,.T.);
#1609=EDGE_CURVE('',#1264,#1273,#725,.T.);
#1610=EDGE_CURVE('',#1270,#1274,#726,.T.);
#1611=EDGE_CURVE('',#1272,#1274,#727,.T.);
#1612=EDGE_CURVE('',#1269,#1275,#728,.T.);
#1613=EDGE_CURVE('',#1274,#1275,#1055,.T.);
#1614=EDGE_CURVE('',#1276,#1277,#27,.T.);
#1615=EDGE_CURVE('',#1275,#1276,#729,.T.);
#1616=EDGE_CURVE('',#1268,#1277,#730,.T.);
#1617=EDGE_CURVE('',#1277,#1278,#1056,.T.);
#1618=EDGE_CURVE('',#1267,#1278,#731,.T.);
#1619=EDGE_CURVE('',#1265,#1279,#732,.T.);
#1620=EDGE_CURVE('',#1280,#1279,#1057,.T.);
#1621=EDGE_CURVE('',#1266,#1280,#733,.T.);
#1622=EDGE_CURVE('',#1279,#1273,#734,.T.);
#1623=EDGE_CURVE('',#1281,#1281,#1058,.T.);
#1624=EDGE_CURVE('',#1281,#1271,#735,.T.);
#1625=EDGE_CURVE('',#1278,#1282,#28,.T.);
#1626=EDGE_CURVE('',#1282,#1280,#736,.T.);
#1627=EDGE_CURVE('',#1282,#1276,#1059,.T.);
#1628=ORIENTED_EDGE('',*,*,#1283,.F.);
#1629=ORIENTED_EDGE('',*,*,#1284,.T.);
#1630=ORIENTED_EDGE('',*,*,#1285,.F.);
#1631=ORIENTED_EDGE('',*,*,#1284,.F.);
#1632=ORIENTED_EDGE('',*,*,#1286,.F.);
#1633=ORIENTED_EDGE('',*,*,#1287,.T.);
#1634=ORIENTED_EDGE('',*,*,#1288,.F.);
#1635=ORIENTED_EDGE('',*,*,#1287,.F.);
#1636=ORIENTED_EDGE('',*,*,#1289,.F.);
#1637=ORIENTED_EDGE('',*,*,#1290,.T.);
#1638=ORIENTED_EDGE('',*,*,#1291,.F.);
#1639=ORIENTED_EDGE('',*,*,#1290,.F.);
#1640=ORIENTED_EDGE('',*,*,#1292,.F.);
#1641=ORIENTED_EDGE('',*,*,#1293,.T.);
#1642=ORIENTED_EDGE('',*,*,#1294,.F.);
#1643=ORIENTED_EDGE('',*,*,#1293,.F.);
#1644=ORIENTED_EDGE('',*,*,#1295,.F.);
#1645=ORIENTED_EDGE('',*,*,#1296,.T.);
#1646=ORIENTED_EDGE('',*,*,#1297,.T.);
#1647=ORIENTED_EDGE('',*,*,#1296,.F.);
#1648=ORIENTED_EDGE('',*,*,#1297,.F.);
#1649=ORIENTED_EDGE('',*,*,#1298,.F.);
#1650=ORIENTED_EDGE('',*,*,#1299,.F.);
#1651=ORIENTED_EDGE('',*,*,#1300,.F.);
#1652=ORIENTED_EDGE('',*,*,#1301,.T.);
#1653=ORIENTED_EDGE('',*,*,#1302,.T.);
#1654=ORIENTED_EDGE('',*,*,#1303,.F.);
#1655=ORIENTED_EDGE('',*,*,#1304,.T.);
#1656=ORIENTED_EDGE('',*,*,#1305,.T.);
#1657=ORIENTED_EDGE('',*,*,#1304,.F.);
#1658=ORIENTED_EDGE('',*,*,#1306,.F.);
#1659=ORIENTED_EDGE('',*,*,#1307,.T.);
#1660=ORIENTED_EDGE('',*,*,#1308,.T.);
#1661=ORIENTED_EDGE('',*,*,#1307,.F.);
#1662=ORIENTED_EDGE('',*,*,#1309,.F.);
#1663=ORIENTED_EDGE('',*,*,#1310,.T.);
#1664=ORIENTED_EDGE('',*,*,#1311,.T.);
#1665=ORIENTED_EDGE('',*,*,#1310,.F.);
#1666=ORIENTED_EDGE('',*,*,#1312,.T.);
#1667=ORIENTED_EDGE('',*,*,#1313,.T.);
#1668=ORIENTED_EDGE('',*,*,#1314,.F.);
#1669=ORIENTED_EDGE('',*,*,#1315,.F.);
#1670=ORIENTED_EDGE('',*,*,#1302,.F.);
#1671=ORIENTED_EDGE('',*,*,#1316,.T.);
#1672=ORIENTED_EDGE('',*,*,#1317,.T.);
#1673=ORIENTED_EDGE('',*,*,#1318,.F.);
#1674=ORIENTED_EDGE('',*,*,#1313,.F.);
#1675=ORIENTED_EDGE('',*,*,#1316,.F.);
#1676=ORIENTED_EDGE('',*,*,#1312,.F.);
#1677=ORIENTED_EDGE('',*,*,#1301,.F.);
#1678=ORIENTED_EDGE('',*,*,#1319,.F.);
#1679=ORIENTED_EDGE('',*,*,#1311,.F.);
#1680=ORIENTED_EDGE('',*,*,#1308,.F.);
#1681=ORIENTED_EDGE('',*,*,#1305,.F.);
#1682=ORIENTED_EDGE('',*,*,#1318,.T.);
#1683=ORIENTED_EDGE('',*,*,#1320,.T.);
#1684=ORIENTED_EDGE('',*,*,#1321,.F.);
#1685=ORIENTED_EDGE('',*,*,#1314,.T.);
#1686=ORIENTED_EDGE('',*,*,#1309,.T.);
#1687=ORIENTED_EDGE('',*,*,#1306,.T.);
#1688=ORIENTED_EDGE('',*,*,#1303,.T.);
#1689=ORIENTED_EDGE('',*,*,#1315,.T.);
#1690=ORIENTED_EDGE('',*,*,#1321,.T.);
#1691=ORIENTED_EDGE('',*,*,#1322,.F.);
#1692=ORIENTED_EDGE('',*,*,#1323,.F.);
#1693=ORIENTED_EDGE('',*,*,#1324,.T.);
#1694=ORIENTED_EDGE('',*,*,#1325,.T.);
#1695=ORIENTED_EDGE('',*,*,#1326,.T.);
#1696=ORIENTED_EDGE('',*,*,#1327,.T.);
#1697=ORIENTED_EDGE('',*,*,#1328,.F.);
#1698=ORIENTED_EDGE('',*,*,#1329,.F.);
#1699=ORIENTED_EDGE('',*,*,#1330,.F.);
#1700=ORIENTED_EDGE('',*,*,#1331,.T.);
#1701=ORIENTED_EDGE('',*,*,#1332,.T.);
#1702=ORIENTED_EDGE('',*,*,#1331,.F.);
#1703=ORIENTED_EDGE('',*,*,#1333,.F.);
#1704=ORIENTED_EDGE('',*,*,#1334,.T.);
#1705=ORIENTED_EDGE('',*,*,#1335,.T.);
#1706=ORIENTED_EDGE('',*,*,#1334,.F.);
#1707=ORIENTED_EDGE('',*,*,#1336,.F.);
#1708=ORIENTED_EDGE('',*,*,#1337,.T.);
#1709=ORIENTED_EDGE('',*,*,#1338,.T.);
#1710=ORIENTED_EDGE('',*,*,#1337,.F.);
#1711=ORIENTED_EDGE('',*,*,#1339,.F.);
#1712=ORIENTED_EDGE('',*,*,#1340,.T.);
#1713=ORIENTED_EDGE('',*,*,#1341,.F.);
#1714=ORIENTED_EDGE('',*,*,#1342,.F.);
#1715=ORIENTED_EDGE('',*,*,#1343,.T.);
#1716=ORIENTED_EDGE('',*,*,#1344,.F.);
#1717=ORIENTED_EDGE('',*,*,#1345,.T.);
#1718=ORIENTED_EDGE('',*,*,#1346,.T.);
#1719=ORIENTED_EDGE('',*,*,#1347,.F.);
#1720=ORIENTED_EDGE('',*,*,#1344,.T.);
#1721=ORIENTED_EDGE('',*,*,#1348,.F.);
#1722=ORIENTED_EDGE('',*,*,#1349,.F.);
#1723=ORIENTED_EDGE('',*,*,#1340,.F.);
#1724=ORIENTED_EDGE('',*,*,#1347,.T.);
#1725=ORIENTED_EDGE('',*,*,#1339,.T.);
#1726=ORIENTED_EDGE('',*,*,#1350,.T.);
#1727=ORIENTED_EDGE('',*,*,#1345,.F.);
#1728=ORIENTED_EDGE('',*,*,#1338,.F.);
#1729=ORIENTED_EDGE('',*,*,#1335,.F.);
#1730=ORIENTED_EDGE('',*,*,#1332,.F.);
#1731=ORIENTED_EDGE('',*,*,#1349,.T.);
#1732=ORIENTED_EDGE('',*,*,#1351,.F.);
#1733=ORIENTED_EDGE('',*,*,#1352,.T.);
#1734=ORIENTED_EDGE('',*,*,#1341,.T.);
#1735=ORIENTED_EDGE('',*,*,#1336,.T.);
#1736=ORIENTED_EDGE('',*,*,#1333,.T.);
#1737=ORIENTED_EDGE('',*,*,#1330,.T.);
#1738=ORIENTED_EDGE('',*,*,#1298,.T.);
#1739=ORIENTED_EDGE('',*,*,#1353,.T.);
#1740=ORIENTED_EDGE('',*,*,#1354,.F.);
#1741=ORIENTED_EDGE('',*,*,#1353,.F.);
#1742=ORIENTED_EDGE('',*,*,#1355,.F.);
#1743=ORIENTED_EDGE('',*,*,#1356,.T.);
#1744=ORIENTED_EDGE('',*,*,#1357,.F.);
#1745=ORIENTED_EDGE('',*,*,#1356,.F.);
#1746=ORIENTED_EDGE('',*,*,#1358,.F.);
#1747=ORIENTED_EDGE('',*,*,#1359,.T.);
#1748=ORIENTED_EDGE('',*,*,#1360,.T.);
#1749=ORIENTED_EDGE('',*,*,#1359,.F.);
#1750=ORIENTED_EDGE('',*,*,#1361,.F.);
#1751=ORIENTED_EDGE('',*,*,#1362,.T.);
#1752=ORIENTED_EDGE('',*,*,#1363,.T.);
#1753=ORIENTED_EDGE('',*,*,#1362,.F.);
#1754=ORIENTED_EDGE('',*,*,#1364,.F.);
#1755=ORIENTED_EDGE('',*,*,#1365,.T.);
#1756=ORIENTED_EDGE('',*,*,#1366,.T.);
#1757=ORIENTED_EDGE('',*,*,#1365,.F.);
#1758=ORIENTED_EDGE('',*,*,#1367,.T.);
#1759=ORIENTED_EDGE('',*,*,#1368,.T.);
#1760=ORIENTED_EDGE('',*,*,#1369,.F.);
#1761=ORIENTED_EDGE('',*,*,#1326,.F.);
#1762=ORIENTED_EDGE('',*,*,#1370,.T.);
#1763=ORIENTED_EDGE('',*,*,#1371,.T.);
#1764=ORIENTED_EDGE('',*,*,#1372,.F.);
#1765=ORIENTED_EDGE('',*,*,#1368,.F.);
#1766=ORIENTED_EDGE('',*,*,#1373,.F.);
#1767=ORIENTED_EDGE('',*,*,#1374,.T.);
#1768=ORIENTED_EDGE('',*,*,#1375,.T.);
#1769=ORIENTED_EDGE('',*,*,#1374,.F.);
#1770=ORIENTED_EDGE('',*,*,#1376,.F.);
#1771=ORIENTED_EDGE('',*,*,#1377,.T.);
#1772=ORIENTED_EDGE('',*,*,#1378,.T.);
#1773=ORIENTED_EDGE('',*,*,#1377,.F.);
#1774=ORIENTED_EDGE('',*,*,#1379,.F.);
#1775=ORIENTED_EDGE('',*,*,#1380,.T.);
#1776=ORIENTED_EDGE('',*,*,#1381,.T.);
#1777=ORIENTED_EDGE('',*,*,#1380,.F.);
#1778=ORIENTED_EDGE('',*,*,#1382,.F.);
#1779=ORIENTED_EDGE('',*,*,#1383,.T.);
#1780=ORIENTED_EDGE('',*,*,#1384,.F.);
#1781=ORIENTED_EDGE('',*,*,#1385,.F.);
#1782=ORIENTED_EDGE('',*,*,#1386,.F.);
#1783=ORIENTED_EDGE('',*,*,#1387,.F.);
#1784=ORIENTED_EDGE('',*,*,#1388,.F.);
#1785=ORIENTED_EDGE('',*,*,#1383,.F.);
#1786=ORIENTED_EDGE('',*,*,#1389,.F.);
#1787=ORIENTED_EDGE('',*,*,#1390,.T.);
#1788=ORIENTED_EDGE('',*,*,#1386,.T.);
#1789=ORIENTED_EDGE('',*,*,#1382,.T.);
#1790=ORIENTED_EDGE('',*,*,#1391,.F.);
#1791=ORIENTED_EDGE('',*,*,#1370,.F.);
#1792=ORIENTED_EDGE('',*,*,#1367,.F.);
#1793=ORIENTED_EDGE('',*,*,#1325,.F.);
#1794=ORIENTED_EDGE('',*,*,#1355,.T.);
#1795=ORIENTED_EDGE('',*,*,#1360,.F.);
#1796=ORIENTED_EDGE('',*,*,#1363,.F.);
#1797=ORIENTED_EDGE('',*,*,#1366,.F.);
#1798=ORIENTED_EDGE('',*,*,#1375,.F.);
#1799=ORIENTED_EDGE('',*,*,#1378,.F.);
#1800=ORIENTED_EDGE('',*,*,#1381,.F.);
#1801=ORIENTED_EDGE('',*,*,#1392,.F.);
#1802=ORIENTED_EDGE('',*,*,#1371,.F.);
#1803=ORIENTED_EDGE('',*,*,#1391,.T.);
#1804=ORIENTED_EDGE('',*,*,#1385,.T.);
#1805=ORIENTED_EDGE('',*,*,#1393,.F.);
#1806=ORIENTED_EDGE('',*,*,#1323,.T.);
#1807=ORIENTED_EDGE('',*,*,#1394,.F.);
#1808=ORIENTED_EDGE('',*,*,#1395,.F.);
#1809=ORIENTED_EDGE('',*,*,#1283,.T.);
#1810=ORIENTED_EDGE('',*,*,#1286,.T.);
#1811=ORIENTED_EDGE('',*,*,#1289,.T.);
#1812=ORIENTED_EDGE('',*,*,#1292,.T.);
#1813=ORIENTED_EDGE('',*,*,#1354,.T.);
#1814=ORIENTED_EDGE('',*,*,#1322,.T.);
#1815=ORIENTED_EDGE('',*,*,#1320,.F.);
#1816=ORIENTED_EDGE('',*,*,#1317,.F.);
#1817=ORIENTED_EDGE('',*,*,#1319,.T.);
#1818=ORIENTED_EDGE('',*,*,#1300,.T.);
#1819=ORIENTED_EDGE('',*,*,#1396,.T.);
#1820=ORIENTED_EDGE('',*,*,#1346,.F.);
#1821=ORIENTED_EDGE('',*,*,#1350,.F.);
#1822=ORIENTED_EDGE('',*,*,#1342,.T.);
#1823=ORIENTED_EDGE('',*,*,#1352,.F.);
#1824=ORIENTED_EDGE('',*,*,#1397,.T.);
#1825=ORIENTED_EDGE('',*,*,#1394,.T.);
#1826=ORIENTED_EDGE('',*,*,#1398,.F.);
#1827=ORIENTED_EDGE('',*,*,#1399,.T.);
#1828=ORIENTED_EDGE('',*,*,#1400,.T.);
#1829=ORIENTED_EDGE('',*,*,#1399,.F.);
#1830=ORIENTED_EDGE('',*,*,#1401,.F.);
#1831=ORIENTED_EDGE('',*,*,#1402,.T.);
#1832=ORIENTED_EDGE('',*,*,#1403,.T.);
#1833=ORIENTED_EDGE('',*,*,#1402,.F.);
#1834=ORIENTED_EDGE('',*,*,#1404,.F.);
#1835=ORIENTED_EDGE('',*,*,#1405,.T.);
#1836=ORIENTED_EDGE('',*,*,#1406,.T.);
#1837=ORIENTED_EDGE('',*,*,#1405,.F.);
#1838=ORIENTED_EDGE('',*,*,#1407,.F.);
#1839=ORIENTED_EDGE('',*,*,#1408,.T.);
#1840=ORIENTED_EDGE('',*,*,#1409,.T.);
#1841=ORIENTED_EDGE('',*,*,#1408,.F.);
#1842=ORIENTED_EDGE('',*,*,#1410,.F.);
#1843=ORIENTED_EDGE('',*,*,#1411,.T.);
#1844=ORIENTED_EDGE('',*,*,#1412,.T.);
#1845=ORIENTED_EDGE('',*,*,#1411,.F.);
#1846=ORIENTED_EDGE('',*,*,#1299,.T.);
#1847=ORIENTED_EDGE('',*,*,#1329,.T.);
#1848=ORIENTED_EDGE('',*,*,#1413,.F.);
#1849=ORIENTED_EDGE('',*,*,#1414,.F.);
#1850=ORIENTED_EDGE('',*,*,#1343,.F.);
#1851=ORIENTED_EDGE('',*,*,#1396,.F.);
#1852=ORIENTED_EDGE('',*,*,#1285,.T.);
#1853=ORIENTED_EDGE('',*,*,#1288,.T.);
#1854=ORIENTED_EDGE('',*,*,#1291,.T.);
#1855=ORIENTED_EDGE('',*,*,#1294,.T.);
#1856=ORIENTED_EDGE('',*,*,#1295,.T.);
#1857=ORIENTED_EDGE('',*,*,#1348,.T.);
#1858=ORIENTED_EDGE('',*,*,#1414,.T.);
#1859=ORIENTED_EDGE('',*,*,#1415,.F.);
#1860=ORIENTED_EDGE('',*,*,#1416,.F.);
#1861=ORIENTED_EDGE('',*,*,#1387,.T.);
#1862=ORIENTED_EDGE('',*,*,#1390,.F.);
#1863=ORIENTED_EDGE('',*,*,#1417,.T.);
#1864=ORIENTED_EDGE('',*,*,#1395,.T.);
#1865=ORIENTED_EDGE('',*,*,#1397,.F.);
#1866=ORIENTED_EDGE('',*,*,#1351,.T.);
#1867=ORIENTED_EDGE('',*,*,#1416,.T.);
#1868=ORIENTED_EDGE('',*,*,#1418,.F.);
#1869=ORIENTED_EDGE('',*,*,#1327,.F.);
#1870=ORIENTED_EDGE('',*,*,#1369,.T.);
#1871=ORIENTED_EDGE('',*,*,#1372,.T.);
#1872=ORIENTED_EDGE('',*,*,#1392,.T.);
#1873=ORIENTED_EDGE('',*,*,#1384,.T.);
#1874=ORIENTED_EDGE('',*,*,#1388,.T.);
#1875=ORIENTED_EDGE('',*,*,#1357,.T.);
#1876=ORIENTED_EDGE('',*,*,#1358,.T.);
#1877=ORIENTED_EDGE('',*,*,#1361,.T.);
#1878=ORIENTED_EDGE('',*,*,#1364,.T.);
#1879=ORIENTED_EDGE('',*,*,#1373,.T.);
#1880=ORIENTED_EDGE('',*,*,#1376,.T.);
#1881=ORIENTED_EDGE('',*,*,#1379,.T.);
#1882=ORIENTED_EDGE('',*,*,#1328,.T.);
#1883=ORIENTED_EDGE('',*,*,#1418,.T.);
#1884=ORIENTED_EDGE('',*,*,#1415,.T.);
#1885=ORIENTED_EDGE('',*,*,#1413,.T.);
#1886=ORIENTED_EDGE('',*,*,#1410,.T.);
#1887=ORIENTED_EDGE('',*,*,#1407,.T.);
#1888=ORIENTED_EDGE('',*,*,#1404,.T.);
#1889=ORIENTED_EDGE('',*,*,#1401,.T.);
#1890=ORIENTED_EDGE('',*,*,#1398,.T.);
#1891=ORIENTED_EDGE('',*,*,#1389,.T.);
#1892=ORIENTED_EDGE('',*,*,#1324,.F.);
#1893=ORIENTED_EDGE('',*,*,#1393,.T.);
#1894=ORIENTED_EDGE('',*,*,#1417,.F.);
#1895=ORIENTED_EDGE('',*,*,#1412,.F.);
#1896=ORIENTED_EDGE('',*,*,#1409,.F.);
#1897=ORIENTED_EDGE('',*,*,#1406,.F.);
#1898=ORIENTED_EDGE('',*,*,#1403,.F.);
#1899=ORIENTED_EDGE('',*,*,#1400,.F.);
#1900=ORIENTED_EDGE('',*,*,#1419,.T.);
#1901=ORIENTED_EDGE('',*,*,#1420,.T.);
#1902=ORIENTED_EDGE('',*,*,#1421,.T.);
#1903=ORIENTED_EDGE('',*,*,#1422,.T.);
#1904=ORIENTED_EDGE('',*,*,#1423,.T.);
#1905=ORIENTED_EDGE('',*,*,#1424,.T.);
#1906=ORIENTED_EDGE('',*,*,#1425,.T.);
#1907=ORIENTED_EDGE('',*,*,#1426,.T.);
#1908=ORIENTED_EDGE('',*,*,#1427,.T.);
#1909=ORIENTED_EDGE('',*,*,#1428,.T.);
#1910=ORIENTED_EDGE('',*,*,#1429,.T.);
#1911=ORIENTED_EDGE('',*,*,#1430,.T.);
#1912=ORIENTED_EDGE('',*,*,#1431,.T.);
#1913=ORIENTED_EDGE('',*,*,#1432,.T.);
#1914=ORIENTED_EDGE('',*,*,#1433,.T.);
#1915=ORIENTED_EDGE('',*,*,#1430,.F.);
#1916=ORIENTED_EDGE('',*,*,#1434,.T.);
#1917=ORIENTED_EDGE('',*,*,#1435,.T.);
#1918=ORIENTED_EDGE('',*,*,#1428,.F.);
#1919=ORIENTED_EDGE('',*,*,#1436,.T.);
#1920=ORIENTED_EDGE('',*,*,#1437,.T.);
#1921=ORIENTED_EDGE('',*,*,#1438,.T.);
#1922=ORIENTED_EDGE('',*,*,#1434,.F.);
#1923=ORIENTED_EDGE('',*,*,#1439,.T.);
#1924=ORIENTED_EDGE('',*,*,#1440,.T.);
#1925=ORIENTED_EDGE('',*,*,#1441,.T.);
#1926=ORIENTED_EDGE('',*,*,#1437,.F.);
#1927=ORIENTED_EDGE('',*,*,#1442,.T.);
#1928=ORIENTED_EDGE('',*,*,#1443,.T.);
#1929=ORIENTED_EDGE('',*,*,#1440,.F.);
#1930=ORIENTED_EDGE('',*,*,#1444,.T.);
#1931=ORIENTED_EDGE('',*,*,#1426,.F.);
#1932=ORIENTED_EDGE('',*,*,#1432,.F.);
#1933=ORIENTED_EDGE('',*,*,#1421,.F.);
#1934=ORIENTED_EDGE('',*,*,#1445,.T.);
#1935=ORIENTED_EDGE('',*,*,#1446,.T.);
#1936=ORIENTED_EDGE('',*,*,#1447,.T.);
#1937=ORIENTED_EDGE('',*,*,#1448,.T.);
#1938=ORIENTED_EDGE('',*,*,#1449,.T.);
#1939=ORIENTED_EDGE('',*,*,#1448,.F.);
#1940=ORIENTED_EDGE('',*,*,#1424,.F.);
#1941=ORIENTED_EDGE('',*,*,#1450,.T.);
#1942=ORIENTED_EDGE('',*,*,#1419,.F.);
#1943=ORIENTED_EDGE('',*,*,#1451,.F.);
#1944=ORIENTED_EDGE('',*,*,#1452,.F.);
#1945=ORIENTED_EDGE('',*,*,#1453,.F.);
#1946=ORIENTED_EDGE('',*,*,#1454,.T.);
#1947=ORIENTED_EDGE('',*,*,#1422,.F.);
#1948=ORIENTED_EDGE('',*,*,#1431,.F.);
#1949=ORIENTED_EDGE('',*,*,#1429,.F.);
#1950=ORIENTED_EDGE('',*,*,#1435,.F.);
#1951=ORIENTED_EDGE('',*,*,#1438,.F.);
#1952=ORIENTED_EDGE('',*,*,#1441,.F.);
#1953=ORIENTED_EDGE('',*,*,#1443,.F.);
#1954=ORIENTED_EDGE('',*,*,#1425,.F.);
#1955=ORIENTED_EDGE('',*,*,#1447,.F.);
#1956=ORIENTED_EDGE('',*,*,#1455,.T.);
#1957=ORIENTED_EDGE('',*,*,#1456,.T.);
#1958=ORIENTED_EDGE('',*,*,#1451,.T.);
#1959=ORIENTED_EDGE('',*,*,#1446,.F.);
#1960=ORIENTED_EDGE('',*,*,#1457,.F.);
#1961=ORIENTED_EDGE('',*,*,#1458,.T.);
#1962=ORIENTED_EDGE('',*,*,#1459,.T.);
#1963=ORIENTED_EDGE('',*,*,#1455,.F.);
#1964=ORIENTED_EDGE('',*,*,#1450,.F.);
#1965=ORIENTED_EDGE('',*,*,#1460,.F.);
#1966=ORIENTED_EDGE('',*,*,#1461,.F.);
#1967=ORIENTED_EDGE('',*,*,#1462,.T.);
#1968=ORIENTED_EDGE('',*,*,#1423,.F.);
#1969=ORIENTED_EDGE('',*,*,#1463,.F.);
#1970=ORIENTED_EDGE('',*,*,#1464,.F.);
#1971=ORIENTED_EDGE('',*,*,#1460,.T.);
#1972=ORIENTED_EDGE('',*,*,#1444,.F.);
#1973=ORIENTED_EDGE('',*,*,#1465,.F.);
#1974=ORIENTED_EDGE('',*,*,#1466,.F.);
#1975=ORIENTED_EDGE('',*,*,#1463,.T.);
#1976=ORIENTED_EDGE('',*,*,#1442,.F.);
#1977=ORIENTED_EDGE('',*,*,#1467,.F.);
#1978=ORIENTED_EDGE('',*,*,#1468,.F.);
#1979=ORIENTED_EDGE('',*,*,#1465,.T.);
#1980=ORIENTED_EDGE('',*,*,#1439,.F.);
#1981=ORIENTED_EDGE('',*,*,#1469,.F.);
#1982=ORIENTED_EDGE('',*,*,#1470,.T.);
#1983=ORIENTED_EDGE('',*,*,#1467,.T.);
#1984=ORIENTED_EDGE('',*,*,#1436,.F.);
#1985=ORIENTED_EDGE('',*,*,#1471,.F.);
#1986=ORIENTED_EDGE('',*,*,#1472,.F.);
#1987=ORIENTED_EDGE('',*,*,#1469,.T.);
#1988=ORIENTED_EDGE('',*,*,#1427,.F.);
#1989=ORIENTED_EDGE('',*,*,#1473,.F.);
#1990=ORIENTED_EDGE('',*,*,#1474,.T.);
#1991=ORIENTED_EDGE('',*,*,#1471,.T.);
#1992=ORIENTED_EDGE('',*,*,#1433,.F.);
#1993=ORIENTED_EDGE('',*,*,#1475,.F.);
#1994=ORIENTED_EDGE('',*,*,#1476,.T.);
#1995=ORIENTED_EDGE('',*,*,#1473,.T.);
#1996=ORIENTED_EDGE('',*,*,#1445,.F.);
#1997=ORIENTED_EDGE('',*,*,#1477,.F.);
#1998=ORIENTED_EDGE('',*,*,#1478,.F.);
#1999=ORIENTED_EDGE('',*,*,#1475,.T.);
#2000=ORIENTED_EDGE('',*,*,#1420,.F.);
#2001=ORIENTED_EDGE('',*,*,#1454,.F.);
#2002=ORIENTED_EDGE('',*,*,#1479,.T.);
#2003=ORIENTED_EDGE('',*,*,#1477,.T.);
#2004=ORIENTED_EDGE('',*,*,#1480,.F.);
#2005=ORIENTED_EDGE('',*,*,#1452,.T.);
#2006=ORIENTED_EDGE('',*,*,#1456,.F.);
#2007=ORIENTED_EDGE('',*,*,#1459,.F.);
#2008=ORIENTED_EDGE('',*,*,#1449,.F.);
#2009=ORIENTED_EDGE('',*,*,#1462,.F.);
#2010=ORIENTED_EDGE('',*,*,#1481,.F.);
#2011=ORIENTED_EDGE('',*,*,#1457,.T.);
#2012=ORIENTED_EDGE('',*,*,#1481,.T.);
#2013=ORIENTED_EDGE('',*,*,#1461,.T.);
#2014=ORIENTED_EDGE('',*,*,#1464,.T.);
#2015=ORIENTED_EDGE('',*,*,#1466,.T.);
#2016=ORIENTED_EDGE('',*,*,#1468,.T.);
#2017=ORIENTED_EDGE('',*,*,#1470,.F.);
#2018=ORIENTED_EDGE('',*,*,#1472,.T.);
#2019=ORIENTED_EDGE('',*,*,#1474,.F.);
#2020=ORIENTED_EDGE('',*,*,#1476,.F.);
#2021=ORIENTED_EDGE('',*,*,#1478,.T.);
#2022=ORIENTED_EDGE('',*,*,#1479,.F.);
#2023=ORIENTED_EDGE('',*,*,#1453,.T.);
#2024=ORIENTED_EDGE('',*,*,#1480,.T.);
#2025=ORIENTED_EDGE('',*,*,#1458,.F.);
#2026=ORIENTED_EDGE('',*,*,#1482,.T.);
#2027=ORIENTED_EDGE('',*,*,#1483,.F.);
#2028=ORIENTED_EDGE('',*,*,#1484,.F.);
#2029=ORIENTED_EDGE('',*,*,#1485,.F.);
#2030=ORIENTED_EDGE('',*,*,#1486,.F.);
#2031=ORIENTED_EDGE('',*,*,#1487,.F.);
#2032=ORIENTED_EDGE('',*,*,#1488,.F.);
#2033=ORIENTED_EDGE('',*,*,#1489,.F.);
#2034=ORIENTED_EDGE('',*,*,#1490,.T.);
#2035=ORIENTED_EDGE('',*,*,#1482,.F.);
#2036=ORIENTED_EDGE('',*,*,#1491,.T.);
#2037=ORIENTED_EDGE('',*,*,#1492,.F.);
#2038=ORIENTED_EDGE('',*,*,#1493,.F.);
#2039=ORIENTED_EDGE('',*,*,#1489,.T.);
#2040=ORIENTED_EDGE('',*,*,#1494,.T.);
#2041=ORIENTED_EDGE('',*,*,#1495,.F.);
#2042=ORIENTED_EDGE('',*,*,#1491,.F.);
#2043=ORIENTED_EDGE('',*,*,#1488,.T.);
#2044=ORIENTED_EDGE('',*,*,#1496,.T.);
#2045=ORIENTED_EDGE('',*,*,#1497,.F.);
#2046=ORIENTED_EDGE('',*,*,#1494,.F.);
#2047=ORIENTED_EDGE('',*,*,#1498,.F.);
#2048=ORIENTED_EDGE('',*,*,#1499,.F.);
#2049=ORIENTED_EDGE('',*,*,#1496,.F.);
#2050=ORIENTED_EDGE('',*,*,#1487,.T.);
#2051=ORIENTED_EDGE('',*,*,#1500,.T.);
#2052=ORIENTED_EDGE('',*,*,#1501,.F.);
#2053=ORIENTED_EDGE('',*,*,#1500,.F.);
#2054=ORIENTED_EDGE('',*,*,#1486,.T.);
#2055=ORIENTED_EDGE('',*,*,#1502,.T.);
#2056=ORIENTED_EDGE('',*,*,#1484,.T.);
#2057=ORIENTED_EDGE('',*,*,#1503,.T.);
#2058=ORIENTED_EDGE('',*,*,#1504,.F.);
#2059=ORIENTED_EDGE('',*,*,#1505,.F.);
#2060=ORIENTED_EDGE('',*,*,#1483,.T.);
#2061=ORIENTED_EDGE('',*,*,#1493,.T.);
#2062=ORIENTED_EDGE('',*,*,#1506,.F.);
#2063=ORIENTED_EDGE('',*,*,#1503,.F.);
#2064=ORIENTED_EDGE('',*,*,#1507,.F.);
#2065=ORIENTED_EDGE('',*,*,#1508,.T.);
#2066=ORIENTED_EDGE('',*,*,#1490,.F.);
#2067=ORIENTED_EDGE('',*,*,#1508,.F.);
#2068=ORIENTED_EDGE('',*,*,#1509,.F.);
#2069=ORIENTED_EDGE('',*,*,#1502,.F.);
#2070=ORIENTED_EDGE('',*,*,#1485,.T.);
#2071=ORIENTED_EDGE('',*,*,#1505,.T.);
#2072=ORIENTED_EDGE('',*,*,#1510,.F.);
#2073=ORIENTED_EDGE('',*,*,#1511,.F.);
#2074=ORIENTED_EDGE('',*,*,#1510,.T.);
#2075=ORIENTED_EDGE('',*,*,#1504,.T.);
#2076=ORIENTED_EDGE('',*,*,#1506,.T.);
#2077=ORIENTED_EDGE('',*,*,#1492,.T.);
#2078=ORIENTED_EDGE('',*,*,#1495,.T.);
#2079=ORIENTED_EDGE('',*,*,#1497,.T.);
#2080=ORIENTED_EDGE('',*,*,#1499,.T.);
#2081=ORIENTED_EDGE('',*,*,#1507,.T.);
#2082=ORIENTED_EDGE('',*,*,#1509,.T.);
#2083=ORIENTED_EDGE('',*,*,#1511,.T.);
#2084=ORIENTED_EDGE('',*,*,#1498,.T.);
#2085=ORIENTED_EDGE('',*,*,#1501,.T.);
#2086=ORIENTED_EDGE('',*,*,#1512,.F.);
#2087=ORIENTED_EDGE('',*,*,#1513,.F.);
#2088=ORIENTED_EDGE('',*,*,#1514,.T.);
#2089=ORIENTED_EDGE('',*,*,#1515,.T.);
#2090=ORIENTED_EDGE('',*,*,#1514,.F.);
#2091=ORIENTED_EDGE('',*,*,#1515,.F.);
#2092=ORIENTED_EDGE('',*,*,#1516,.F.);
#2093=ORIENTED_EDGE('',*,*,#1517,.F.);
#2094=ORIENTED_EDGE('',*,*,#1518,.F.);
#2095=ORIENTED_EDGE('',*,*,#1519,.T.);
#2096=ORIENTED_EDGE('',*,*,#1520,.T.);
#2097=ORIENTED_EDGE('',*,*,#1519,.F.);
#2098=ORIENTED_EDGE('',*,*,#1520,.F.);
#2099=ORIENTED_EDGE('',*,*,#1521,.F.);
#2100=ORIENTED_EDGE('',*,*,#1522,.F.);
#2101=ORIENTED_EDGE('',*,*,#1523,.F.);
#2102=ORIENTED_EDGE('',*,*,#1524,.T.);
#2103=ORIENTED_EDGE('',*,*,#1525,.T.);
#2104=ORIENTED_EDGE('',*,*,#1524,.F.);
#2105=ORIENTED_EDGE('',*,*,#1525,.F.);
#2106=ORIENTED_EDGE('',*,*,#1526,.F.);
#2107=ORIENTED_EDGE('',*,*,#1527,.F.);
#2108=ORIENTED_EDGE('',*,*,#1528,.T.);
#2109=ORIENTED_EDGE('',*,*,#1521,.T.);
#2110=ORIENTED_EDGE('',*,*,#1528,.F.);
#2111=ORIENTED_EDGE('',*,*,#1529,.F.);
#2112=ORIENTED_EDGE('',*,*,#1530,.T.);
#2113=ORIENTED_EDGE('',*,*,#1526,.T.);
#2114=ORIENTED_EDGE('',*,*,#1530,.F.);
#2115=ORIENTED_EDGE('',*,*,#1531,.F.);
#2116=ORIENTED_EDGE('',*,*,#1532,.T.);
#2117=ORIENTED_EDGE('',*,*,#1516,.T.);
#2118=ORIENTED_EDGE('',*,*,#1532,.F.);
#2119=ORIENTED_EDGE('',*,*,#1533,.T.);
#2120=ORIENTED_EDGE('',*,*,#1534,.T.);
#2121=ORIENTED_EDGE('',*,*,#1535,.T.);
#2122=ORIENTED_EDGE('',*,*,#1536,.T.);
#2123=ORIENTED_EDGE('',*,*,#1537,.T.);
#2124=ORIENTED_EDGE('',*,*,#1536,.F.);
#2125=ORIENTED_EDGE('',*,*,#1538,.T.);
#2126=ORIENTED_EDGE('',*,*,#1539,.T.);
#2127=ORIENTED_EDGE('',*,*,#1540,.T.);
#2128=ORIENTED_EDGE('',*,*,#1539,.F.);
#2129=ORIENTED_EDGE('',*,*,#1541,.T.);
#2130=ORIENTED_EDGE('',*,*,#1542,.T.);
#2131=ORIENTED_EDGE('',*,*,#1543,.T.);
#2132=ORIENTED_EDGE('',*,*,#1542,.F.);
#2133=ORIENTED_EDGE('',*,*,#1544,.T.);
#2134=ORIENTED_EDGE('',*,*,#1545,.T.);
#2135=ORIENTED_EDGE('',*,*,#1546,.T.);
#2136=ORIENTED_EDGE('',*,*,#1545,.F.);
#2137=ORIENTED_EDGE('',*,*,#1547,.T.);
#2138=ORIENTED_EDGE('',*,*,#1548,.T.);
#2139=ORIENTED_EDGE('',*,*,#1549,.T.);
#2140=ORIENTED_EDGE('',*,*,#1548,.F.);
#2141=ORIENTED_EDGE('',*,*,#1550,.T.);
#2142=ORIENTED_EDGE('',*,*,#1551,.T.);
#2143=ORIENTED_EDGE('',*,*,#1552,.T.);
#2144=ORIENTED_EDGE('',*,*,#1551,.F.);
#2145=ORIENTED_EDGE('',*,*,#1553,.T.);
#2146=ORIENTED_EDGE('',*,*,#1554,.T.);
#2147=ORIENTED_EDGE('',*,*,#1555,.T.);
#2148=ORIENTED_EDGE('',*,*,#1554,.F.);
#2149=ORIENTED_EDGE('',*,*,#1556,.T.);
#2150=ORIENTED_EDGE('',*,*,#1557,.T.);
#2151=ORIENTED_EDGE('',*,*,#1558,.T.);
#2152=ORIENTED_EDGE('',*,*,#1557,.F.);
#2153=ORIENTED_EDGE('',*,*,#1559,.T.);
#2154=ORIENTED_EDGE('',*,*,#1560,.T.);
#2155=ORIENTED_EDGE('',*,*,#1561,.T.);
#2156=ORIENTED_EDGE('',*,*,#1560,.F.);
#2157=ORIENTED_EDGE('',*,*,#1562,.T.);
#2158=ORIENTED_EDGE('',*,*,#1563,.T.);
#2159=ORIENTED_EDGE('',*,*,#1564,.T.);
#2160=ORIENTED_EDGE('',*,*,#1565,.T.);
#2161=ORIENTED_EDGE('',*,*,#1566,.T.);
#2162=ORIENTED_EDGE('',*,*,#1563,.F.);
#2163=ORIENTED_EDGE('',*,*,#1564,.F.);
#2164=ORIENTED_EDGE('',*,*,#1562,.F.);
#2165=ORIENTED_EDGE('',*,*,#1559,.F.);
#2166=ORIENTED_EDGE('',*,*,#1556,.F.);
#2167=ORIENTED_EDGE('',*,*,#1553,.F.);
#2168=ORIENTED_EDGE('',*,*,#1550,.F.);
#2169=ORIENTED_EDGE('',*,*,#1547,.F.);
#2170=ORIENTED_EDGE('',*,*,#1544,.F.);
#2171=ORIENTED_EDGE('',*,*,#1541,.F.);
#2172=ORIENTED_EDGE('',*,*,#1538,.F.);
#2173=ORIENTED_EDGE('',*,*,#1535,.F.);
#2174=ORIENTED_EDGE('',*,*,#1567,.T.);
#2175=ORIENTED_EDGE('',*,*,#1568,.T.);
#2176=ORIENTED_EDGE('',*,*,#1569,.T.);
#2177=ORIENTED_EDGE('',*,*,#1534,.F.);
#2178=ORIENTED_EDGE('',*,*,#1570,.F.);
#2179=ORIENTED_EDGE('',*,*,#1571,.T.);
#2180=ORIENTED_EDGE('',*,*,#1572,.T.);
#2181=ORIENTED_EDGE('',*,*,#1567,.F.);
#2182=ORIENTED_EDGE('',*,*,#1561,.F.);
#2183=ORIENTED_EDGE('',*,*,#1573,.F.);
#2184=ORIENTED_EDGE('',*,*,#1574,.T.);
#2185=ORIENTED_EDGE('',*,*,#1575,.T.);
#2186=ORIENTED_EDGE('',*,*,#1566,.F.);
#2187=ORIENTED_EDGE('',*,*,#1576,.F.);
#2188=ORIENTED_EDGE('',*,*,#1577,.T.);
#2189=ORIENTED_EDGE('',*,*,#1573,.T.);
#2190=ORIENTED_EDGE('',*,*,#1565,.F.);
#2191=ORIENTED_EDGE('',*,*,#1569,.F.);
#2192=ORIENTED_EDGE('',*,*,#1578,.F.);
#2193=ORIENTED_EDGE('',*,*,#1579,.F.);
#2194=ORIENTED_EDGE('',*,*,#1576,.T.);
#2195=ORIENTED_EDGE('',*,*,#1580,.F.);
#2196=ORIENTED_EDGE('',*,*,#1578,.T.);
#2197=ORIENTED_EDGE('',*,*,#1568,.F.);
#2198=ORIENTED_EDGE('',*,*,#1572,.F.);
#2199=ORIENTED_EDGE('',*,*,#1512,.T.);
#2200=ORIENTED_EDGE('',*,*,#1513,.T.);
#2201=ORIENTED_EDGE('',*,*,#1517,.T.);
#2202=ORIENTED_EDGE('',*,*,#1518,.T.);
#2203=ORIENTED_EDGE('',*,*,#1522,.T.);
#2204=ORIENTED_EDGE('',*,*,#1523,.T.);
#2205=ORIENTED_EDGE('',*,*,#1533,.F.);
#2206=ORIENTED_EDGE('',*,*,#1581,.F.);
#2207=ORIENTED_EDGE('',*,*,#1582,.F.);
#2208=ORIENTED_EDGE('',*,*,#1570,.T.);
#2209=ORIENTED_EDGE('',*,*,#1537,.F.);
#2210=ORIENTED_EDGE('',*,*,#1583,.F.);
#2211=ORIENTED_EDGE('',*,*,#1584,.F.);
#2212=ORIENTED_EDGE('',*,*,#1581,.T.);
#2213=ORIENTED_EDGE('',*,*,#1540,.F.);
#2214=ORIENTED_EDGE('',*,*,#1585,.F.);
#2215=ORIENTED_EDGE('',*,*,#1586,.T.);
#2216=ORIENTED_EDGE('',*,*,#1583,.T.);
#2217=ORIENTED_EDGE('',*,*,#1543,.F.);
#2218=ORIENTED_EDGE('',*,*,#1587,.F.);
#2219=ORIENTED_EDGE('',*,*,#1588,.F.);
#2220=ORIENTED_EDGE('',*,*,#1585,.T.);
#2221=ORIENTED_EDGE('',*,*,#1546,.F.);
#2222=ORIENTED_EDGE('',*,*,#1589,.F.);
#2223=ORIENTED_EDGE('',*,*,#1590,.F.);
#2224=ORIENTED_EDGE('',*,*,#1587,.T.);
#2225=ORIENTED_EDGE('',*,*,#1549,.F.);
#2226=ORIENTED_EDGE('',*,*,#1591,.F.);
#2227=ORIENTED_EDGE('',*,*,#1592,.F.);
#2228=ORIENTED_EDGE('',*,*,#1589,.T.);
#2229=ORIENTED_EDGE('',*,*,#1527,.T.);
#2230=ORIENTED_EDGE('',*,*,#1529,.T.);
#2231=ORIENTED_EDGE('',*,*,#1531,.T.);
#2232=ORIENTED_EDGE('',*,*,#1552,.F.);
#2233=ORIENTED_EDGE('',*,*,#1593,.F.);
#2234=ORIENTED_EDGE('',*,*,#1594,.T.);
#2235=ORIENTED_EDGE('',*,*,#1591,.T.);
#2236=ORIENTED_EDGE('',*,*,#1555,.F.);
#2237=ORIENTED_EDGE('',*,*,#1595,.F.);
#2238=ORIENTED_EDGE('',*,*,#1596,.T.);
#2239=ORIENTED_EDGE('',*,*,#1593,.T.);
#2240=ORIENTED_EDGE('',*,*,#1558,.F.);
#2241=ORIENTED_EDGE('',*,*,#1575,.F.);
#2242=ORIENTED_EDGE('',*,*,#1597,.F.);
#2243=ORIENTED_EDGE('',*,*,#1595,.T.);
#2244=ORIENTED_EDGE('',*,*,#1597,.T.);
#2245=ORIENTED_EDGE('',*,*,#1574,.F.);
#2246=ORIENTED_EDGE('',*,*,#1577,.F.);
#2247=ORIENTED_EDGE('',*,*,#1579,.T.);
#2248=ORIENTED_EDGE('',*,*,#1580,.T.);
#2249=ORIENTED_EDGE('',*,*,#1571,.F.);
#2250=ORIENTED_EDGE('',*,*,#1582,.T.);
#2251=ORIENTED_EDGE('',*,*,#1584,.T.);
#2252=ORIENTED_EDGE('',*,*,#1586,.F.);
#2253=ORIENTED_EDGE('',*,*,#1588,.T.);
#2254=ORIENTED_EDGE('',*,*,#1590,.T.);
#2255=ORIENTED_EDGE('',*,*,#1592,.T.);
#2256=ORIENTED_EDGE('',*,*,#1594,.F.);
#2257=ORIENTED_EDGE('',*,*,#1596,.F.);
#2258=ORIENTED_EDGE('',*,*,#1598,.T.);
#2259=ORIENTED_EDGE('',*,*,#1599,.F.);
#2260=ORIENTED_EDGE('',*,*,#1600,.F.);
#2261=ORIENTED_EDGE('',*,*,#1601,.F.);
#2262=ORIENTED_EDGE('',*,*,#1602,.F.);
#2263=ORIENTED_EDGE('',*,*,#1603,.F.);
#2264=ORIENTED_EDGE('',*,*,#1604,.F.);
#2265=ORIENTED_EDGE('',*,*,#1605,.F.);
#2266=ORIENTED_EDGE('',*,*,#1606,.T.);
#2267=ORIENTED_EDGE('',*,*,#1598,.F.);
#2268=ORIENTED_EDGE('',*,*,#1607,.T.);
#2269=ORIENTED_EDGE('',*,*,#1608,.F.);
#2270=ORIENTED_EDGE('',*,*,#1609,.F.);
#2271=ORIENTED_EDGE('',*,*,#1605,.T.);
#2272=ORIENTED_EDGE('',*,*,#1610,.T.);
#2273=ORIENTED_EDGE('',*,*,#1611,.F.);
#2274=ORIENTED_EDGE('',*,*,#1607,.F.);
#2275=ORIENTED_EDGE('',*,*,#1604,.T.);
#2276=ORIENTED_EDGE('',*,*,#1612,.T.);
#2277=ORIENTED_EDGE('',*,*,#1613,.F.);
#2278=ORIENTED_EDGE('',*,*,#1610,.F.);
#2279=ORIENTED_EDGE('',*,*,#1614,.F.);
#2280=ORIENTED_EDGE('',*,*,#1615,.F.);
#2281=ORIENTED_EDGE('',*,*,#1612,.F.);
#2282=ORIENTED_EDGE('',*,*,#1603,.T.);
#2283=ORIENTED_EDGE('',*,*,#1616,.T.);
#2284=ORIENTED_EDGE('',*,*,#1617,.F.);
#2285=ORIENTED_EDGE('',*,*,#1616,.F.);
#2286=ORIENTED_EDGE('',*,*,#1602,.T.);
#2287=ORIENTED_EDGE('',*,*,#1618,.T.);
#2288=ORIENTED_EDGE('',*,*,#1600,.T.);
#2289=ORIENTED_EDGE('',*,*,#1619,.T.);
#2290=ORIENTED_EDGE('',*,*,#1620,.F.);
#2291=ORIENTED_EDGE('',*,*,#1621,.F.);
#2292=ORIENTED_EDGE('',*,*,#1599,.T.);
#2293=ORIENTED_EDGE('',*,*,#1609,.T.);
#2294=ORIENTED_EDGE('',*,*,#1622,.F.);
#2295=ORIENTED_EDGE('',*,*,#1619,.F.);
#2296=ORIENTED_EDGE('',*,*,#1623,.F.);
#2297=ORIENTED_EDGE('',*,*,#1624,.T.);
#2298=ORIENTED_EDGE('',*,*,#1606,.F.);
#2299=ORIENTED_EDGE('',*,*,#1624,.F.);
#2300=ORIENTED_EDGE('',*,*,#1625,.F.);
#2301=ORIENTED_EDGE('',*,*,#1618,.F.);
#2302=ORIENTED_EDGE('',*,*,#1601,.T.);
#2303=ORIENTED_EDGE('',*,*,#1621,.T.);
#2304=ORIENTED_EDGE('',*,*,#1626,.F.);
#2305=ORIENTED_EDGE('',*,*,#1627,.F.);
#2306=ORIENTED_EDGE('',*,*,#1626,.T.);
#2307=ORIENTED_EDGE('',*,*,#1620,.T.);
#2308=ORIENTED_EDGE('',*,*,#1622,.T.);
#2309=ORIENTED_EDGE('',*,*,#1608,.T.);
#2310=ORIENTED_EDGE('',*,*,#1611,.T.);
#2311=ORIENTED_EDGE('',*,*,#1613,.T.);
#2312=ORIENTED_EDGE('',*,*,#1615,.T.);
#2313=ORIENTED_EDGE('',*,*,#1623,.T.);
#2314=ORIENTED_EDGE('',*,*,#1625,.T.);
#2315=ORIENTED_EDGE('',*,*,#1627,.T.);
#2316=ORIENTED_EDGE('',*,*,#1614,.T.);
#2317=ORIENTED_EDGE('',*,*,#1617,.T.);
#2318=CYLINDRICAL_SURFACE('',#2525,1.7);
#2319=CYLINDRICAL_SURFACE('',#2528,1.7);
#2320=CYLINDRICAL_SURFACE('',#2531,1.7);
#2321=CYLINDRICAL_SURFACE('',#2534,1.7);
#2322=CYLINDRICAL_SURFACE('',#2537,11.);
#2323=CYLINDRICAL_SURFACE('',#2543,4.1);
#2324=CYLINDRICAL_SURFACE('',#2546,2.75);
#2325=CYLINDRICAL_SURFACE('',#2549,2.75);
#2326=CYLINDRICAL_SURFACE('',#2557,4.1);
#2327=CYLINDRICAL_SURFACE('',#2560,2.75);
#2328=CYLINDRICAL_SURFACE('',#2563,2.75);
#2329=CYLINDRICAL_SURFACE('',#2571,4.25);
#2330=CYLINDRICAL_SURFACE('',#2573,4.25);
#2331=CYLINDRICAL_SURFACE('',#2576,4.1);
#2332=CYLINDRICAL_SURFACE('',#2579,2.75);
#2333=CYLINDRICAL_SURFACE('',#2582,2.75);
#2334=CYLINDRICAL_SURFACE('',#2587,4.1);
#2335=CYLINDRICAL_SURFACE('',#2590,2.75);
#2336=CYLINDRICAL_SURFACE('',#2593,2.75);
#2337=CYLINDRICAL_SURFACE('',#2602,1.75000000000001);
#2338=CYLINDRICAL_SURFACE('',#2605,1.75000000000001);
#2339=CYLINDRICAL_SURFACE('',#2608,1.75000000000001);
#2340=CYLINDRICAL_SURFACE('',#2611,1.75000000000001);
#2341=CYLINDRICAL_SURFACE('',#2614,1.75000000000001);
#2342=CYLINDRICAL_SURFACE('',#2623,2.);
#2343=CYLINDRICAL_SURFACE('',#2626,2.);
#2344=CYLINDRICAL_SURFACE('',#2629,2.);
#2345=CYLINDRICAL_SURFACE('',#2632,2.);
#2346=CYLINDRICAL_SURFACE('',#2638,2.);
#2347=CYLINDRICAL_SURFACE('',#2644,2.);
#2348=CYLINDRICAL_SURFACE('',#2647,2.);
#2349=CYLINDRICAL_SURFACE('',#2656,2.00000000000001);
#2350=CYLINDRICAL_SURFACE('',#2660,5.99999999999996);
#2351=CYLINDRICAL_SURFACE('',#2663,6.);
#2352=CYLINDRICAL_SURFACE('',#2667,2.00000000000001);
#2353=CYLINDRICAL_SURFACE('',#2670,22.7);
#2354=CYLINDRICAL_SURFACE('',#2680,22.7);
#2355=CYLINDRICAL_SURFACE('',#2683,1.75);
#2356=CYLINDRICAL_SURFACE('',#2686,11.);
#2357=CYLINDRICAL_SURFACE('',#2688,1.75);
#2358=CYLINDRICAL_SURFACE('',#2691,1.75);
#2359=CYLINDRICAL_SURFACE('',#2697,3.);
#2360=CYLINDRICAL_SURFACE('',#2701,3.);
#2361=CYLINDRICAL_SURFACE('',#2705,3.);
#2362=CYLINDRICAL_SURFACE('',#2709,1.7);
#2363=CYLINDRICAL_SURFACE('',#2711,1.7);
#2364=CYLINDRICAL_SURFACE('',#2713,1.7);
#2365=CYLINDRICAL_SURFACE('',#2715,2.);
#2366=CYLINDRICAL_SURFACE('',#2718,2.);
#2367=CYLINDRICAL_SURFACE('',#2720,2.);
#2368=CYLINDRICAL_SURFACE('',#2722,2.);
#2369=CYLINDRICAL_SURFACE('',#2724,2.);
#2370=CYLINDRICAL_SURFACE('',#2726,2.);
#2371=CYLINDRICAL_SURFACE('',#2728,2.);
#2372=CYLINDRICAL_SURFACE('',#2730,2.);
#2373=CYLINDRICAL_SURFACE('',#2732,2.);
#2374=CYLINDRICAL_SURFACE('',#2734,2.);
#2375=CYLINDRICAL_SURFACE('',#2736,2.);
#2376=CYLINDRICAL_SURFACE('',#2744,22.7);
#2377=CYLINDRICAL_SURFACE('',#2762,22.7);
#2378=CYLINDRICAL_SURFACE('',#2765,1.75);
#2379=CYLINDRICAL_SURFACE('',#2768,11.);
#2380=CYLINDRICAL_SURFACE('',#2770,1.75);
#2381=CYLINDRICAL_SURFACE('',#2773,1.75);
#2382=ADVANCED_FACE('',(#187),#2318,.F.);
#2383=ADVANCED_FACE('',(#188),#2319,.F.);
#2384=ADVANCED_FACE('',(#189),#2320,.F.);
#2385=ADVANCED_FACE('',(#190),#2321,.F.);
#2386=ADVANCED_FACE('',(#191),#2322,.F.);
#2387=ADVANCED_FACE('',(#192,#61),#121,.T.);
#2388=ADVANCED_FACE('',(#193),#122,.T.);
#2389=ADVANCED_FACE('',(#194),#2323,.F.);
#2390=ADVANCED_FACE('',(#195),#2324,.F.);
#2391=ADVANCED_FACE('',(#196),#2325,.F.);
#2392=ADVANCED_FACE('',(#197),#123,.T.);
#2393=ADVANCED_FACE('',(#198),#124,.T.);
#2394=ADVANCED_FACE('',(#199,#62,#63,#64),#125,.T.);
#2395=ADVANCED_FACE('',(#200,#65,#66,#67),#126,.F.);
#2396=ADVANCED_FACE('',(#201),#127,.T.);
#2397=ADVANCED_FACE('',(#202),#2326,.F.);
#2398=ADVANCED_FACE('',(#203),#2327,.F.);
#2399=ADVANCED_FACE('',(#204),#2328,.F.);
#2400=ADVANCED_FACE('',(#205),#128,.T.);
#2401=ADVANCED_FACE('',(#206),#129,.T.);
#2402=ADVANCED_FACE('',(#207),#130,.T.);
#2403=ADVANCED_FACE('',(#208,#68,#69,#70),#131,.T.);
#2404=ADVANCED_FACE('',(#209,#71,#72,#73),#132,.F.);
#2405=ADVANCED_FACE('',(#210),#2329,.F.);
#2406=ADVANCED_FACE('',(#211),#2330,.F.);
#2407=ADVANCED_FACE('',(#212),#2331,.F.);
#2408=ADVANCED_FACE('',(#213),#2332,.F.);
#2409=ADVANCED_FACE('',(#214),#2333,.F.);
#2410=ADVANCED_FACE('',(#215),#133,.T.);
#2411=ADVANCED_FACE('',(#216),#134,.T.);
#2412=ADVANCED_FACE('',(#217),#2334,.F.);
#2413=ADVANCED_FACE('',(#218),#2335,.F.);
#2414=ADVANCED_FACE('',(#219),#2336,.F.);
#2415=ADVANCED_FACE('',(#220),#135,.T.);
#2416=ADVANCED_FACE('',(#221),#136,.T.);
#2417=ADVANCED_FACE('',(#222,#74,#75,#76,#77,#78,#79,#80),#137,.T.);
#2418=ADVANCED_FACE('',(#223),#138,.T.);
#2419=ADVANCED_FACE('',(#224,#81,#82,#83,#84,#85),#139,.T.);
#2420=ADVANCED_FACE('',(#225),#140,.T.);
#2421=ADVANCED_FACE('',(#226),#2337,.F.);
#2422=ADVANCED_FACE('',(#227),#2338,.F.);
#2423=ADVANCED_FACE('',(#228),#2339,.F.);
#2424=ADVANCED_FACE('',(#229),#2340,.F.);
#2425=ADVANCED_FACE('',(#230),#2341,.F.);
#2426=ADVANCED_FACE('',(#231,#86,#87,#88,#89,#90),#141,.T.);
#2427=ADVANCED_FACE('',(#232),#142,.T.);
#2428=ADVANCED_FACE('',(#233,#91,#92,#93,#94,#95,#96,#97),#143,.T.);
#2429=ADVANCED_FACE('',(#234,#98,#99,#100,#101,#102),#144,.T.);
#2430=ADVANCED_FACE('',(#235,#103,#104,#105,#106,#107),#145,.F.);
#2431=ADVANCED_FACE('',(#236),#2342,.T.);
#2432=ADVANCED_FACE('',(#237),#2343,.T.);
#2433=ADVANCED_FACE('',(#238),#2344,.T.);
#2434=ADVANCED_FACE('',(#239),#2345,.T.);
#2435=ADVANCED_FACE('',(#240),#31,.T.);
#2436=ADVANCED_FACE('',(#241),#2346,.T.);
#2437=ADVANCED_FACE('',(#242),#32,.T.);
#2438=ADVANCED_FACE('',(#243),#2347,.T.);
#2439=ADVANCED_FACE('',(#244),#29,.T.);
#2440=ADVANCED_FACE('',(#245),#2348,.T.);
#2441=ADVANCED_FACE('',(#246),#30,.T.);
#2442=ADVANCED_FACE('',(#247),#146,.T.);
#2443=ADVANCED_FACE('',(#248),#147,.F.);
#2444=ADVANCED_FACE('',(#249),#148,.T.);
#2445=ADVANCED_FACE('',(#250),#2349,.T.);
#2446=ADVANCED_FACE('',(#251),#149,.T.);
#2447=ADVANCED_FACE('',(#252),#150,.T.);
#2448=ADVANCED_FACE('',(#253),#2350,.T.);
#2449=ADVANCED_FACE('',(#254),#151,.T.);
#2450=ADVANCED_FACE('',(#255),#2351,.T.);
#2451=ADVANCED_FACE('',(#256),#152,.T.);
#2452=ADVANCED_FACE('',(#257),#153,.T.);
#2453=ADVANCED_FACE('',(#258),#2352,.T.);
#2454=ADVANCED_FACE('',(#259),#154,.T.);
#2455=ADVANCED_FACE('',(#260),#2353,.F.);
#2456=ADVANCED_FACE('',(#261),#155,.T.);
#2457=ADVANCED_FACE('',(#262),#156,.T.);
#2458=ADVANCED_FACE('',(#263,#108),#157,.T.);
#2459=ADVANCED_FACE('',(#264),#2354,.T.);
#2460=ADVANCED_FACE('',(#265),#158,.T.);
#2461=ADVANCED_FACE('',(#266),#2355,.F.);
#2462=ADVANCED_FACE('',(#267),#159,.T.);
#2463=ADVANCED_FACE('',(#268),#2356,.F.);
#2464=ADVANCED_FACE('',(#269),#2357,.F.);
#2465=ADVANCED_FACE('',(#270),#160,.T.);
#2466=ADVANCED_FACE('',(#271),#2358,.F.);
#2467=ADVANCED_FACE('',(#272),#161,.T.);
#2468=ADVANCED_FACE('',(#273,#109),#162,.F.);
#2469=ADVANCED_FACE('',(#274),#33,.T.);
#2470=ADVANCED_FACE('',(#275),#2359,.F.);
#2471=ADVANCED_FACE('',(#276,#110),#163,.T.);
#2472=ADVANCED_FACE('',(#277),#2360,.F.);
#2473=ADVANCED_FACE('',(#278,#111),#164,.T.);
#2474=ADVANCED_FACE('',(#279),#2361,.F.);
#2475=ADVANCED_FACE('',(#280,#112),#165,.T.);
#2476=ADVANCED_FACE('',(#281),#2362,.F.);
#2477=ADVANCED_FACE('',(#282),#2363,.F.);
#2478=ADVANCED_FACE('',(#283),#2364,.F.);
#2479=ADVANCED_FACE('',(#284),#2365,.T.);
#2480=ADVANCED_FACE('',(#285),#2366,.T.);
#2481=ADVANCED_FACE('',(#286),#2367,.T.);
#2482=ADVANCED_FACE('',(#287),#2368,.T.);
#2483=ADVANCED_FACE('',(#288),#2369,.T.);
#2484=ADVANCED_FACE('',(#289),#2370,.T.);
#2485=ADVANCED_FACE('',(#290),#2371,.T.);
#2486=ADVANCED_FACE('',(#291),#2372,.T.);
#2487=ADVANCED_FACE('',(#292),#2373,.T.);
#2488=ADVANCED_FACE('',(#293),#2374,.T.);
#2489=ADVANCED_FACE('',(#294),#2375,.T.);
#2490=ADVANCED_FACE('',(#295),#166,.F.);
#2491=ADVANCED_FACE('',(#296),#167,.T.);
#2492=ADVANCED_FACE('',(#297),#168,.T.);
#2493=ADVANCED_FACE('',(#298),#169,.T.);
#2494=ADVANCED_FACE('',(#299),#170,.T.);
#2495=ADVANCED_FACE('',(#300,#113,#114,#115),#2376,.F.);
#2496=ADVANCED_FACE('',(#301),#171,.T.);
#2497=ADVANCED_FACE('',(#302),#172,.T.);
#2498=ADVANCED_FACE('',(#303),#173,.T.);
#2499=ADVANCED_FACE('',(#304),#174,.T.);
#2500=ADVANCED_FACE('',(#305),#175,.T.);
#2501=ADVANCED_FACE('',(#306,#116,#117,#118),#176,.T.);
#2502=ADVANCED_FACE('',(#307),#177,.T.);
#2503=ADVANCED_FACE('',(#308),#178,.T.);
#2504=ADVANCED_FACE('',(#309),#179,.T.);
#2505=ADVANCED_FACE('',(#310),#180,.T.);
#2506=ADVANCED_FACE('',(#311,#119),#181,.T.);
#2507=ADVANCED_FACE('',(#312),#2377,.T.);
#2508=ADVANCED_FACE('',(#313),#182,.T.);
#2509=ADVANCED_FACE('',(#314),#2378,.F.);
#2510=ADVANCED_FACE('',(#315),#183,.T.);
#2511=ADVANCED_FACE('',(#316),#2379,.F.);
#2512=ADVANCED_FACE('',(#317),#2380,.F.);
#2513=ADVANCED_FACE('',(#318),#184,.T.);
#2514=ADVANCED_FACE('',(#319),#2381,.F.);
#2515=ADVANCED_FACE('',(#320),#185,.T.);
#2516=ADVANCED_FACE('',(#321,#120),#186,.F.);
#2517=ADVANCED_FACE('',(#322),#34,.T.);
#2518=CLOSED_SHELL('',(#2382,#2383,#2384,#2385,#2386,#2387,#2388,#2389,
#2390,#2391,#2392,#2393,#2394,#2395,#2396,#2397,#2398,#2399,#2400,#2401,
#2402,#2403,#2404,#2405,#2406,#2407,#2408,#2409,#2410,#2411,#2412,#2413,
#2414,#2415,#2416,#2417,#2418,#2419,#2420,#2421,#2422,#2423,#2424,#2425,
#2426,#2427,#2428,#2429,#2430));
#2519=CLOSED_SHELL('',(#2431,#2432,#2433,#2434,#2435,#2436,#2437,#2438,
#2439,#2440,#2441,#2442,#2443,#2444,#2445,#2446,#2447,#2448,#2449,#2450,
#2451,#2452,#2453,#2454,#2455,#2456,#2457));
#2520=CLOSED_SHELL('',(#2458,#2459,#2460,#2461,#2462,#2463,#2464,#2465,
#2466,#2467,#2468,#2469));
#2521=CLOSED_SHELL('',(#2470,#2471,#2472,#2473,#2474,#2475,#2476,#2477,
#2478,#2479,#2480,#2481,#2482,#2483,#2484,#2485,#2486,#2487,#2488,#2489,
#2490,#2491,#2492,#2493,#2494,#2495,#2496,#2497,#2498,#2499,#2500,#2501,
#2502,#2503,#2504,#2505));
#2522=CLOSED_SHELL('',(#2506,#2507,#2508,#2509,#2510,#2511,#2512,#2513,
#2514,#2515,#2516,#2517));
#2523=AXIS2_PLACEMENT_3D('',#3515,#2781,#2782);
#2524=AXIS2_PLACEMENT_3D('',#3516,#2783,#2784);
#2525=AXIS2_PLACEMENT_3D('',#3517,#2785,#2786);
#2526=AXIS2_PLACEMENT_3D('',#3519,#2787,#2788);
#2527=AXIS2_PLACEMENT_3D('',#3522,#2790,#2791);
#2528=AXIS2_PLACEMENT_3D('',#3523,#2792,#2793);
#2529=AXIS2_PLACEMENT_3D('',#3525,#2794,#2795);
#2530=AXIS2_PLACEMENT_3D('',#3528,#2797,#2798);
#2531=AXIS2_PLACEMENT_3D('',#3529,#2799,#2800);
#2532=AXIS2_PLACEMENT_3D('',#3531,#2801,#2802);
#2533=AXIS2_PLACEMENT_3D('',#3534,#2804,#2805);
#2534=AXIS2_PLACEMENT_3D('',#3535,#2806,#2807);
#2535=AXIS2_PLACEMENT_3D('',#3537,#2808,#2809);
#2536=AXIS2_PLACEMENT_3D('',#3540,#2811,#2812);
#2537=AXIS2_PLACEMENT_3D('',#3541,#2813,#2814);
#2538=AXIS2_PLACEMENT_3D('',#3543,#2815,#2816);
#2539=AXIS2_PLACEMENT_3D('',#3546,#2818,#2819);
#2540=AXIS2_PLACEMENT_3D('',#3547,#2820,#2821);
#2541=AXIS2_PLACEMENT_3D('',#3549,#2822,#2823);
#2542=AXIS2_PLACEMENT_3D('',#3550,#2824,#2825);
#2543=AXIS2_PLACEMENT_3D('',#3559,#2830,#2831);
#2544=AXIS2_PLACEMENT_3D('',#3561,#2832,#2833);
#2545=AXIS2_PLACEMENT_3D('',#3564,#2835,#2836);
#2546=AXIS2_PLACEMENT_3D('',#3565,#2837,#2838);
#2547=AXIS2_PLACEMENT_3D('',#3567,#2839,#2840);
#2548=AXIS2_PLACEMENT_3D('',#3570,#2842,#2843);
#2549=AXIS2_PLACEMENT_3D('',#3571,#2844,#2845);
#2550=AXIS2_PLACEMENT_3D('',#3573,#2846,#2847);
#2551=AXIS2_PLACEMENT_3D('',#3576,#2849,#2850);
#2552=AXIS2_PLACEMENT_3D('',#3577,#2851,#2852);
#2553=AXIS2_PLACEMENT_3D('',#3585,#2857,#2858);
#2554=AXIS2_PLACEMENT_3D('',#3591,#2862,#2863);
#2555=AXIS2_PLACEMENT_3D('',#3593,#2865,#2866);
#2556=AXIS2_PLACEMENT_3D('',#3597,#2869,#2870);
#2557=AXIS2_PLACEMENT_3D('',#3613,#2879,#2880);
#2558=AXIS2_PLACEMENT_3D('',#3615,#2881,#2882);
#2559=AXIS2_PLACEMENT_3D('',#3618,#2884,#2885);
#2560=AXIS2_PLACEMENT_3D('',#3619,#2886,#2887);
#2561=AXIS2_PLACEMENT_3D('',#3621,#2888,#2889);
#2562=AXIS2_PLACEMENT_3D('',#3624,#2891,#2892);
#2563=AXIS2_PLACEMENT_3D('',#3625,#2893,#2894);
#2564=AXIS2_PLACEMENT_3D('',#3627,#2895,#2896);
#2565=AXIS2_PLACEMENT_3D('',#3630,#2898,#2899);
#2566=AXIS2_PLACEMENT_3D('',#3631,#2900,#2901);
#2567=AXIS2_PLACEMENT_3D('',#3640,#2906,#2907);
#2568=AXIS2_PLACEMENT_3D('',#3649,#2912,#2913);
#2569=AXIS2_PLACEMENT_3D('',#3654,#2917,#2918);
#2570=AXIS2_PLACEMENT_3D('',#3656,#2920,#2921);
#2571=AXIS2_PLACEMENT_3D('',#3660,#2924,#2925);
#2572=AXIS2_PLACEMENT_3D('',#3663,#2927,#2928);
#2573=AXIS2_PLACEMENT_3D('',#3664,#2929,#2930);
#2574=AXIS2_PLACEMENT_3D('',#3666,#2931,#2932);
#2575=AXIS2_PLACEMENT_3D('',#3669,#2934,#2935);
#2576=AXIS2_PLACEMENT_3D('',#3670,#2936,#2937);
#2577=AXIS2_PLACEMENT_3D('',#3672,#2938,#2939);
#2578=AXIS2_PLACEMENT_3D('',#3675,#2941,#2942);
#2579=AXIS2_PLACEMENT_3D('',#3676,#2943,#2944);
#2580=AXIS2_PLACEMENT_3D('',#3678,#2945,#2946);
#2581=AXIS2_PLACEMENT_3D('',#3681,#2948,#2949);
#2582=AXIS2_PLACEMENT_3D('',#3682,#2950,#2951);
#2583=AXIS2_PLACEMENT_3D('',#3684,#2952,#2953);
#2584=AXIS2_PLACEMENT_3D('',#3687,#2955,#2956);
#2585=AXIS2_PLACEMENT_3D('',#3688,#2957,#2958);
#2586=AXIS2_PLACEMENT_3D('',#3694,#2962,#2963);
#2587=AXIS2_PLACEMENT_3D('',#3700,#2967,#2968);
#2588=AXIS2_PLACEMENT_3D('',#3702,#2969,#2970);
#2589=AXIS2_PLACEMENT_3D('',#3705,#2972,#2973);
#2590=AXIS2_PLACEMENT_3D('',#3706,#2974,#2975);
#2591=AXIS2_PLACEMENT_3D('',#3708,#2976,#2977);
#2592=AXIS2_PLACEMENT_3D('',#3711,#2979,#2980);
#2593=AXIS2_PLACEMENT_3D('',#3712,#2981,#2982);
#2594=AXIS2_PLACEMENT_3D('',#3714,#2983,#2984);
#2595=AXIS2_PLACEMENT_3D('',#3717,#2986,#2987);
#2596=AXIS2_PLACEMENT_3D('',#3718,#2988,#2989);
#2597=AXIS2_PLACEMENT_3D('',#3727,#2994,#2995);
#2598=AXIS2_PLACEMENT_3D('',#3733,#2999,#3000);
#2599=AXIS2_PLACEMENT_3D('',#3738,#3004,#3005);
#2600=AXIS2_PLACEMENT_3D('',#3740,#3007,#3008);
#2601=AXIS2_PLACEMENT_3D('',#3746,#3012,#3013);
#2602=AXIS2_PLACEMENT_3D('',#3749,#3016,#3017);
#2603=AXIS2_PLACEMENT_3D('',#3751,#3018,#3019);
#2604=AXIS2_PLACEMENT_3D('',#3754,#3021,#3022);
#2605=AXIS2_PLACEMENT_3D('',#3755,#3023,#3024);
#2606=AXIS2_PLACEMENT_3D('',#3757,#3025,#3026);
#2607=AXIS2_PLACEMENT_3D('',#3760,#3028,#3029);
#2608=AXIS2_PLACEMENT_3D('',#3761,#3030,#3031);
#2609=AXIS2_PLACEMENT_3D('',#3763,#3032,#3033);
#2610=AXIS2_PLACEMENT_3D('',#3766,#3035,#3036);
#2611=AXIS2_PLACEMENT_3D('',#3767,#3037,#3038);
#2612=AXIS2_PLACEMENT_3D('',#3769,#3039,#3040);
#2613=AXIS2_PLACEMENT_3D('',#3772,#3042,#3043);
#2614=AXIS2_PLACEMENT_3D('',#3773,#3044,#3045);
#2615=AXIS2_PLACEMENT_3D('',#3775,#3046,#3047);
#2616=AXIS2_PLACEMENT_3D('',#3778,#3049,#3050);
#2617=AXIS2_PLACEMENT_3D('',#3779,#3051,#3052);
#2618=AXIS2_PLACEMENT_3D('',#3783,#3055,#3056);
#2619=AXIS2_PLACEMENT_3D('',#3788,#3060,#3061);
#2620=AXIS2_PLACEMENT_3D('',#3790,#3063,#3064);
#2621=AXIS2_PLACEMENT_3D('',#3791,#3065,#3066);
#2622=AXIS2_PLACEMENT_3D('',#3792,#3067,#3068);
#2623=AXIS2_PLACEMENT_3D('',#3793,#3069,#3070);
#2624=AXIS2_PLACEMENT_3D('',#3796,#3071,#3072);
#2625=AXIS2_PLACEMENT_3D('',#3800,#3074,#3075);
#2626=AXIS2_PLACEMENT_3D('',#3802,#3077,#3078);
#2627=AXIS2_PLACEMENT_3D('',#3807,#3080,#3081);
#2628=AXIS2_PLACEMENT_3D('',#3810,#3083,#3084);
#2629=AXIS2_PLACEMENT_3D('',#3811,#3085,#3086);
#2630=AXIS2_PLACEMENT_3D('',#3816,#3088,#3089);
#2631=AXIS2_PLACEMENT_3D('',#3819,#3091,#3092);
#2632=AXIS2_PLACEMENT_3D('',#3820,#3093,#3094);
#2633=AXIS2_PLACEMENT_3D('',#3823,#3096,#3097);
#2634=AXIS2_PLACEMENT_3D('',#3825,#3099,#3100);
#2635=AXIS2_PLACEMENT_3D('',#3828,#3101,#3102);
#2636=AXIS2_PLACEMENT_3D('',#3829,#3103,#3104);
#2637=AXIS2_PLACEMENT_3D('',#3830,#3105,#3106);
#2638=AXIS2_PLACEMENT_3D('',#3831,#3107,#3108);
#2639=AXIS2_PLACEMENT_3D('',#3834,#3109,#3110);
#2640=AXIS2_PLACEMENT_3D('',#3837,#3113,#3114);
#2641=AXIS2_PLACEMENT_3D('',#3840,#3115,#3116);
#2642=AXIS2_PLACEMENT_3D('',#3841,#3117,#3118);
#2643=AXIS2_PLACEMENT_3D('',#3842,#3119,#3120);
#2644=AXIS2_PLACEMENT_3D('',#3843,#3121,#3122);
#2645=AXIS2_PLACEMENT_3D('',#3846,#3125,#3126);
#2646=AXIS2_PLACEMENT_3D('',#3847,#3127,#3128);
#2647=AXIS2_PLACEMENT_3D('',#3848,#3129,#3130);
#2648=AXIS2_PLACEMENT_3D('',#3851,#3131,#3132);
#2649=AXIS2_PLACEMENT_3D('',#3854,#3134,#3135);
#2650=AXIS2_PLACEMENT_3D('',#3856,#3137,#3138);
#2651=AXIS2_PLACEMENT_3D('',#3857,#3139,#3140);
#2652=AXIS2_PLACEMENT_3D('',#3858,#3141,#3142);
#2653=AXIS2_PLACEMENT_3D('',#3866,#3147,#3148);
#2654=AXIS2_PLACEMENT_3D('',#3869,#3150,#3151);
#2655=AXIS2_PLACEMENT_3D('',#3870,#3152,#3153);
#2656=AXIS2_PLACEMENT_3D('',#3876,#3157,#3158);
#2657=AXIS2_PLACEMENT_3D('',#3880,#3160,#3161);
#2658=AXIS2_PLACEMENT_3D('',#3882,#3163,#3164);
#2659=AXIS2_PLACEMENT_3D('',#3886,#3167,#3168);
#2660=AXIS2_PLACEMENT_3D('',#3890,#3171,#3172);
#2661=AXIS2_PLACEMENT_3D('',#3893,#3174,#3175);
#2662=AXIS2_PLACEMENT_3D('',#3894,#3176,#3177);
#2663=AXIS2_PLACEMENT_3D('',#3898,#3180,#3181);
#2664=AXIS2_PLACEMENT_3D('',#3901,#3183,#3184);
#2665=AXIS2_PLACEMENT_3D('',#3902,#3185,#3186);
#2666=AXIS2_PLACEMENT_3D('',#3906,#3189,#3190);
#2667=AXIS2_PLACEMENT_3D('',#3910,#3193,#3194);
#2668=AXIS2_PLACEMENT_3D('',#3913,#3196,#3197);
#2669=AXIS2_PLACEMENT_3D('',#3914,#3198,#3199);
#2670=AXIS2_PLACEMENT_3D('',#3916,#3201,#3202);
#2671=AXIS2_PLACEMENT_3D('',#3917,#3203,#3204);
#2672=AXIS2_PLACEMENT_3D('',#3918,#3205,#3206);
#2673=AXIS2_PLACEMENT_3D('',#3920,#3208,#3209);
#2674=AXIS2_PLACEMENT_3D('',#3921,#3210,#3211);
#2675=AXIS2_PLACEMENT_3D('',#3924,#3212,#3213);
#2676=AXIS2_PLACEMENT_3D('',#3928,#3215,#3216);
#2677=AXIS2_PLACEMENT_3D('',#3932,#3218,#3219);
#2678=AXIS2_PLACEMENT_3D('',#3936,#3221,#3222);
#2679=AXIS2_PLACEMENT_3D('',#3939,#3224,#3225);
#2680=AXIS2_PLACEMENT_3D('',#3940,#3226,#3227);
#2681=AXIS2_PLACEMENT_3D('',#3944,#3229,#3230);
#2682=AXIS2_PLACEMENT_3D('',#3946,#3232,#3233);
#2683=AXIS2_PLACEMENT_3D('',#3950,#3236,#3237);
#2684=AXIS2_PLACEMENT_3D('',#3953,#3239,#3240);
#2685=AXIS2_PLACEMENT_3D('',#3954,#3241,#3242);
#2686=AXIS2_PLACEMENT_3D('',#3969,#3245,#3246);
#2687=AXIS2_PLACEMENT_3D('',#3971,#3247,#3248);
#2688=AXIS2_PLACEMENT_3D('',#3973,#3250,#3251);
#2689=AXIS2_PLACEMENT_3D('',#3977,#3253,#3254);
#2690=AXIS2_PLACEMENT_3D('',#3979,#3256,#3257);
#2691=AXIS2_PLACEMENT_3D('',#3981,#3259,#3260);
#2692=AXIS2_PLACEMENT_3D('',#3983,#3261,#3262);
#2693=AXIS2_PLACEMENT_3D('',#3985,#3264,#3265);
#2694=AXIS2_PLACEMENT_3D('',#3998,#3267,#3268);
#2695=AXIS2_PLACEMENT_3D('',#3999,#3269,#3270);
#2696=AXIS2_PLACEMENT_3D('',#4000,#3271,#3272);
#2697=AXIS2_PLACEMENT_3D('',#4001,#3273,#3274);
#2698=AXIS2_PLACEMENT_3D('',#4042,#3276,#3277);
#2699=AXIS2_PLACEMENT_3D('',#4043,#3278,#3279);
#2700=AXIS2_PLACEMENT_3D('',#4045,#3280,#3281);
#2701=AXIS2_PLACEMENT_3D('',#4046,#3282,#3283);
#2702=AXIS2_PLACEMENT_3D('',#4087,#3285,#3286);
#2703=AXIS2_PLACEMENT_3D('',#4088,#3287,#3288);
#2704=AXIS2_PLACEMENT_3D('',#4090,#3289,#3290);
#2705=AXIS2_PLACEMENT_3D('',#4091,#3291,#3292);
#2706=AXIS2_PLACEMENT_3D('',#4132,#3294,#3295);
#2707=AXIS2_PLACEMENT_3D('',#4133,#3296,#3297);
#2708=AXIS2_PLACEMENT_3D('',#4135,#3298,#3299);
#2709=AXIS2_PLACEMENT_3D('',#4136,#3300,#3301);
#2710=AXIS2_PLACEMENT_3D('',#4138,#3302,#3303);
#2711=AXIS2_PLACEMENT_3D('',#4140,#3305,#3306);
#2712=AXIS2_PLACEMENT_3D('',#4142,#3307,#3308);
#2713=AXIS2_PLACEMENT_3D('',#4144,#3310,#3311);
#2714=AXIS2_PLACEMENT_3D('',#4146,#3312,#3313);
#2715=AXIS2_PLACEMENT_3D('',#4148,#3315,#3316);
#2716=AXIS2_PLACEMENT_3D('',#4153,#3318,#3319);
#2717=AXIS2_PLACEMENT_3D('',#4156,#3321,#3322);
#2718=AXIS2_PLACEMENT_3D('',#4157,#3323,#3324);
#2719=AXIS2_PLACEMENT_3D('',#4162,#3327,#3328);
#2720=AXIS2_PLACEMENT_3D('',#4163,#3329,#3330);
#2721=AXIS2_PLACEMENT_3D('',#4168,#3333,#3334);
#2722=AXIS2_PLACEMENT_3D('',#4169,#3335,#3336);
#2723=AXIS2_PLACEMENT_3D('',#4174,#3339,#3340);
#2724=AXIS2_PLACEMENT_3D('',#4175,#3341,#3342);
#2725=AXIS2_PLACEMENT_3D('',#4180,#3345,#3346);
#2726=AXIS2_PLACEMENT_3D('',#4181,#3347,#3348);
#2727=AXIS2_PLACEMENT_3D('',#4186,#3351,#3352);
#2728=AXIS2_PLACEMENT_3D('',#4187,#3353,#3354);
#2729=AXIS2_PLACEMENT_3D('',#4192,#3357,#3358);
#2730=AXIS2_PLACEMENT_3D('',#4193,#3359,#3360);
#2731=AXIS2_PLACEMENT_3D('',#4198,#3363,#3364);
#2732=AXIS2_PLACEMENT_3D('',#4199,#3365,#3366);
#2733=AXIS2_PLACEMENT_3D('',#4204,#3369,#3370);
#2734=AXIS2_PLACEMENT_3D('',#4205,#3371,#3372);
#2735=AXIS2_PLACEMENT_3D('',#4210,#3375,#3376);
#2736=AXIS2_PLACEMENT_3D('',#4211,#3377,#3378);
#2737=AXIS2_PLACEMENT_3D('',#4215,#3380,#3381);
#2738=AXIS2_PLACEMENT_3D('',#4217,#3383,#3384);
#2739=AXIS2_PLACEMENT_3D('',#4221,#3386,#3387);
#2740=AXIS2_PLACEMENT_3D('',#4223,#3389,#3390);
#2741=AXIS2_PLACEMENT_3D('',#4229,#3394,#3395);
#2742=AXIS2_PLACEMENT_3D('',#4235,#3399,#3400);
#2743=AXIS2_PLACEMENT_3D('',#4239,#3403,#3404);
#2744=AXIS2_PLACEMENT_3D('',#4243,#3407,#3408);
#2745=AXIS2_PLACEMENT_3D('',#4244,#3409,#3410);
#2746=AXIS2_PLACEMENT_3D('',#4245,#3411,#3412);
#2747=AXIS2_PLACEMENT_3D('',#4249,#3415,#3416);
#2748=AXIS2_PLACEMENT_3D('',#4253,#3419,#3420);
#2749=AXIS2_PLACEMENT_3D('',#4257,#3423,#3424);
#2750=AXIS2_PLACEMENT_3D('',#4261,#3427,#3428);
#2751=AXIS2_PLACEMENT_3D('',#4265,#3431,#3432);
#2752=AXIS2_PLACEMENT_3D('',#4269,#3435,#3436);
#2753=AXIS2_PLACEMENT_3D('',#4273,#3439,#3440);
#2754=AXIS2_PLACEMENT_3D('',#4277,#3443,#3444);
#2755=AXIS2_PLACEMENT_3D('',#4279,#3446,#3447);
#2756=AXIS2_PLACEMENT_3D('',#4280,#3448,#3449);
#2757=AXIS2_PLACEMENT_3D('',#4283,#3450,#3451);
#2758=AXIS2_PLACEMENT_3D('',#4287,#3453,#3454);
#2759=AXIS2_PLACEMENT_3D('',#4291,#3456,#3457);
#2760=AXIS2_PLACEMENT_3D('',#4295,#3459,#3460);
#2761=AXIS2_PLACEMENT_3D('',#4298,#3462,#3463);
#2762=AXIS2_PLACEMENT_3D('',#4299,#3464,#3465);
#2763=AXIS2_PLACEMENT_3D('',#4303,#3467,#3468);
#2764=AXIS2_PLACEMENT_3D('',#4305,#3470,#3471);
#2765=AXIS2_PLACEMENT_3D('',#4309,#3474,#3475);
#2766=AXIS2_PLACEMENT_3D('',#4312,#3477,#3478);
#2767=AXIS2_PLACEMENT_3D('',#4313,#3479,#3480);
#2768=AXIS2_PLACEMENT_3D('',#4328,#3483,#3484);
#2769=AXIS2_PLACEMENT_3D('',#4330,#3485,#3486);
#2770=AXIS2_PLACEMENT_3D('',#4332,#3488,#3489);
#2771=AXIS2_PLACEMENT_3D('',#4336,#3491,#3492);
#2772=AXIS2_PLACEMENT_3D('',#4338,#3494,#3495);
#2773=AXIS2_PLACEMENT_3D('',#4340,#3497,#3498);
#2774=AXIS2_PLACEMENT_3D('',#4342,#3499,#3500);
#2775=AXIS2_PLACEMENT_3D('',#4344,#3502,#3503);
#2776=AXIS2_PLACEMENT_3D('',#4357,#3505,#3506);
#2777=AXIS2_PLACEMENT_3D('',#4358,#3507,#3508);
#2778=AXIS2_PLACEMENT_3D('',#4359,#3509,#3510);
#2779=AXIS2_PLACEMENT_3D('',#4360,#3511,#3512);
#2780=AXIS2_PLACEMENT_3D('',#4361,#3513,#3514);
#2781=DIRECTION('axis',(0.,0.,1.));
#2782=DIRECTION('refdir',(1.,0.,0.));
#2783=DIRECTION('axis',(0.,0.,1.));
#2784=DIRECTION('refdir',(1.,0.,0.));
#2785=DIRECTION('center_axis',(-1.,-3.01336591229091E-14,2.17441295738205E-10));
#2786=DIRECTION('ref_axis',(3.01336591229091E-14,-1.,-1.11414888188773E-26));
#2787=DIRECTION('center_axis',(-1.,-3.01366281896476E-14,2.1744139822033E-10));
#2788=DIRECTION('ref_axis',(3.01336591229091E-14,-1.,-1.11414888188773E-26));
#2789=DIRECTION('',(-1.,-3.01336591229091E-14,2.17441295738205E-10));
#2790=DIRECTION('center_axis',(1.,3.01366281896476E-14,-2.17425855097985E-10));
#2791=DIRECTION('ref_axis',(3.01336591229091E-14,-1.,-1.11414888188773E-26));
#2792=DIRECTION('center_axis',(-1.,-3.01336591229091E-14,2.17441295738205E-10));
#2793=DIRECTION('ref_axis',(3.01336591229091E-14,-1.,-1.11414888188773E-26));
#2794=DIRECTION('center_axis',(-1.,-3.01366281896476E-14,2.1744139822033E-10));
#2795=DIRECTION('ref_axis',(3.01336591229091E-14,-1.,-1.11414888188773E-26));
#2796=DIRECTION('',(-1.,-3.01336591229091E-14,2.17441295738205E-10));
#2797=DIRECTION('center_axis',(1.,3.01366281896476E-14,-2.17425855097985E-10));
#2798=DIRECTION('ref_axis',(3.01336591229091E-14,-1.,-1.11414888188773E-26));
#2799=DIRECTION('center_axis',(-1.,-3.01336591229091E-14,2.17441295738205E-10));
#2800=DIRECTION('ref_axis',(3.01336591229091E-14,-1.,-1.11414888188773E-26));
#2801=DIRECTION('center_axis',(-1.,-3.01366281896476E-14,2.1744139822033E-10));
#2802=DIRECTION('ref_axis',(3.01336591229091E-14,-1.,-1.11414888188773E-26));
#2803=DIRECTION('',(-1.,-3.01336591229091E-14,2.17441295738205E-10));
#2804=DIRECTION('center_axis',(1.,3.01366281896476E-14,-2.17425855097985E-10));
#2805=DIRECTION('ref_axis',(3.01336591229091E-14,-1.,-1.11414888188773E-26));
#2806=DIRECTION('center_axis',(-1.,-3.01336591229091E-14,2.17441295738205E-10));
#2807=DIRECTION('ref_axis',(3.01336591229091E-14,-1.,-1.11414888188773E-26));
#2808=DIRECTION('center_axis',(-1.,-3.01366281896476E-14,2.1744139822033E-10));
#2809=DIRECTION('ref_axis',(3.01336591229091E-14,-1.,-1.11414888188773E-26));
#2810=DIRECTION('',(-1.,-3.01336591229091E-14,2.17441295738205E-10));
#2811=DIRECTION('center_axis',(1.,3.01366281896476E-14,-2.17425855097985E-10));
#2812=DIRECTION('ref_axis',(3.01336591229091E-14,-1.,-1.11414888188773E-26));
#2813=DIRECTION('center_axis',(1.,3.00824180602341E-14,-2.17441301679198E-10));
#2814=DIRECTION('ref_axis',(3.00824180602341E-14,-1.,1.44171010816853E-39));
#2815=DIRECTION('center_axis',(1.,3.01366281896476E-14,-2.17425855097985E-10));
#2816=DIRECTION('ref_axis',(3.00824180602341E-14,-1.,1.44171010816853E-39));
#2817=DIRECTION('',(1.,3.00824180602341E-14,-2.17441301679198E-10));
#2818=DIRECTION('center_axis',(1.,3.01366281896476E-14,-2.17441250190594E-10));
#2819=DIRECTION('ref_axis',(3.01366281896476E-14,-1.,-1.17898727645986E-26));
#2820=DIRECTION('center_axis',(-1.,-3.01366281896476E-14,2.17441250190594E-10));
#2821=DIRECTION('ref_axis',(3.01366281896476E-14,-1.,-1.17887253305546E-26));
#2822=DIRECTION('center_axis',(-1.,-3.01366281896476E-14,2.17441250190594E-10));
#2823=DIRECTION('ref_axis',(3.00824180602341E-14,-1.,-3.71228661136306E-30));
#2824=DIRECTION('center_axis',(3.00824180602342E-14,-1.,1.44172546963105E-39));
#2825=DIRECTION('ref_axis',(-2.17441250190594E-10,-6.54115890980917E-24,
-1.));
#2826=DIRECTION('',(-2.17425855097985E-10,-2.31296372182225E-17,-1.));
#2827=DIRECTION('',(1.,3.00824180602342E-14,-2.17443618666379E-10));
#2828=DIRECTION('',(-2.17441250190594E-10,-6.54115890980917E-24,-1.));
#2829=DIRECTION('',(1.,3.00824180602342E-14,-2.17443618666379E-10));
#2830=DIRECTION('center_axis',(1.,3.00824180602342E-14,-2.17443618666379E-10));
#2831=DIRECTION('ref_axis',(3.00824180602342E-14,-1.,1.44172546943082E-39));
#2832=DIRECTION('center_axis',(-1.,-3.01366281896476E-14,2.17441250190594E-10));
#2833=DIRECTION('ref_axis',(3.01366281896476E-14,-1.,-1.17867243175267E-26));
#2834=DIRECTION('',(-1.,-3.00824180602342E-14,2.17443618666379E-10));
#2835=DIRECTION('center_axis',(-1.,-3.01366281896476E-14,2.17441250190594E-10));
#2836=DIRECTION('ref_axis',(3.01366281896476E-14,-1.,-1.17867243175267E-26));
#2837=DIRECTION('center_axis',(1.,3.00824180602342E-14,-2.17443618666379E-10));
#2838=DIRECTION('ref_axis',(3.00824180602342E-14,-1.,5.7371702212309E-30));
#2839=DIRECTION('center_axis',(-1.,-3.01366281896476E-14,2.17441250190594E-10));
#2840=DIRECTION('ref_axis',(3.01366281896476E-14,-1.,-1.17841355943787E-26));
#2841=DIRECTION('',(-1.,-3.00824180602342E-14,2.17443618666379E-10));
#2842=DIRECTION('center_axis',(-1.,-3.01366281896476E-14,2.17441250190594E-10));
#2843=DIRECTION('ref_axis',(3.01366281896476E-14,-1.,-1.17841355943787E-26));
#2844=DIRECTION('center_axis',(1.,3.00824180602342E-14,-2.17443618666379E-10));
#2845=DIRECTION('ref_axis',(3.00824180602342E-14,-1.,1.4417254697039E-39));
#2846=DIRECTION('center_axis',(-1.,-3.01366281896476E-14,2.17441250190594E-10));
#2847=DIRECTION('ref_axis',(3.01366281896476E-14,-1.,-1.17898727645986E-26));
#2848=DIRECTION('',(-1.,-3.00824180602342E-14,2.17443618666379E-10));
#2849=DIRECTION('center_axis',(-1.,-3.01366281896476E-14,2.17441250190594E-10));
#2850=DIRECTION('ref_axis',(3.01366281896476E-14,-1.,-1.17898727645986E-26));
#2851=DIRECTION('center_axis',(-2.17443618666379E-10,-6.54123015928789E-24,
-1.));
#2852=DIRECTION('ref_axis',(-3.01366281896476E-14,1.,1.17887253305546E-26));
#2853=DIRECTION('',(-3.01366281896476E-14,1.,1.17887253305546E-26));
#2854=DIRECTION('',(1.,3.00824180602342E-14,-2.17443618666379E-10));
#2855=DIRECTION('',(-3.01366281896476E-14,1.,1.17887253305546E-26));
#2856=DIRECTION('',(1.,3.01366281896476E-14,-2.17443618666379E-10));
#2857=DIRECTION('center_axis',(-3.00824180602342E-14,1.,-1.44172546963105E-39));
#2858=DIRECTION('ref_axis',(2.17441250190594E-10,6.54115890980917E-24,1.));
#2859=DIRECTION('',(2.17441250190594E-10,6.54115890980917E-24,1.));
#2860=DIRECTION('',(1.,3.00824180602342E-14,-2.17443618666379E-10));
#2861=DIRECTION('',(2.17441250190594E-10,6.54115890980917E-24,1.));
#2862=DIRECTION('center_axis',(-1.,-3.01366281896476E-14,2.17441250190594E-10));
#2863=DIRECTION('ref_axis',(3.01366281896476E-14,-1.,-1.17887253305546E-26));
#2864=DIRECTION('',(3.01366281896476E-14,-1.,-1.17887253305546E-26));
#2865=DIRECTION('center_axis',(-1.,-3.01366281896476E-14,2.17441250190594E-10));
#2866=DIRECTION('ref_axis',(3.01366281896476E-14,-1.,-1.17887253305546E-26));
#2867=DIRECTION('',(3.01366281896476E-14,-1.,-1.17887253305546E-26));
#2868=DIRECTION('',(2.17441250190594E-10,2.31296372186856E-17,1.));
#2869=DIRECTION('center_axis',(-3.01366281896527E-14,1.,-2.3129630665738E-17));
#2870=DIRECTION('ref_axis',(1.,3.01366281896476E-14,-2.17441235575856E-10));
#2871=DIRECTION('',(-1.,-3.01366281896476E-14,2.17441235575856E-10));
#2872=DIRECTION('',(2.1744139822033E-10,4.62592014167776E-18,1.));
#2873=DIRECTION('',(1.,3.01366281896476E-14,-2.17441235575856E-10));
#2874=DIRECTION('',(2.17441287198028E-10,4.62592014167442E-18,1.));
#2875=DIRECTION('',(1.,3.01366281896476E-14,-2.1744361866638E-10));
#2876=DIRECTION('',(-2.17425855097985E-10,-2.31296372182225E-17,-1.));
#2877=DIRECTION('',(1.,3.01366281896476E-14,-2.17441235575856E-10));
#2878=DIRECTION('',(-2.17425855097985E-10,-2.31296372182225E-17,-1.));
#2879=DIRECTION('center_axis',(1.,3.00824180602342E-14,-2.17443618666379E-10));
#2880=DIRECTION('ref_axis',(3.00824180602342E-14,-1.,-3.84810197524614E-30));
#2881=DIRECTION('center_axis',(-1.,-3.01366281896476E-14,2.17441250190594E-10));
#2882=DIRECTION('ref_axis',(3.01366281896476E-14,-1.,-1.17905724195034E-26));
#2883=DIRECTION('',(-1.,-3.00824180602342E-14,2.17443618666379E-10));
#2884=DIRECTION('center_axis',(-1.,-3.01366281896476E-14,2.17441250190594E-10));
#2885=DIRECTION('ref_axis',(3.01366281896476E-14,-1.,-1.17905724195034E-26));
#2886=DIRECTION('center_axis',(1.,3.00824180602342E-14,-2.17443618666379E-10));
#2887=DIRECTION('ref_axis',(3.00824180602342E-14,-1.,5.7371702212309E-30));
#2888=DIRECTION('center_axis',(-1.,-3.01366281896476E-14,2.17441250190594E-10));
#2889=DIRECTION('ref_axis',(3.01366281896476E-14,-1.,-1.17841355943787E-26));
#2890=DIRECTION('',(-1.,-3.00824180602342E-14,2.17443618666379E-10));
#2891=DIRECTION('center_axis',(-1.,-3.01366281896476E-14,2.17441250190594E-10));
#2892=DIRECTION('ref_axis',(3.01366281896476E-14,-1.,-1.17841355943787E-26));
#2893=DIRECTION('center_axis',(1.,3.00824180602342E-14,-2.17443618666379E-10));
#2894=DIRECTION('ref_axis',(3.00824180602342E-14,-1.,5.7371702212309E-30));
#2895=DIRECTION('center_axis',(-1.,-3.01366281896476E-14,2.17441250190594E-10));
#2896=DIRECTION('ref_axis',(3.01366281896476E-14,-1.,-1.17841355943787E-26));
#2897=DIRECTION('',(-1.,-3.00824180602342E-14,2.17443618666379E-10));
#2898=DIRECTION('center_axis',(-1.,-3.01366281896476E-14,2.17441250190594E-10));
#2899=DIRECTION('ref_axis',(3.01366281896476E-14,-1.,-1.17841355943787E-26));
#2900=DIRECTION('center_axis',(3.00824180602342E-14,-1.,1.44172546963105E-39));
#2901=DIRECTION('ref_axis',(-2.17441250190594E-10,-6.54115890980917E-24,
-1.));
#2902=DIRECTION('',(2.17441250190594E-10,6.54115890980917E-24,1.));
#2903=DIRECTION('',(1.,3.00824180602342E-14,-2.17443618666379E-10));
#2904=DIRECTION('',(-2.17441250190594E-10,-6.54115890980917E-24,-1.));
#2905=DIRECTION('',(1.,3.00824180602342E-14,-2.17443618666379E-10));
#2906=DIRECTION('center_axis',(-3.00824180602342E-14,1.,-1.44172546963105E-39));
#2907=DIRECTION('ref_axis',(2.17441250190594E-10,6.54115890980917E-24,1.));
#2908=DIRECTION('',(-2.17425855097985E-10,-2.31296372182225E-17,-1.));
#2909=DIRECTION('',(1.,3.00824180602342E-14,-2.17443618666379E-10));
#2910=DIRECTION('',(2.17441250190594E-10,6.54115890980917E-24,1.));
#2911=DIRECTION('',(1.,3.00824180602342E-14,-2.17443618666379E-10));
#2912=DIRECTION('center_axis',(-2.17443618666379E-10,-6.54123015928789E-24,
-1.));
#2913=DIRECTION('ref_axis',(-3.01366281896476E-14,1.,1.17887253305546E-26));
#2914=DIRECTION('',(3.01366281896476E-14,-1.,-1.17887253305546E-26));
#2915=DIRECTION('',(-1.,-3.01366281896476E-14,2.17443618666379E-10));
#2916=DIRECTION('',(-3.01366281896476E-14,1.,1.17887253305546E-26));
#2917=DIRECTION('center_axis',(-1.,-3.01366281896476E-14,2.17441250190594E-10));
#2918=DIRECTION('ref_axis',(3.01366281896476E-14,-1.,-1.17887253305546E-26));
#2919=DIRECTION('',(-3.01366281896476E-14,1.,1.17887253305546E-26));
#2920=DIRECTION('center_axis',(-1.,-3.01366281896476E-14,2.17441250190594E-10));
#2921=DIRECTION('ref_axis',(3.01366281896476E-14,-1.,-1.17887253305546E-26));
#2922=DIRECTION('',(-2.17441250190594E-10,-2.31296372186856E-17,-1.));
#2923=DIRECTION('',(3.01366281896476E-14,-1.,-1.17887253305546E-26));
#2924=DIRECTION('center_axis',(1.,3.00824180602341E-14,-2.17440065952701E-10));
#2925=DIRECTION('ref_axis',(3.00824180602341E-14,-1.,-3.71228661136306E-30));
#2926=DIRECTION('',(1.,3.00824180602341E-14,-2.17440065952701E-10));
#2927=DIRECTION('center_axis',(-1.,-3.01366281896476E-14,2.1744139822033E-10));
#2928=DIRECTION('ref_axis',(3.00824180602341E-14,-1.,-3.71228661136306E-30));
#2929=DIRECTION('center_axis',(1.,3.00824180602341E-14,-2.17440065952701E-10));
#2930=DIRECTION('ref_axis',(3.00824180602341E-14,-1.,-3.71228661136306E-30));
#2931=DIRECTION('center_axis',(1.,3.01366281896476E-14,-2.17441287198028E-10));
#2932=DIRECTION('ref_axis',(3.00824180602341E-14,-1.,-3.71228661136306E-30));
#2933=DIRECTION('',(1.,3.00824180602341E-14,-2.17440065952701E-10));
#2934=DIRECTION('center_axis',(-1.,-3.01366281896476E-14,2.17425855097985E-10));
#2935=DIRECTION('ref_axis',(3.00824180602341E-14,-1.,-3.71228661136306E-30));
#2936=DIRECTION('center_axis',(1.,3.00824180602342E-14,-2.1744361866638E-10));
#2937=DIRECTION('ref_axis',(3.00824180602342E-14,-1.,1.44172546943082E-39));
#2938=DIRECTION('center_axis',(-1.,-3.01366281896476E-14,2.17441250190594E-10));
#2939=DIRECTION('ref_axis',(3.01366281896476E-14,-1.,-1.17867243175267E-26));
#2940=DIRECTION('',(-1.,-3.00824180602342E-14,2.1744361866638E-10));
#2941=DIRECTION('center_axis',(-1.,-3.01366281896476E-14,2.17441250190594E-10));
#2942=DIRECTION('ref_axis',(3.01366281896476E-14,-1.,-1.17867243175267E-26));
#2943=DIRECTION('center_axis',(1.,3.00824180602342E-14,-2.1744361866638E-10));
#2944=DIRECTION('ref_axis',(3.00824180602342E-14,-1.,5.7371702212309E-30));
#2945=DIRECTION('center_axis',(-1.,-3.01366281896476E-14,2.17441250190594E-10));
#2946=DIRECTION('ref_axis',(3.01366281896476E-14,-1.,-1.17841355943787E-26));
#2947=DIRECTION('',(-1.,-3.00824180602342E-14,2.1744361866638E-10));
#2948=DIRECTION('center_axis',(-1.,-3.01366281896476E-14,2.17441250190594E-10));
#2949=DIRECTION('ref_axis',(3.01366281896476E-14,-1.,-1.17841355943787E-26));
#2950=DIRECTION('center_axis',(1.,3.00824180602342E-14,-2.1744361866638E-10));
#2951=DIRECTION('ref_axis',(3.00824180602342E-14,-1.,1.4417254697039E-39));
#2952=DIRECTION('center_axis',(-1.,-3.01366281896476E-14,2.17441250190594E-10));
#2953=DIRECTION('ref_axis',(3.01366281896476E-14,-1.,-1.17898727645986E-26));
#2954=DIRECTION('',(-1.,-3.00824180602342E-14,2.1744361866638E-10));
#2955=DIRECTION('center_axis',(-1.,-3.01366281896476E-14,2.17441250190594E-10));
#2956=DIRECTION('ref_axis',(3.01366281896476E-14,-1.,-1.17898727645986E-26));
#2957=DIRECTION('center_axis',(-2.1744361866638E-10,-6.54123015928791E-24,
-1.));
#2958=DIRECTION('ref_axis',(-3.01366281896476E-14,1.,1.17887253305546E-26));
#2959=DIRECTION('',(-3.01366281896476E-14,1.,1.17887253305546E-26));
#2960=DIRECTION('',(1.,3.00824180602342E-14,-2.1744361866638E-10));
#2961=DIRECTION('',(-3.01366281896476E-14,1.,1.17887253305546E-26));
#2962=DIRECTION('center_axis',(-3.00824180602342E-14,1.,-1.44172546963106E-39));
#2963=DIRECTION('ref_axis',(2.17441250190594E-10,6.54115890980917E-24,1.));
#2964=DIRECTION('',(2.17441250190594E-10,6.54115890980917E-24,1.));
#2965=DIRECTION('',(1.,3.00824180602342E-14,-2.1744361866638E-10));
#2966=DIRECTION('',(2.17441250190594E-10,6.54115890980917E-24,1.));
#2967=DIRECTION('center_axis',(1.,3.00824180602342E-14,-2.1744361866638E-10));
#2968=DIRECTION('ref_axis',(3.00824180602342E-14,-1.,-3.84810197524614E-30));
#2969=DIRECTION('center_axis',(-1.,-3.01366281896476E-14,2.17441250190594E-10));
#2970=DIRECTION('ref_axis',(3.01366281896476E-14,-1.,-1.17905724195034E-26));
#2971=DIRECTION('',(-1.,-3.00824180602342E-14,2.1744361866638E-10));
#2972=DIRECTION('center_axis',(-1.,-3.01366281896476E-14,2.17441250190594E-10));
#2973=DIRECTION('ref_axis',(3.01366281896476E-14,-1.,-1.17905724195034E-26));
#2974=DIRECTION('center_axis',(1.,3.00824180602342E-14,-2.1744361866638E-10));
#2975=DIRECTION('ref_axis',(3.00824180602342E-14,-1.,5.7371702212309E-30));
#2976=DIRECTION('center_axis',(-1.,-3.01366281896476E-14,2.17441250190594E-10));
#2977=DIRECTION('ref_axis',(3.01366281896476E-14,-1.,-1.17841355943787E-26));
#2978=DIRECTION('',(-1.,-3.00824180602342E-14,2.1744361866638E-10));
#2979=DIRECTION('center_axis',(-1.,-3.01366281896476E-14,2.17441250190594E-10));
#2980=DIRECTION('ref_axis',(3.01366281896476E-14,-1.,-1.17841355943787E-26));
#2981=DIRECTION('center_axis',(1.,3.00824180602342E-14,-2.1744361866638E-10));
#2982=DIRECTION('ref_axis',(3.00824180602342E-14,-1.,5.7371702212309E-30));
#2983=DIRECTION('center_axis',(-1.,-3.01366281896476E-14,2.17441250190594E-10));
#2984=DIRECTION('ref_axis',(3.01366281896476E-14,-1.,-1.17841355943787E-26));
#2985=DIRECTION('',(-1.,-3.00824180602342E-14,2.1744361866638E-10));
#2986=DIRECTION('center_axis',(-1.,-3.01366281896476E-14,2.17441250190594E-10));
#2987=DIRECTION('ref_axis',(3.01366281896476E-14,-1.,-1.17841355943787E-26));
#2988=DIRECTION('center_axis',(3.00824180602342E-14,-1.,1.44172546963106E-39));
#2989=DIRECTION('ref_axis',(-2.17441250190594E-10,-6.54115890980917E-24,
-1.));
#2990=DIRECTION('',(2.17441250190594E-10,6.54115890980917E-24,1.));
#2991=DIRECTION('',(1.,3.00824180602342E-14,-2.1744361866638E-10));
#2992=DIRECTION('',(-2.17441250190594E-10,-6.54115890980917E-24,-1.));
#2993=DIRECTION('',(1.,3.00824180602342E-14,-2.1744361866638E-10));
#2994=DIRECTION('center_axis',(-2.1744361866638E-10,-6.54123015928791E-24,
-1.));
#2995=DIRECTION('ref_axis',(-3.01366281896476E-14,1.,1.17887253305546E-26));
#2996=DIRECTION('',(3.01366281896476E-14,-1.,-1.17887253305546E-26));
#2997=DIRECTION('',(-1.,-3.01366281896476E-14,2.1744361866638E-10));
#2998=DIRECTION('',(-3.01366281896476E-14,1.,1.17887253305546E-26));
#2999=DIRECTION('center_axis',(-1.,-3.01366281896476E-14,2.17441287198028E-10));
#3000=DIRECTION('ref_axis',(3.01366281896476E-14,-1.,-1.17887253305546E-26));
#3001=DIRECTION('',(-3.01366281896476E-14,1.,1.17887253305546E-26));
#3002=DIRECTION('',(2.17441287198028E-10,4.62592014167442E-18,1.));
#3003=DIRECTION('',(3.01366281896476E-14,-1.,-1.17887253305546E-26));
#3004=DIRECTION('center_axis',(2.17441287198028E-10,4.62592014167442E-18,
1.));
#3005=DIRECTION('ref_axis',(1.,3.00824180602341E-14,-2.17441287198028E-10));
#3006=DIRECTION('',(3.01366281896476E-14,-1.,-1.17887253305546E-26));
#3007=DIRECTION('center_axis',(1.,3.01366281896476E-14,-2.1744139822033E-10));
#3008=DIRECTION('ref_axis',(-3.01366281896476E-14,1.,1.17887253305546E-26));
#3009=DIRECTION('',(3.01366281896476E-14,-1.,-1.17887253305546E-26));
#3010=DIRECTION('',(-3.01366281896476E-14,1.,1.17887253305546E-26));
#3011=DIRECTION('',(2.1744139822033E-10,4.62592014167776E-18,1.));
#3012=DIRECTION('center_axis',(2.1744139822033E-10,4.62592014167776E-18,
1.));
#3013=DIRECTION('ref_axis',(1.,3.00824180602341E-14,-2.1744139822033E-10));
#3014=DIRECTION('',(3.01366281896476E-14,-1.,-1.17887253305546E-26));
#3015=DIRECTION('',(1.,3.01366281896476E-14,-2.17441235575856E-10));
#3016=DIRECTION('center_axis',(-2.17425855097985E-10,-2.31296372182225E-17,
-1.));
#3017=DIRECTION('ref_axis',(-1.,-3.01366281896476E-14,2.17425855097985E-10));
#3018=DIRECTION('center_axis',(2.17441235575856E-10,6.54115215927527E-24,
1.));
#3019=DIRECTION('ref_axis',(-1.,-3.01366281896476E-14,2.17441235575856E-10));
#3020=DIRECTION('',(2.17425855097985E-10,2.31296372182225E-17,1.));
#3021=DIRECTION('center_axis',(2.17441235575856E-10,6.54115215927527E-24,
1.));
#3022=DIRECTION('ref_axis',(-1.,-3.01366281896476E-14,2.17441235575856E-10));
#3023=DIRECTION('center_axis',(-2.17425855097985E-10,-2.31296372182225E-17,
-1.));
#3024=DIRECTION('ref_axis',(-1.,-3.01366281896476E-14,2.17425855097985E-10));
#3025=DIRECTION('center_axis',(2.17441235575856E-10,6.54115215927527E-24,
1.));
#3026=DIRECTION('ref_axis',(-1.,-3.01366281896476E-14,2.17441235575856E-10));
#3027=DIRECTION('',(2.17425855097985E-10,2.31296372182225E-17,1.));
#3028=DIRECTION('center_axis',(2.17441235575856E-10,6.54115215927527E-24,
1.));
#3029=DIRECTION('ref_axis',(-1.,-3.01366281896476E-14,2.17441235575856E-10));
#3030=DIRECTION('center_axis',(-2.17425855097985E-10,-2.31296372182225E-17,
-1.));
#3031=DIRECTION('ref_axis',(-1.,-3.01366281896476E-14,2.17425855097985E-10));
#3032=DIRECTION('center_axis',(2.17441235575856E-10,6.54115215927527E-24,
1.));
#3033=DIRECTION('ref_axis',(-1.,-3.01366281896476E-14,2.17441235575856E-10));
#3034=DIRECTION('',(2.17425855097985E-10,2.31296372182225E-17,1.));
#3035=DIRECTION('center_axis',(2.17441235575856E-10,6.54115215927527E-24,
1.));
#3036=DIRECTION('ref_axis',(-1.,-3.01366281896476E-14,2.17441235575856E-10));
#3037=DIRECTION('center_axis',(-2.17425855097985E-10,-2.31296372182225E-17,
-1.));
#3038=DIRECTION('ref_axis',(-1.,-3.01366281896476E-14,2.17425855097985E-10));
#3039=DIRECTION('center_axis',(2.17441235575856E-10,6.54115215927527E-24,
1.));
#3040=DIRECTION('ref_axis',(-1.,-3.01366281896476E-14,2.17441235575856E-10));
#3041=DIRECTION('',(2.17425855097985E-10,2.31296372182225E-17,1.));
#3042=DIRECTION('center_axis',(2.17441235575856E-10,6.54115215927527E-24,
1.));
#3043=DIRECTION('ref_axis',(-1.,-3.01366281896476E-14,2.17441235575856E-10));
#3044=DIRECTION('center_axis',(-2.17425855097985E-10,-2.31296372182225E-17,
-1.));
#3045=DIRECTION('ref_axis',(-1.,-3.01366281896476E-14,2.17425855097985E-10));
#3046=DIRECTION('center_axis',(2.17441235575856E-10,6.54115215927527E-24,
1.));
#3047=DIRECTION('ref_axis',(-1.,-3.01366281896476E-14,2.17441235575856E-10));
#3048=DIRECTION('',(2.17425855097985E-10,2.31296372182225E-17,1.));
#3049=DIRECTION('center_axis',(2.17441235575856E-10,6.54115215927527E-24,
1.));
#3050=DIRECTION('ref_axis',(-1.,-3.01366281896476E-14,2.17441235575856E-10));
#3051=DIRECTION('center_axis',(-1.,-3.01366281896476E-14,2.17425855097985E-10));
#3052=DIRECTION('ref_axis',(-3.01366281896476E-14,1.,1.17887253305546E-26));
#3053=DIRECTION('',(-3.01366281896476E-14,1.,1.17887253305546E-26));
#3054=DIRECTION('',(-2.17425855097985E-10,-2.31296372182225E-17,-1.));
#3055=DIRECTION('center_axis',(3.01366281896527E-14,-1.,2.3129630665738E-17));
#3056=DIRECTION('ref_axis',(-1.,-3.01366281896476E-14,2.17441235575856E-10));
#3057=DIRECTION('',(-1.,-3.01366281896476E-14,2.17441235575856E-10));
#3058=DIRECTION('',(-2.17425855097985E-10,-2.31296372182225E-17,-1.));
#3059=DIRECTION('',(-1.,-3.01366281896476E-14,2.17441235575856E-10));
#3060=DIRECTION('center_axis',(1.,3.01366281896476E-14,-2.17425855097985E-10));
#3061=DIRECTION('ref_axis',(3.01366281896476E-14,-1.,-1.17887253305546E-26));
#3062=DIRECTION('',(3.01366281896476E-14,-1.,-1.17887253305546E-26));
#3063=DIRECTION('center_axis',(-2.17428534138735E-10,-6.54077638022114E-24,
-1.));
#3064=DIRECTION('ref_axis',(-1.,-3.01366281896476E-14,2.17428534138735E-10));
#3065=DIRECTION('center_axis',(-2.17428534138735E-10,-6.54077638022114E-24,
-1.));
#3066=DIRECTION('ref_axis',(-1.,-3.01366281896476E-14,2.17428534138735E-10));
#3067=DIRECTION('axis',(0.,0.,1.));
#3068=DIRECTION('refdir',(1.,0.,0.));
#3069=DIRECTION('center_axis',(0.,-1.,0.));
#3070=DIRECTION('ref_axis',(-0.707106781186555,0.,0.70710678118654));
#3071=DIRECTION('center_axis',(0.,-1.,0.));
#3072=DIRECTION('ref_axis',(-0.707106781186555,0.,0.70710678118654));
#3073=DIRECTION('',(0.,-1.,0.));
#3074=DIRECTION('center_axis',(0.,1.,0.));
#3075=DIRECTION('ref_axis',(-1.,0.,0.));
#3076=DIRECTION('',(0.,1.,0.));
#3077=DIRECTION('center_axis',(1.,0.,0.));
#3078=DIRECTION('ref_axis',(0.,-0.707106781186557,0.707106781186538));
#3079=DIRECTION('',(1.,0.,0.));
#3080=DIRECTION('center_axis',(-1.,0.,0.));
#3081=DIRECTION('ref_axis',(0.,-1.,0.));
#3082=DIRECTION('',(-1.,0.,0.));
#3083=DIRECTION('center_axis',(0.887913717226261,0.460010033326931,0.));
#3084=DIRECTION('ref_axis',(-0.460010033326931,0.887913717226261,0.));
#3085=DIRECTION('center_axis',(0.576683197598655,-0.816967863264762,0.));
#3086=DIRECTION('ref_axis',(-0.577683516126003,-0.407776599618354,0.707106781186541));
#3087=DIRECTION('',(0.576683197598655,-0.816967863264762,0.));
#3088=DIRECTION('center_axis',(-0.576683197598655,0.816967863264762,0.));
#3089=DIRECTION('ref_axis',(-0.816967863264762,-0.576683197598655,0.));
#3090=DIRECTION('',(-0.576683197598655,0.816967863264762,0.));
#3091=DIRECTION('center_axis',(0.887886028046016,-0.46006347518649,0.));
#3092=DIRECTION('ref_axis',(0.46006347518649,0.887886028046016,0.));
#3093=DIRECTION('center_axis',(1.,-2.22044604925031E-15,0.));
#3094=DIRECTION('ref_axis',(-1.57009245868379E-15,-0.707106781186557,0.707106781186538));
#3095=DIRECTION('',(-1.,2.22044604925031E-15,0.));
#3096=DIRECTION('center_axis',(1.,-2.22044604925031E-15,0.));
#3097=DIRECTION('ref_axis',(0.,0.,1.));
#3098=DIRECTION('',(1.,-2.22044604925031E-15,0.));
#3099=DIRECTION('center_axis',(0.,0.,1.));
#3100=DIRECTION('ref_axis',(1.,0.,0.));
#3101=DIRECTION('center_axis',(-1.,0.,0.));
#3102=DIRECTION('ref_axis',(0.,-1.,0.));
#3103=DIRECTION('center_axis',(0.,0.,-1.));
#3104=DIRECTION('ref_axis',(-0.460063475186493,-0.887886028046014,0.));
#3105=DIRECTION('center_axis',(0.,0.,1.));
#3106=DIRECTION('ref_axis',(-0.460063475186493,-0.887886028046014,0.));
#3107=DIRECTION('center_axis',(1.,0.,0.));
#3108=DIRECTION('ref_axis',(0.,-0.707106781186555,0.70710678118654));
#3109=DIRECTION('center_axis',(-1.,0.,0.));
#3110=DIRECTION('ref_axis',(0.,-1.,0.));
#3111=DIRECTION('',(-1.,0.,0.));
#3112=DIRECTION('',(1.,0.,0.));
#3113=DIRECTION('center_axis',(0.,0.,1.));
#3114=DIRECTION('ref_axis',(1.,0.,0.));
#3115=DIRECTION('center_axis',(-0.576781538477111,-0.816898437305383,0.));
#3116=DIRECTION('ref_axis',(0.816898437305383,-0.576781538477111,0.));
#3117=DIRECTION('center_axis',(0.,0.,-1.));
#3118=DIRECTION('ref_axis',(0.460010033326931,-0.887913717226261,0.));
#3119=DIRECTION('center_axis',(0.,0.,1.));
#3120=DIRECTION('ref_axis',(0.460010033326931,-0.88791371722626,0.));
#3121=DIRECTION('center_axis',(0.576781538477113,0.816898437305382,0.));
#3122=DIRECTION('ref_axis',(0.577634424559336,-0.407846137120379,0.70710678118654));
#3123=DIRECTION('',(-0.576781538477113,-0.816898437305382,0.));
#3124=DIRECTION('',(0.576781538477113,0.816898437305382,0.));
#3125=DIRECTION('center_axis',(-0.816496580927722,0.408248290463872,-0.408248290463861));
#3126=DIRECTION('ref_axis',(-0.577350269189625,-0.577350269189635,0.577350269189618));
#3127=DIRECTION('center_axis',(0.,0.,1.));
#3128=DIRECTION('ref_axis',(-6.6613381477509E-15,-1.,0.));
#3129=DIRECTION('center_axis',(-8.88178419700128E-16,1.,0.));
#3130=DIRECTION('ref_axis',(0.707106781186555,0.,0.70710678118654));
#3131=DIRECTION('center_axis',(-2.95506940562158E-15,-1.,0.));
#3132=DIRECTION('ref_axis',(0.707106781186555,0.,0.70710678118654));
#3133=DIRECTION('',(8.88178419700128E-16,-1.,0.));
#3134=DIRECTION('center_axis',(0.,1.,0.));
#3135=DIRECTION('ref_axis',(0.,0.,1.));
#3136=DIRECTION('',(-8.88178419700128E-16,1.,0.));
#3137=DIRECTION('center_axis',(0.40824829046386,-0.408248290463857,-0.816496580927731));
#3138=DIRECTION('ref_axis',(0.577350269189629,-0.577350269189629,0.577350269189619));
#3139=DIRECTION('center_axis',(0.,0.,1.));
#3140=DIRECTION('ref_axis',(1.,-4.4408920985006E-15,0.));
#3141=DIRECTION('center_axis',(0.,1.,0.));
#3142=DIRECTION('ref_axis',(-1.,0.,0.));
#3143=DIRECTION('',(-1.,0.,0.));
#3144=DIRECTION('',(0.,0.,1.));
#3145=DIRECTION('',(1.,0.,0.));
#3146=DIRECTION('',(0.,0.,1.));
#3147=DIRECTION('center_axis',(0.,0.,-1.));
#3148=DIRECTION('ref_axis',(-1.,0.,0.));
#3149=DIRECTION('',(-1.,2.95506940562158E-15,0.));
#3150=DIRECTION('center_axis',(0.,0.,-1.));
#3151=DIRECTION('ref_axis',(-1.,0.,0.));
#3152=DIRECTION('center_axis',(2.95506940562158E-15,1.,0.));
#3153=DIRECTION('ref_axis',(-1.,2.95506940562158E-15,0.));
#3154=DIRECTION('',(0.,0.,1.));
#3155=DIRECTION('',(-1.,2.95506940562158E-15,0.));
#3156=DIRECTION('',(0.,0.,1.));
#3157=DIRECTION('center_axis',(0.,0.,1.));
#3158=DIRECTION('ref_axis',(1.,-4.4408920985006E-15,0.));
#3159=DIRECTION('',(0.,0.,1.));
#3160=DIRECTION('center_axis',(0.,0.,-1.));
#3161=DIRECTION('ref_axis',(1.,-4.4408920985006E-15,0.));
#3162=DIRECTION('',(0.,0.,1.));
#3163=DIRECTION('center_axis',(0.,-1.,0.));
#3164=DIRECTION('ref_axis',(1.,0.,0.));
#3165=DIRECTION('',(0.,0.,1.));
#3166=DIRECTION('',(-1.,0.,0.));
#3167=DIRECTION('center_axis',(0.816898437305382,-0.576781538477113,0.));
#3168=DIRECTION('ref_axis',(0.576781538477113,0.816898437305382,0.));
#3169=DIRECTION('',(0.,0.,1.));
#3170=DIRECTION('',(-0.576781538477113,-0.816898437305382,0.));
#3171=DIRECTION('center_axis',(0.,0.,1.));
#3172=DIRECTION('ref_axis',(0.816898437305384,-0.57678153847711,0.));
#3173=DIRECTION('',(0.,0.,1.));
#3174=DIRECTION('center_axis',(0.,0.,-1.));
#3175=DIRECTION('ref_axis',(0.816898437305384,-0.57678153847711,0.));
#3176=DIRECTION('center_axis',(0.,-1.,0.));
#3177=DIRECTION('ref_axis',(1.,0.,0.));
#3178=DIRECTION('',(0.,0.,1.));
#3179=DIRECTION('',(1.,0.,0.));
#3180=DIRECTION('center_axis',(0.,0.,1.));
#3181=DIRECTION('ref_axis',(-3.70074341541719E-16,-1.,0.));
#3182=DIRECTION('',(0.,0.,1.));
#3183=DIRECTION('center_axis',(0.,0.,-1.));
#3184=DIRECTION('ref_axis',(-3.70074341541719E-16,-1.,0.));
#3185=DIRECTION('center_axis',(-0.816967863264762,-0.576683197598655,0.));
#3186=DIRECTION('ref_axis',(0.576683197598655,-0.816967863264762,0.));
#3187=DIRECTION('',(0.,0.,1.));
#3188=DIRECTION('',(0.576683197598655,-0.816967863264762,0.));
#3189=DIRECTION('center_axis',(-2.22044604925031E-15,-1.,0.));
#3190=DIRECTION('ref_axis',(1.,-2.22044604925031E-15,0.));
#3191=DIRECTION('',(0.,0.,1.));
#3192=DIRECTION('',(1.,-2.22044604925031E-15,0.));
#3193=DIRECTION('center_axis',(0.,0.,1.));
#3194=DIRECTION('ref_axis',(-6.6613381477509E-15,-1.,0.));
#3195=DIRECTION('',(0.,0.,1.));
#3196=DIRECTION('center_axis',(0.,0.,-1.));
#3197=DIRECTION('ref_axis',(-6.6613381477509E-15,-1.,0.));
#3198=DIRECTION('center_axis',(-1.,0.,0.));
#3199=DIRECTION('ref_axis',(0.,-1.,0.));
#3200=DIRECTION('',(0.,-1.,0.));
#3201=DIRECTION('center_axis',(0.,0.,1.));
#3202=DIRECTION('ref_axis',(-1.,0.,0.));
#3203=DIRECTION('center_axis',(0.,0.,1.));
#3204=DIRECTION('ref_axis',(-1.,0.,0.));
#3205=DIRECTION('center_axis',(1.,8.88178419700128E-16,0.));
#3206=DIRECTION('ref_axis',(-8.88178419700128E-16,1.,0.));
#3207=DIRECTION('',(8.88178419700128E-16,-1.,0.));
#3208=DIRECTION('center_axis',(0.,0.,-1.));
#3209=DIRECTION('ref_axis',(-1.,0.,0.));
#3210=DIRECTION('center_axis',(0.,0.,-1.));
#3211=DIRECTION('ref_axis',(-1.,0.,0.));
#3212=DIRECTION('center_axis',(0.,0.,-1.));
#3213=DIRECTION('ref_axis',(-1.,0.,0.));
#3214=DIRECTION('',(-0.999999994448659,0.000105369264179343,0.));
#3215=DIRECTION('center_axis',(0.,0.,-1.));
#3216=DIRECTION('ref_axis',(-1.,0.,0.));
#3217=DIRECTION('',(-0.999999994448659,0.000105369264179343,0.));
#3218=DIRECTION('center_axis',(0.,0.,-1.));
#3219=DIRECTION('ref_axis',(-1.,0.,0.));
#3220=DIRECTION('',(-0.999999994448659,0.000105369264179343,0.));
#3221=DIRECTION('center_axis',(0.,0.,-1.));
#3222=DIRECTION('ref_axis',(-1.,0.,0.));
#3223=DIRECTION('',(-0.999999994448659,0.000105369264179343,0.));
#3224=DIRECTION('center_axis',(0.,0.,1.));
#3225=DIRECTION('ref_axis',(-1.,0.,0.));
#3226=DIRECTION('center_axis',(0.,0.,1.));
#3227=DIRECTION('ref_axis',(-1.,0.,0.));
#3228=DIRECTION('',(0.,0.,1.));
#3229=DIRECTION('center_axis',(0.,0.,1.));
#3230=DIRECTION('ref_axis',(-1.,0.,0.));
#3231=DIRECTION('',(0.,0.,1.));
#3232=DIRECTION('center_axis',(0.000105369264179343,0.999999994448659,0.));
#3233=DIRECTION('ref_axis',(-0.999999994448659,0.000105369264179343,0.));
#3234=DIRECTION('',(0.,0.,1.));
#3235=DIRECTION('',(-0.999999994448659,0.000105369264179343,0.));
#3236=DIRECTION('center_axis',(0.,0.,1.));
#3237=DIRECTION('ref_axis',(-1.,0.,0.));
#3238=DIRECTION('',(0.,0.,1.));
#3239=DIRECTION('center_axis',(0.,0.,-1.));
#3240=DIRECTION('ref_axis',(-1.,0.,0.));
#3241=DIRECTION('center_axis',(0.000105369264179343,0.999999994448659,0.));
#3242=DIRECTION('ref_axis',(-0.999999994448659,0.000105369264179343,0.));
#3243=DIRECTION('',(-0.999999994448659,0.000105369264179343,0.));
#3244=DIRECTION('',(0.,0.,1.));
#3245=DIRECTION('center_axis',(0.,0.,1.));
#3246=DIRECTION('ref_axis',(-1.,0.,0.));
#3247=DIRECTION('center_axis',(0.,0.,-1.));
#3248=DIRECTION('ref_axis',(-0.000105369264179301,-0.999999994448659,0.));
#3249=DIRECTION('',(0.,0.,1.));
#3250=DIRECTION('center_axis',(0.,0.,1.));
#3251=DIRECTION('ref_axis',(-1.,0.,0.));
#3252=DIRECTION('',(0.,0.,1.));
#3253=DIRECTION('center_axis',(0.,0.,-1.));
#3254=DIRECTION('ref_axis',(-1.,0.,0.));
#3255=DIRECTION('',(0.,0.,1.));
#3256=DIRECTION('center_axis',(0.000105369264179343,0.999999994448659,0.));
#3257=DIRECTION('ref_axis',(-0.999999994448659,0.000105369264179343,0.));
#3258=DIRECTION('',(-0.999999994448659,0.000105369264179343,0.));
#3259=DIRECTION('center_axis',(0.,0.,1.));
#3260=DIRECTION('ref_axis',(-1.,0.,0.));
#3261=DIRECTION('center_axis',(0.,0.,-1.));
#3262=DIRECTION('ref_axis',(-1.,0.,0.));
#3263=DIRECTION('',(0.,0.,-1.));
#3264=DIRECTION('center_axis',(0.000105369264179343,0.999999994448659,0.));
#3265=DIRECTION('ref_axis',(-0.999999994448659,0.000105369264179343,0.));
#3266=DIRECTION('',(-0.999999994448659,0.000105369264179343,0.));
#3267=DIRECTION('center_axis',(0.,0.,-1.));
#3268=DIRECTION('ref_axis',(-1.,0.,0.));
#3269=DIRECTION('center_axis',(0.,0.,1.));
#3270=DIRECTION('ref_axis',(-0.000105369264179301,-0.999999994448659,0.));
#3271=DIRECTION('center_axis',(0.,0.,-1.));
#3272=DIRECTION('ref_axis',(-1.,0.,0.));
#3273=DIRECTION('center_axis',(0.,1.,0.));
#3274=DIRECTION('ref_axis',(-1.,0.,0.));
#3275=DIRECTION('',(0.,1.,0.));
#3276=DIRECTION('center_axis',(0.,1.,0.));
#3277=DIRECTION('ref_axis',(-1.,0.,0.));
#3278=DIRECTION('center_axis',(0.,-1.,0.));
#3279=DIRECTION('ref_axis',(-1.,0.,0.));
#3280=DIRECTION('center_axis',(0.,-1.,0.));
#3281=DIRECTION('ref_axis',(-1.,0.,0.));
#3282=DIRECTION('center_axis',(0.,1.,0.));
#3283=DIRECTION('ref_axis',(-1.,0.,0.));
#3284=DIRECTION('',(0.,1.,0.));
#3285=DIRECTION('center_axis',(0.,1.,0.));
#3286=DIRECTION('ref_axis',(-1.,0.,0.));
#3287=DIRECTION('center_axis',(0.,-1.,0.));
#3288=DIRECTION('ref_axis',(-1.,0.,0.));
#3289=DIRECTION('center_axis',(0.,-1.,0.));
#3290=DIRECTION('ref_axis',(-1.,0.,0.));
#3291=DIRECTION('center_axis',(0.,1.,0.));
#3292=DIRECTION('ref_axis',(-1.,0.,0.));
#3293=DIRECTION('',(0.,1.,0.));
#3294=DIRECTION('center_axis',(0.,1.,0.));
#3295=DIRECTION('ref_axis',(-1.,0.,0.));
#3296=DIRECTION('center_axis',(0.,-1.,0.));
#3297=DIRECTION('ref_axis',(-1.,0.,0.));
#3298=DIRECTION('center_axis',(0.,-1.,0.));
#3299=DIRECTION('ref_axis',(-1.,0.,0.));
#3300=DIRECTION('center_axis',(0.,-1.,0.));
#3301=DIRECTION('ref_axis',(-1.,0.,0.));
#3302=DIRECTION('center_axis',(0.,-1.,0.));
#3303=DIRECTION('ref_axis',(-1.,0.,0.));
#3304=DIRECTION('',(0.,-1.,0.));
#3305=DIRECTION('center_axis',(0.,-1.,0.));
#3306=DIRECTION('ref_axis',(-1.,0.,0.));
#3307=DIRECTION('center_axis',(0.,-1.,0.));
#3308=DIRECTION('ref_axis',(-1.,0.,0.));
#3309=DIRECTION('',(0.,-1.,0.));
#3310=DIRECTION('center_axis',(0.,-1.,0.));
#3311=DIRECTION('ref_axis',(-1.,0.,0.));
#3312=DIRECTION('center_axis',(0.,-1.,0.));
#3313=DIRECTION('ref_axis',(-1.,0.,0.));
#3314=DIRECTION('',(0.,-1.,0.));
#3315=DIRECTION('center_axis',(0.,-1.,0.));
#3316=DIRECTION('ref_axis',(-0.707106781186555,0.,0.70710678118654));
#3317=DIRECTION('',(0.,-1.,0.));
#3318=DIRECTION('center_axis',(0.,1.,0.));
#3319=DIRECTION('ref_axis',(-0.707106781186555,0.,0.70710678118654));
#3320=DIRECTION('',(0.,1.,0.));
#3321=DIRECTION('center_axis',(-0.707106781186548,-0.707106781186548,0.));
#3322=DIRECTION('ref_axis',(-0.707106781186548,0.707106781186548,0.));
#3323=DIRECTION('center_axis',(-1.,0.,0.));
#3324=DIRECTION('ref_axis',(0.,0.707106781186554,0.707106781186541));
#3325=DIRECTION('',(-1.,0.,0.));
#3326=DIRECTION('',(1.,0.,0.));
#3327=DIRECTION('center_axis',(-0.892528902451598,-0.450990197552615,1.98181227529037E-15));
#3328=DIRECTION('ref_axis',(0.450990197552615,-0.892528902451598,3.92209131047391E-15));
#3329=DIRECTION('center_axis',(-0.593215683422903,-0.805043572076132,0.));
#3330=DIRECTION('ref_axis',(-0.569251768965679,0.419466832454552,0.70710678118654));
#3331=DIRECTION('',(-0.593215683422903,-0.805043572076132,0.));
#3332=DIRECTION('',(0.593215683422903,0.805043572076132,0.));
#3333=DIRECTION('center_axis',(0.450990197552616,-0.892528902451597,0.));
#3334=DIRECTION('ref_axis',(0.892528902451597,0.450990197552616,0.));
#3335=DIRECTION('center_axis',(1.,0.,0.));
#3336=DIRECTION('ref_axis',(0.,-0.707106781186554,0.707106781186541));
#3337=DIRECTION('',(1.,0.,0.));
#3338=DIRECTION('',(-1.,0.,0.));
#3339=DIRECTION('center_axis',(0.707106781186546,-0.707106781186549,0.));
#3340=DIRECTION('ref_axis',(-0.707106781186549,-0.707106781186546,0.));
#3341=DIRECTION('center_axis',(0.,-1.,0.));
#3342=DIRECTION('ref_axis',(-0.707106781186555,0.,0.70710678118654));
#3343=DIRECTION('',(0.,-1.,0.));
#3344=DIRECTION('',(0.,1.,0.));
#3345=DIRECTION('center_axis',(-0.707106781186546,-0.707106781186549,-7.85046229341889E-16));
#3346=DIRECTION('ref_axis',(-0.707106781186549,0.707106781186546,-7.85046229341892E-16));
#3347=DIRECTION('center_axis',(-1.,0.,0.));
#3348=DIRECTION('ref_axis',(0.,0.707106781186554,0.707106781186541));
#3349=DIRECTION('',(-1.,0.,0.));
#3350=DIRECTION('',(1.,0.,0.));
#3351=DIRECTION('center_axis',(-0.707106781186546,0.707106781186549,0.));
#3352=DIRECTION('ref_axis',(0.707106781186549,0.707106781186546,0.));
#3353=DIRECTION('center_axis',(0.,1.,0.));
#3354=DIRECTION('ref_axis',(0.707106781186555,0.,0.70710678118654));
#3355=DIRECTION('',(0.,1.,0.));
#3356=DIRECTION('',(0.,-1.,0.));
#3357=DIRECTION('center_axis',(0.707106781186546,0.707106781186549,0.));
#3358=DIRECTION('ref_axis',(0.707106781186549,-0.707106781186546,0.));
#3359=DIRECTION('center_axis',(1.,0.,0.));
#3360=DIRECTION('ref_axis',(0.,-0.707106781186554,0.707106781186541));
#3361=DIRECTION('',(1.,0.,0.));
#3362=DIRECTION('',(-1.,0.,0.));
#3363=DIRECTION('center_axis',(0.450990197552616,0.892528902451597,0.));
#3364=DIRECTION('ref_axis',(-0.892528902451597,0.450990197552616,0.));
#3365=DIRECTION('center_axis',(-0.593215683422903,0.805043572076132,0.));
#3366=DIRECTION('ref_axis',(0.56925176896568,0.419466832454551,0.70710678118654));
#3367=DIRECTION('',(-0.593215683422903,0.805043572076132,0.));
#3368=DIRECTION('',(0.593215683422903,-0.805043572076132,0.));
#3369=DIRECTION('center_axis',(-0.892528902451598,0.450990197552615,0.));
#3370=DIRECTION('ref_axis',(-0.450990197552615,-0.892528902451597,0.));
#3371=DIRECTION('center_axis',(-1.,-8.88178419700125E-16,0.));
#3372=DIRECTION('ref_axis',(0.,0.707106781186557,0.707106781186538));
#3373=DIRECTION('',(-1.,-8.88178419700125E-16,0.));
#3374=DIRECTION('',(1.,8.88178419700125E-16,0.));
#3375=DIRECTION('center_axis',(-0.707106781186548,0.707106781186548,0.));
#3376=DIRECTION('ref_axis',(0.707106781186548,0.707106781186548,0.));
#3377=DIRECTION('center_axis',(0.,1.,0.));
#3378=DIRECTION('ref_axis',(0.707106781186555,0.,0.70710678118654));
#3379=DIRECTION('',(0.,-1.,0.));
#3380=DIRECTION('center_axis',(0.,1.,0.));
#3381=DIRECTION('ref_axis',(0.707106781186555,0.,0.70710678118654));
#3382=DIRECTION('',(0.,1.,0.));
#3383=DIRECTION('center_axis',(0.,0.,-1.));
#3384=DIRECTION('ref_axis',(-1.,0.,0.));
#3385=DIRECTION('',(1.,0.,0.));
#3386=DIRECTION('center_axis',(0.,0.,-1.));
#3387=DIRECTION('ref_axis',(-1.,0.,0.));
#3388=DIRECTION('',(1.,0.,0.));
#3389=DIRECTION('center_axis',(0.,-1.,0.));
#3390=DIRECTION('ref_axis',(1.,0.,0.));
#3391=DIRECTION('',(0.,0.,1.));
#3392=DIRECTION('',(1.,0.,0.));
#3393=DIRECTION('',(0.,0.,1.));
#3394=DIRECTION('center_axis',(-8.88178419700125E-16,1.,0.));
#3395=DIRECTION('ref_axis',(-1.,-8.88178419700125E-16,0.));
#3396=DIRECTION('',(0.,0.,1.));
#3397=DIRECTION('',(-1.,-8.88178419700125E-16,0.));
#3398=DIRECTION('',(0.,0.,1.));
#3399=DIRECTION('center_axis',(1.,0.,0.));
#3400=DIRECTION('ref_axis',(0.,1.,0.));
#3401=DIRECTION('',(0.,0.,1.));
#3402=DIRECTION('',(0.,1.,0.));
#3403=DIRECTION('center_axis',(0.,-1.,0.));
#3404=DIRECTION('ref_axis',(1.,0.,0.));
#3405=DIRECTION('',(0.,0.,1.));
#3406=DIRECTION('',(-1.,0.,0.));
#3407=DIRECTION('center_axis',(0.,0.,1.));
#3408=DIRECTION('ref_axis',(-1.,0.,0.));
#3409=DIRECTION('center_axis',(0.,0.,1.));
#3410=DIRECTION('ref_axis',(-1.,0.,0.));
#3411=DIRECTION('center_axis',(-1.,0.,0.));
#3412=DIRECTION('ref_axis',(0.,-1.,0.));
#3413=DIRECTION('',(0.,0.,1.));
#3414=DIRECTION('',(0.,1.,0.));
#3415=DIRECTION('center_axis',(0.,1.,0.));
#3416=DIRECTION('ref_axis',(-1.,0.,0.));
#3417=DIRECTION('',(0.,0.,1.));
#3418=DIRECTION('',(1.,0.,0.));
#3419=DIRECTION('center_axis',(-0.805043572076132,0.593215683422903,0.));
#3420=DIRECTION('ref_axis',(-0.593215683422903,-0.805043572076132,0.));
#3421=DIRECTION('',(0.,0.,1.));
#3422=DIRECTION('',(-0.593215683422903,-0.805043572076132,0.));
#3423=DIRECTION('center_axis',(0.,-1.,0.));
#3424=DIRECTION('ref_axis',(1.,0.,0.));
#3425=DIRECTION('',(0.,0.,1.));
#3426=DIRECTION('',(-1.,0.,0.));
#3427=DIRECTION('center_axis',(-1.,0.,0.));
#3428=DIRECTION('ref_axis',(0.,-1.,0.));
#3429=DIRECTION('',(0.,0.,1.));
#3430=DIRECTION('',(0.,1.,0.));
#3431=DIRECTION('center_axis',(0.,1.,0.));
#3432=DIRECTION('ref_axis',(-1.,0.,0.));
#3433=DIRECTION('',(0.,0.,1.));
#3434=DIRECTION('',(1.,0.,0.));
#3435=DIRECTION('center_axis',(1.,0.,0.));
#3436=DIRECTION('ref_axis',(0.,1.,0.));
#3437=DIRECTION('',(0.,0.,1.));
#3438=DIRECTION('',(0.,1.,0.));
#3439=DIRECTION('center_axis',(0.,-1.,0.));
#3440=DIRECTION('ref_axis',(1.,0.,0.));
#3441=DIRECTION('',(0.,0.,1.));
#3442=DIRECTION('',(1.,0.,0.));
#3443=DIRECTION('center_axis',(0.805043572076132,0.593215683422903,0.));
#3444=DIRECTION('ref_axis',(-0.593215683422903,0.805043572076132,0.));
#3445=DIRECTION('',(0.593215683422903,-0.805043572076132,0.));
#3446=DIRECTION('center_axis',(0.,0.,-1.));
#3447=DIRECTION('ref_axis',(-1.,0.,0.));
#3448=DIRECTION('center_axis',(0.,0.,-1.));
#3449=DIRECTION('ref_axis',(-1.,0.,0.));
#3450=DIRECTION('center_axis',(0.,0.,-1.));
#3451=DIRECTION('ref_axis',(-1.,0.,0.));
#3452=DIRECTION('',(0.999999994448711,-0.000105368774958184,0.));
#3453=DIRECTION('center_axis',(0.,0.,-1.));
#3454=DIRECTION('ref_axis',(-1.,0.,0.));
#3455=DIRECTION('',(0.999999994448711,-0.000105368774958184,0.));
#3456=DIRECTION('center_axis',(0.,0.,-1.));
#3457=DIRECTION('ref_axis',(-1.,0.,0.));
#3458=DIRECTION('',(0.999999994448711,-0.000105368774958184,0.));
#3459=DIRECTION('center_axis',(0.,0.,-1.));
#3460=DIRECTION('ref_axis',(-1.,0.,0.));
#3461=DIRECTION('',(0.999999994448711,-0.000105368774958184,0.));
#3462=DIRECTION('center_axis',(0.,0.,1.));
#3463=DIRECTION('ref_axis',(-1.,0.,0.));
#3464=DIRECTION('center_axis',(0.,0.,1.));
#3465=DIRECTION('ref_axis',(-1.,0.,0.));
#3466=DIRECTION('',(0.,0.,1.));
#3467=DIRECTION('center_axis',(0.,0.,1.));
#3468=DIRECTION('ref_axis',(-1.,0.,0.));
#3469=DIRECTION('',(0.,0.,1.));
#3470=DIRECTION('center_axis',(-0.000105368774958184,-0.999999994448711,
0.));
#3471=DIRECTION('ref_axis',(0.999999994448711,-0.000105368774958184,0.));
#3472=DIRECTION('',(0.,0.,1.));
#3473=DIRECTION('',(0.999999994448711,-0.000105368774958184,0.));
#3474=DIRECTION('center_axis',(0.,0.,1.));
#3475=DIRECTION('ref_axis',(-1.,0.,0.));
#3476=DIRECTION('',(0.,0.,1.));
#3477=DIRECTION('center_axis',(0.,0.,-1.));
#3478=DIRECTION('ref_axis',(-1.,0.,0.));
#3479=DIRECTION('center_axis',(-0.000105368774958184,-0.999999994448711,
0.));
#3480=DIRECTION('ref_axis',(0.999999994448711,-0.000105368774958184,0.));
#3481=DIRECTION('',(0.999999994448711,-0.000105368774958184,0.));
#3482=DIRECTION('',(0.,0.,1.));
#3483=DIRECTION('center_axis',(0.,0.,1.));
#3484=DIRECTION('ref_axis',(-1.,0.,0.));
#3485=DIRECTION('center_axis',(0.,0.,-1.));
#3486=DIRECTION('ref_axis',(0.000105368774958062,0.999999994448711,0.));
#3487=DIRECTION('',(0.,0.,1.));
#3488=DIRECTION('center_axis',(0.,0.,1.));
#3489=DIRECTION('ref_axis',(-1.,0.,0.));
#3490=DIRECTION('',(0.,0.,1.));
#3491=DIRECTION('center_axis',(0.,0.,-1.));
#3492=DIRECTION('ref_axis',(-1.,0.,0.));
#3493=DIRECTION('',(0.,0.,1.));
#3494=DIRECTION('center_axis',(-0.000105368774958184,-0.999999994448711,
0.));
#3495=DIRECTION('ref_axis',(0.999999994448711,-0.000105368774958184,0.));
#3496=DIRECTION('',(0.999999994448711,-0.000105368774958184,0.));
#3497=DIRECTION('center_axis',(0.,0.,1.));
#3498=DIRECTION('ref_axis',(-1.,0.,0.));
#3499=DIRECTION('center_axis',(0.,0.,-1.));
#3500=DIRECTION('ref_axis',(-1.,0.,0.));
#3501=DIRECTION('',(0.,0.,-1.));
#3502=DIRECTION('center_axis',(-0.000105368774958184,-0.999999994448711,
0.));
#3503=DIRECTION('ref_axis',(0.999999994448711,-0.000105368774958184,0.));
#3504=DIRECTION('',(0.999999994448711,-0.000105368774958184,0.));
#3505=DIRECTION('center_axis',(0.,0.,-1.));
#3506=DIRECTION('ref_axis',(-1.,0.,0.));
#3507=DIRECTION('center_axis',(0.,0.,1.));
#3508=DIRECTION('ref_axis',(0.000105368774958062,0.999999994448711,0.));
#3509=DIRECTION('center_axis',(0.,0.,-1.));
#3510=DIRECTION('ref_axis',(-1.,0.,0.));
#3511=DIRECTION('',(0.,0.,1.));
#3512=DIRECTION('',(1.,0.,0.));
#3513=DIRECTION('',(0.,0.,1.));
#3514=DIRECTION('',(1.,0.,0.));
#3515=CARTESIAN_POINT('',(0.,0.,0.));
#3516=CARTESIAN_POINT('',(0.,0.,0.));
#3517=CARTESIAN_POINT('Origin',(-167.831372104676,-0.333322649397765,75.4999999955644));
#3518=CARTESIAN_POINT('',(-290.991886312251,1.36667735059849,75.5000000223446));
#3519=CARTESIAN_POINT('Origin',(-290.991886312251,-0.333322649401513,75.5000000223446));
#3520=CARTESIAN_POINT('',(-293.991886312251,1.3666773505984,75.5000000229969));
#3521=CARTESIAN_POINT('',(-167.831372104676,1.36667735060223,75.4999999955644));
#3522=CARTESIAN_POINT('Origin',(-293.991886312251,-0.333322649401602,75.5000000229969));
#3523=CARTESIAN_POINT('Origin',(-167.831372104677,30.6666773506022,75.4999999955653));
#3524=CARTESIAN_POINT('',(-290.991886312252,32.3666773505985,75.5000000223455));
#3525=CARTESIAN_POINT('Origin',(-290.991886312252,30.6666773505985,75.5000000223455));
#3526=CARTESIAN_POINT('',(-293.991886312252,32.3666773505984,75.5000000229978));
#3527=CARTESIAN_POINT('',(-167.831372104677,32.3666773506022,75.4999999955653));
#3528=CARTESIAN_POINT('Origin',(-293.991886312252,30.6666773505984,75.5000000229978));
#3529=CARTESIAN_POINT('Origin',(-167.831372111416,-0.333322649396841,44.4999999955644));
#3530=CARTESIAN_POINT('',(-290.991886318992,1.36667735059941,44.5000000223446));
#3531=CARTESIAN_POINT('Origin',(-290.991886318992,-0.333322649400589,44.5000000223446));
#3532=CARTESIAN_POINT('',(-293.991886318992,1.36667735059932,44.5000000229969));
#3533=CARTESIAN_POINT('',(-167.831372111417,1.36667735060316,44.4999999955644));
#3534=CARTESIAN_POINT('Origin',(-293.991886318992,-0.333322649400678,44.5000000229969));
#3535=CARTESIAN_POINT('Origin',(-167.831372111417,30.6666773506032,44.4999999955654));
#3536=CARTESIAN_POINT('',(-290.991886318993,32.3666773505994,44.5000000223455));
#3537=CARTESIAN_POINT('Origin',(-290.991886318993,30.6666773505994,44.5000000223455));
#3538=CARTESIAN_POINT('',(-293.991886318993,32.3666773505993,44.5000000229978));
#3539=CARTESIAN_POINT('',(-167.831372111417,32.3666773506032,44.4999999955654));
#3540=CARTESIAN_POINT('Origin',(-293.991886318993,30.6666773505993,44.5000000229979));
#3541=CARTESIAN_POINT('Origin',(-293.992372108047,15.1666773505989,60.0000000229975));
#3542=CARTESIAN_POINT('',(-293.991886315622,26.1666773505989,60.0000000229974));
#3543=CARTESIAN_POINT('Origin',(-293.991886315622,15.1666773505989,60.0000000229974));
#3544=CARTESIAN_POINT('',(-291.692372108047,26.166677350599,60.0000000224974));
#3545=CARTESIAN_POINT('',(-293.992372108047,26.1666773505989,60.0000000229975));
#3546=CARTESIAN_POINT('Origin',(-291.692372108047,15.166677350599,60.0000000224974));
#3547=CARTESIAN_POINT('Origin',(-291.692372108047,15.166677350599,60.0000000224974));
#3548=CARTESIAN_POINT('',(-291.692372108047,19.4166773505989,60.0000000275848));
#3549=CARTESIAN_POINT('Origin',(-291.692372108047,15.1666773505989,60.0000000275846));
#3550=CARTESIAN_POINT('Origin',(-293.992372103046,45.1666773505988,83.0000000280849));
#3551=CARTESIAN_POINT('',(-293.991886310622,45.1666773505988,83.0000000280847));
#3552=CARTESIAN_POINT('',(-293.991886320624,45.1666773505988,37.000000023007));
#3553=CARTESIAN_POINT('',(-293.991886328017,45.1666773505988,3.00000002808474));
#3554=CARTESIAN_POINT('',(-293.992372103046,45.1666773505988,83.0000000280849));
#3555=CARTESIAN_POINT('',(-293.992372103046,45.1666773505988,83.0000000280849));
#3556=CARTESIAN_POINT('',(-293.992372113049,45.1666773505988,37.000000023007));
#3557=CARTESIAN_POINT('',(-293.992372103046,45.1666773505988,83.0000000280849));
#3558=CARTESIAN_POINT('',(-293.992372113049,45.1666773505988,37.000000023007));
#3559=CARTESIAN_POINT('Origin',(-293.992372108048,54.1666773505988,60.0000000280849));
#3560=CARTESIAN_POINT('',(-290.992372108048,58.2666773505989,60.0000000274326));
#3561=CARTESIAN_POINT('Origin',(-290.992372108048,54.1666773505989,60.0000000274326));
#3562=CARTESIAN_POINT('',(-293.992372108048,58.2666773505988,60.0000000280849));
#3563=CARTESIAN_POINT('',(-293.992372108048,58.2666773505988,60.0000000280849));
#3564=CARTESIAN_POINT('Origin',(-293.992372108048,54.1666773505988,60.0000000280849));
#3565=CARTESIAN_POINT('Origin',(-293.992372111527,54.1666773505988,44.0000000280849));
#3566=CARTESIAN_POINT('',(-290.992372111527,56.9166773505989,44.0000000274325));
#3567=CARTESIAN_POINT('Origin',(-290.992372111527,54.1666773505989,44.0000000274325));
#3568=CARTESIAN_POINT('',(-293.992372111527,56.9166773505988,44.0000000280849));
#3569=CARTESIAN_POINT('',(-293.992372111527,56.9166773505988,44.0000000280849));
#3570=CARTESIAN_POINT('Origin',(-293.992372111527,54.1666773505988,44.0000000280849));
#3571=CARTESIAN_POINT('Origin',(-293.992372104569,54.1666773505988,76.0000000280849));
#3572=CARTESIAN_POINT('',(-290.992372104569,56.9166773505989,76.0000000274325));
#3573=CARTESIAN_POINT('Origin',(-290.992372104569,54.1666773505989,76.0000000274325));
#3574=CARTESIAN_POINT('',(-293.992372104569,56.9166773505988,76.0000000280849));
#3575=CARTESIAN_POINT('',(-293.992372104569,56.9166773505988,76.0000000280849));
#3576=CARTESIAN_POINT('Origin',(-293.992372104569,54.1666773505988,76.0000000280849));
#3577=CARTESIAN_POINT('Origin',(-293.992372113049,45.1666773505988,37.000000023007));
#3578=CARTESIAN_POINT('',(-293.992372113049,62.1666773505988,37.000000023007));
#3579=CARTESIAN_POINT('',(-293.992372113049,45.1666773505988,37.000000023007));
#3580=CARTESIAN_POINT('',(-290.992372113049,62.1666773505989,37.0000000223547));
#3581=CARTESIAN_POINT('',(-293.992372113049,62.1666773505988,37.000000023007));
#3582=CARTESIAN_POINT('',(-290.992372113049,45.1666773505989,37.0000000223547));
#3583=CARTESIAN_POINT('',(-290.992372113049,45.1666773505989,37.0000000223547));
#3584=CARTESIAN_POINT('',(-293.992129216836,45.1666773505988,37.000000023007));
#3585=CARTESIAN_POINT('Origin',(-293.992372113049,62.1666773505988,37.000000023007));
#3586=CARTESIAN_POINT('',(-293.992372103047,62.1666773505988,83.0000000280849));
#3587=CARTESIAN_POINT('',(-293.992372113049,62.1666773505988,37.000000023007));
#3588=CARTESIAN_POINT('',(-290.992372103047,62.1666773505989,83.0000000274325));
#3589=CARTESIAN_POINT('',(-293.992372103047,62.1666773505988,83.0000000280849));
#3590=CARTESIAN_POINT('',(-290.992372113049,62.1666773505989,37.0000000223547));
#3591=CARTESIAN_POINT('Origin',(-293.992372108048,53.6666773505988,60.000000025546));
#3592=CARTESIAN_POINT('',(-293.992372103047,62.1666773505988,83.0000000280849));
#3593=CARTESIAN_POINT('Origin',(-290.992372108048,53.6666773505989,60.0000000248937));
#3594=CARTESIAN_POINT('',(-290.992372103046,45.1666773505989,83.0000000274325));
#3595=CARTESIAN_POINT('',(-290.992372103047,62.1666773505989,83.0000000274325));
#3596=CARTESIAN_POINT('',(-290.992372114245,45.1666773505989,31.5000000261631));
#3597=CARTESIAN_POINT('Origin',(-293.991886328017,45.1666773505988,3.00000002808471));
#3598=CARTESIAN_POINT('',(-290.991886310622,45.1666773505989,83.0000000274324));
#3599=CARTESIAN_POINT('',(-283.991886310622,45.1666773505991,83.0000000259103));
#3600=CARTESIAN_POINT('',(-290.991886328017,45.1666773505989,3.00000002743239));
#3601=CARTESIAN_POINT('',(-290.991886328017,45.1666773505989,3.00000002743239));
#3602=CARTESIAN_POINT('',(-167.831372120442,45.1666773506026,3.00000000065225));
#3603=CARTESIAN_POINT('',(-283.991886328017,45.1666773505991,3.0000000259103));
#3604=CARTESIAN_POINT('',(-167.831372113049,45.1666773506026,36.9999999955744));
#3605=CARTESIAN_POINT('',(-167.831372120442,45.1666773506026,3.00000000065225));
#3606=CARTESIAN_POINT('',(-164.831372113049,45.1666773506027,36.9999999949221));
#3607=CARTESIAN_POINT('',(-230.911629216836,45.1666773506007,37.0000000092908));
#3608=CARTESIAN_POINT('',(-164.831372121094,45.1666773506027,0.));
#3609=CARTESIAN_POINT('',(-164.831372120442,45.1666773506027,3.00000000000001));
#3610=CARTESIAN_POINT('',(-293.991886328669,45.1666773505988,2.80847345379698E-8));
#3611=CARTESIAN_POINT('',(-283.991886328669,45.1666773505991,2.59102961308599E-8));
#3612=CARTESIAN_POINT('',(-293.991886328017,45.1666773505988,3.00000002808474));
#3613=CARTESIAN_POINT('Origin',(-293.992372108045,-23.8333226494011,60.0000000280849));
#3614=CARTESIAN_POINT('',(-290.992372108046,-19.733322649401,60.0000000274326));
#3615=CARTESIAN_POINT('Origin',(-290.992372108045,-23.833322649401,60.0000000274326));
#3616=CARTESIAN_POINT('',(-293.992372108046,-19.7333226494011,60.0000000280849));
#3617=CARTESIAN_POINT('',(-293.992372108046,-19.7333226494011,60.0000000280849));
#3618=CARTESIAN_POINT('Origin',(-293.992372108045,-23.8333226494011,60.0000000280849));
#3619=CARTESIAN_POINT('Origin',(-293.992372111525,-23.8333226494011,44.0000000280849));
#3620=CARTESIAN_POINT('',(-290.992372111525,-21.083322649401,44.0000000274326));
#3621=CARTESIAN_POINT('Origin',(-290.992372111525,-23.833322649401,44.0000000274326));
#3622=CARTESIAN_POINT('',(-293.992372111525,-21.0833226494011,44.0000000280849));
#3623=CARTESIAN_POINT('',(-293.992372111525,-21.0833226494011,44.0000000280849));
#3624=CARTESIAN_POINT('Origin',(-293.992372111525,-23.8333226494011,44.0000000280849));
#3625=CARTESIAN_POINT('Origin',(-293.992372104566,-23.8333226494011,76.0000000280849));
#3626=CARTESIAN_POINT('',(-290.992372104566,-21.083322649401,76.0000000274326));
#3627=CARTESIAN_POINT('Origin',(-290.992372104566,-23.833322649401,76.0000000274326));
#3628=CARTESIAN_POINT('',(-293.992372104566,-21.0833226494011,76.0000000280849));
#3629=CARTESIAN_POINT('',(-293.992372104566,-21.0833226494011,76.0000000280849));
#3630=CARTESIAN_POINT('Origin',(-293.992372104566,-23.8333226494011,76.0000000280849));
#3631=CARTESIAN_POINT('Origin',(-293.992372103044,-31.8333226494011,83.0000000280849));
#3632=CARTESIAN_POINT('',(-293.992372113046,-31.8333226494011,37.000000023007));
#3633=CARTESIAN_POINT('',(-293.992372103044,-31.8333226494011,83.0000000280849));
#3634=CARTESIAN_POINT('',(-293.992372113046,-31.8333226494011,37.000000023007));
#3635=CARTESIAN_POINT('',(-290.992372113046,-31.833322649401,37.0000000223547));
#3636=CARTESIAN_POINT('',(-293.992372113046,-31.8333226494011,37.000000023007));
#3637=CARTESIAN_POINT('',(-290.992372103044,-31.833322649401,83.0000000274325));
#3638=CARTESIAN_POINT('',(-290.992372113046,-31.833322649401,37.0000000223547));
#3639=CARTESIAN_POINT('',(-293.992372103044,-31.8333226494011,83.0000000280849));
#3640=CARTESIAN_POINT('Origin',(-293.992372113047,-14.8333226494011,37.000000023007));
#3641=CARTESIAN_POINT('',(-293.99188631062,-14.8333226494011,83.0000000280847));
#3642=CARTESIAN_POINT('',(-293.991886320623,-14.8333226494011,37.000000023007));
#3643=CARTESIAN_POINT('',(-293.991886328015,-14.8333226494011,3.00000002808474));
#3644=CARTESIAN_POINT('',(-293.992372113047,-14.8333226494011,37.000000023007));
#3645=CARTESIAN_POINT('',(-293.992372113047,-14.8333226494011,37.000000023007));
#3646=CARTESIAN_POINT('',(-293.992372103045,-14.8333226494011,83.0000000280849));
#3647=CARTESIAN_POINT('',(-293.99237212044,-14.8333226494011,3.00000002808488));
#3648=CARTESIAN_POINT('',(-293.992372103045,-14.8333226494011,83.0000000280849));
#3649=CARTESIAN_POINT('Origin',(-293.992372113046,-31.8333226494011,37.0000000230071));
#3650=CARTESIAN_POINT('',(-293.992372113047,-14.8333226494011,37.000000023007));
#3651=CARTESIAN_POINT('',(-290.992372113047,-14.833322649401,37.0000000223547));
#3652=CARTESIAN_POINT('',(-229.411872113047,-14.8333226493991,37.0000000089644));
#3653=CARTESIAN_POINT('',(-290.992372113047,-14.833322649401,37.0000000223547));
#3654=CARTESIAN_POINT('Origin',(-293.992372108045,-23.3333226494011,60.000000025546));
#3655=CARTESIAN_POINT('',(-293.992372103044,-31.8333226494011,83.0000000280849));
#3656=CARTESIAN_POINT('Origin',(-290.992372108045,-23.333322649401,60.0000000248937));
#3657=CARTESIAN_POINT('',(-290.992372103045,-14.833322649401,83.0000000274325));
#3658=CARTESIAN_POINT('',(-290.992372114243,-14.833322649401,31.5000000261631));
#3659=CARTESIAN_POINT('',(-290.992372103044,-31.833322649401,83.0000000274325));
#3660=CARTESIAN_POINT('Origin',(-167.831372108047,15.1666773506027,60.0000000006523));
#3661=CARTESIAN_POINT('',(-290.991886315622,19.4166773505989,60.0000000274323));
#3662=CARTESIAN_POINT('',(-167.831372108047,19.4166773506027,60.0000000006523));
#3663=CARTESIAN_POINT('Origin',(-290.991886315622,15.1666773505989,60.0000000274323));
#3664=CARTESIAN_POINT('Origin',(-167.831372108047,15.1666773506027,60.0000000006523));
#3665=CARTESIAN_POINT('',(-167.831372108047,19.4166773506027,60.0000000006523));
#3666=CARTESIAN_POINT('Origin',(-167.831372108047,15.1666773506027,60.0000000006523));
#3667=CARTESIAN_POINT('',(-164.831372108047,19.4166773506028,59.9999999999999));
#3668=CARTESIAN_POINT('',(-167.831372108047,19.4166773506027,60.0000000006523));
#3669=CARTESIAN_POINT('Origin',(-164.831372108047,15.1666773506028,59.9999999999999));
#3670=CARTESIAN_POINT('Origin',(-167.831372108048,54.1666773506026,60.0000000006523));
#3671=CARTESIAN_POINT('',(-164.831372108048,58.2666773506027,59.9999999999999));
#3672=CARTESIAN_POINT('Origin',(-164.831372108048,54.1666773506027,59.9999999999999));
#3673=CARTESIAN_POINT('',(-167.831372108048,58.2666773506026,60.0000000006523));
#3674=CARTESIAN_POINT('',(-167.831372108048,58.2666773506026,60.0000000006523));
#3675=CARTESIAN_POINT('Origin',(-167.831372108048,54.1666773506026,60.0000000006523));
#3676=CARTESIAN_POINT('Origin',(-167.831372111527,54.1666773506026,44.0000000006523));
#3677=CARTESIAN_POINT('',(-164.831372111527,56.9166773506027,43.9999999999999));
#3678=CARTESIAN_POINT('Origin',(-164.831372111527,54.1666773506027,43.9999999999999));
#3679=CARTESIAN_POINT('',(-167.831372111527,56.9166773506026,44.0000000006523));
#3680=CARTESIAN_POINT('',(-167.831372111527,56.9166773506026,44.0000000006523));
#3681=CARTESIAN_POINT('Origin',(-167.831372111527,54.1666773506026,44.0000000006523));
#3682=CARTESIAN_POINT('Origin',(-167.831372104569,54.1666773506026,76.0000000006522));
#3683=CARTESIAN_POINT('',(-164.831372104569,56.9166773506027,75.9999999999999));
#3684=CARTESIAN_POINT('Origin',(-164.831372104569,54.1666773506027,75.9999999999999));
#3685=CARTESIAN_POINT('',(-167.831372104569,56.9166773506026,76.0000000006522));
#3686=CARTESIAN_POINT('',(-167.831372104569,56.9166773506026,76.0000000006522));
#3687=CARTESIAN_POINT('Origin',(-167.831372104569,54.1666773506026,76.0000000006522));
#3688=CARTESIAN_POINT('Origin',(-167.831372113049,45.1666773506026,36.9999999955744));
#3689=CARTESIAN_POINT('',(-167.831372113049,62.1666773506026,36.9999999955744));
#3690=CARTESIAN_POINT('',(-167.831372113049,45.1666773506026,36.9999999955744));
#3691=CARTESIAN_POINT('',(-164.831372113049,62.1666773506027,36.9999999949221));
#3692=CARTESIAN_POINT('',(-167.831372113049,62.1666773506026,36.9999999955744));
#3693=CARTESIAN_POINT('',(-164.831372113049,45.1666773506027,36.9999999949221));
#3694=CARTESIAN_POINT('Origin',(-167.831372113049,62.1666773506026,36.9999999955744));
#3695=CARTESIAN_POINT('',(-167.831372103047,62.1666773506026,83.0000000006522));
#3696=CARTESIAN_POINT('',(-167.831372113049,62.1666773506026,36.9999999955744));
#3697=CARTESIAN_POINT('',(-164.831372103047,62.1666773506027,82.9999999999999));
#3698=CARTESIAN_POINT('',(-167.831372103047,62.1666773506026,83.0000000006522));
#3699=CARTESIAN_POINT('',(-164.831372113049,62.1666773506027,36.9999999949221));
#3700=CARTESIAN_POINT('Origin',(-167.831372108045,-23.8333226493973,60.0000000006523));
#3701=CARTESIAN_POINT('',(-164.831372108046,-19.7333226493972,60.));
#3702=CARTESIAN_POINT('Origin',(-164.831372108045,-23.8333226493972,60.));
#3703=CARTESIAN_POINT('',(-167.831372108046,-19.7333226493973,60.0000000006523));
#3704=CARTESIAN_POINT('',(-167.831372108046,-19.7333226493973,60.0000000006523));
#3705=CARTESIAN_POINT('Origin',(-167.831372108045,-23.8333226493973,60.0000000006523));
#3706=CARTESIAN_POINT('Origin',(-167.831372111525,-23.8333226493973,44.0000000006523));
#3707=CARTESIAN_POINT('',(-164.831372111525,-21.0833226493972,44.));
#3708=CARTESIAN_POINT('Origin',(-164.831372111525,-23.8333226493972,44.));
#3709=CARTESIAN_POINT('',(-167.831372111525,-21.0833226493973,44.0000000006523));
#3710=CARTESIAN_POINT('',(-167.831372111525,-21.0833226493973,44.0000000006523));
#3711=CARTESIAN_POINT('Origin',(-167.831372111525,-23.8333226493973,44.0000000006523));
#3712=CARTESIAN_POINT('Origin',(-167.831372104566,-23.8333226493973,76.0000000006523));
#3713=CARTESIAN_POINT('',(-164.831372104566,-21.0833226493972,75.9999999999999));
#3714=CARTESIAN_POINT('Origin',(-164.831372104566,-23.8333226493972,75.9999999999999));
#3715=CARTESIAN_POINT('',(-167.831372104566,-21.0833226493973,76.0000000006523));
#3716=CARTESIAN_POINT('',(-167.831372104566,-21.0833226493973,76.0000000006523));
#3717=CARTESIAN_POINT('Origin',(-167.831372104566,-23.8333226493973,76.0000000006523));
#3718=CARTESIAN_POINT('Origin',(-167.831372103044,-31.8333226493973,83.0000000006522));
#3719=CARTESIAN_POINT('',(-167.831372113046,-31.8333226493973,36.9999999955744));
#3720=CARTESIAN_POINT('',(-167.831372103044,-31.8333226493973,83.0000000006522));
#3721=CARTESIAN_POINT('',(-167.831372113046,-31.8333226493973,36.9999999955744));
#3722=CARTESIAN_POINT('',(-164.831372113046,-31.8333226493972,36.9999999949221));
#3723=CARTESIAN_POINT('',(-167.831372113046,-31.8333226493973,36.9999999955744));
#3724=CARTESIAN_POINT('',(-164.831372103044,-31.8333226493972,82.9999999999999));
#3725=CARTESIAN_POINT('',(-164.831372113046,-31.8333226493972,36.9999999949221));
#3726=CARTESIAN_POINT('',(-167.831372103044,-31.8333226493973,83.0000000006522));
#3727=CARTESIAN_POINT('Origin',(-167.831372113046,-31.8333226493973,36.9999999955745));
#3728=CARTESIAN_POINT('',(-167.831372113047,-14.8333226493973,36.9999999955744));
#3729=CARTESIAN_POINT('',(-167.831372113047,-14.8333226493973,36.9999999955744));
#3730=CARTESIAN_POINT('',(-164.831372113047,-14.8333226493972,36.9999999949221));
#3731=CARTESIAN_POINT('',(-166.331372113047,-14.8333226493972,36.9999999952483));
#3732=CARTESIAN_POINT('',(-164.831372113047,-14.8333226493972,36.9999999949221));
#3733=CARTESIAN_POINT('Origin',(-167.831372120442,45.1666773506026,3.00000000065225));
#3734=CARTESIAN_POINT('',(-167.83137212044,-14.8333226493973,3.00000000065229));
#3735=CARTESIAN_POINT('',(-167.831372120441,30.1666773506027,3.00000000065232));
#3736=CARTESIAN_POINT('',(-167.83137212044,-14.8333226493973,3.00000000065229));
#3737=CARTESIAN_POINT('',(-167.831372103047,62.1666773506026,83.0000000006522));
#3738=CARTESIAN_POINT('Origin',(-166.331372103045,15.1666773506027,83.0000000003262));
#3739=CARTESIAN_POINT('',(-164.831372103044,-31.8333226493972,82.9999999999999));
#3740=CARTESIAN_POINT('Origin',(-290.991886328015,-14.833322649401,3.00000002743239));
#3741=CARTESIAN_POINT('',(-290.991886328015,-14.833322649401,3.00000002743243));
#3742=CARTESIAN_POINT('',(-290.991886328015,0.166677350598974,3.0000000274309));
#3743=CARTESIAN_POINT('',(-290.99188631062,-14.833322649401,83.0000000274324));
#3744=CARTESIAN_POINT('',(-290.991886310622,45.1666773505989,83.0000000274325));
#3745=CARTESIAN_POINT('',(-290.991886328015,-14.833322649401,3.00000002743243));
#3746=CARTESIAN_POINT('Origin',(-292.491886310621,15.1666773505989,83.0000000277586));
#3747=CARTESIAN_POINT('',(-293.991886310622,45.1666773505988,83.0000000280848));
#3748=CARTESIAN_POINT('',(-293.99188631062,-14.8333226494011,83.0000000280848));
#3749=CARTESIAN_POINT('Origin',(-216.911372124544,15.1666773506012,3.00000001132425));
#3750=CARTESIAN_POINT('',(-215.161372125197,15.1666773506012,1.09437081619035E-8));
#3751=CARTESIAN_POINT('Origin',(-216.911372125197,15.1666773506012,1.13242393240398E-8));
#3752=CARTESIAN_POINT('',(-215.161372124544,15.1666773506012,3.00000001094372));
#3753=CARTESIAN_POINT('',(-215.161372124544,15.1666773506012,3.00000001094375));
#3754=CARTESIAN_POINT('Origin',(-216.911372124544,15.1666773506012,3.00000001132425));
#3755=CARTESIAN_POINT('Origin',(-229.411629224228,15.1666773506008,3.00000001404232));
#3756=CARTESIAN_POINT('',(-227.661629224881,15.1666773506009,1.36617828161434E-8));
#3757=CARTESIAN_POINT('Origin',(-229.411629224881,15.1666773506008,1.40423139782797E-8));
#3758=CARTESIAN_POINT('',(-227.661629224228,15.1666773506009,3.00000001366179));
#3759=CARTESIAN_POINT('',(-227.661629224228,15.1666773506009,3.00000001366183));
#3760=CARTESIAN_POINT('Origin',(-229.411629224228,15.1666773506008,3.00000001404232));
#3761=CARTESIAN_POINT('Origin',(-229.411629224228,2.66667735060084,3.00000001404232));
#3762=CARTESIAN_POINT('',(-227.66162922488,2.66667735060087,1.36617828161434E-8));
#3763=CARTESIAN_POINT('Origin',(-229.41162922488,2.66667735060084,1.40423139782797E-8));
#3764=CARTESIAN_POINT('',(-227.661629224228,2.66667735060087,3.00000001366179));
#3765=CARTESIAN_POINT('',(-227.661629224228,2.66667735060089,3.00000001366183));
#3766=CARTESIAN_POINT('Origin',(-229.411629224228,2.66667735060084,3.00000001404232));
#3767=CARTESIAN_POINT('Origin',(-229.4573175004,27.6666773506008,3.00000001405227));
#3768=CARTESIAN_POINT('',(-227.707317501052,27.6666773506008,1.3671730414444E-8));
#3769=CARTESIAN_POINT('Origin',(-229.457317501052,27.6666773506008,1.40522615765803E-8));
#3770=CARTESIAN_POINT('',(-227.7073175004,27.6666773506008,3.00000001367174));
#3771=CARTESIAN_POINT('',(-227.7073175004,27.6666773506008,3.00000001367177));
#3772=CARTESIAN_POINT('Origin',(-229.4573175004,27.6666773506008,3.00000001405227));
#3773=CARTESIAN_POINT('Origin',(-241.911886323912,15.1666773506004,3.0000000167604));
#3774=CARTESIAN_POINT('',(-240.161886324565,15.1666773506005,1.63798574703833E-8));
#3775=CARTESIAN_POINT('Origin',(-241.911886324565,15.1666773506004,1.67603886325196E-8));
#3776=CARTESIAN_POINT('',(-240.161886323912,15.1666773506005,3.00000001637986));
#3777=CARTESIAN_POINT('',(-240.161886323912,15.1666773506005,3.0000000163799));
#3778=CARTESIAN_POINT('Origin',(-241.911886323912,15.1666773506004,3.0000000167604));
#3779=CARTESIAN_POINT('Origin',(-293.991886328015,-14.8333226494011,3.00000002808474));
#3780=CARTESIAN_POINT('',(-293.991886328667,-14.8333226494011,2.80847345379698E-8));
#3781=CARTESIAN_POINT('',(-293.991886328669,45.1666773505988,2.80847345379698E-8));
#3782=CARTESIAN_POINT('',(-293.991886328015,-14.8333226494011,3.00000002808474));
#3783=CARTESIAN_POINT('Origin',(-164.83137212044,-14.8333226493972,3.00000000000001));
#3784=CARTESIAN_POINT('',(-164.831372121092,-14.8333226493972,0.));
#3785=CARTESIAN_POINT('',(-164.831372121092,-14.8333226493972,0.));
#3786=CARTESIAN_POINT('',(-164.83137212044,-14.8333226493972,3.00000000000001));
#3787=CARTESIAN_POINT('',(-164.83137212044,-14.8333226493972,3.00000000000001));
#3788=CARTESIAN_POINT('Origin',(-164.831372120442,45.1666773506027,3.00000000000001));
#3789=CARTESIAN_POINT('',(-164.831372121094,45.1666773506027,0.));
#3790=CARTESIAN_POINT('Origin',(-229.411629224881,15.1666773506008,1.40415679084072E-8));
#3791=CARTESIAN_POINT('Origin',(-229.411629224228,15.1666773506008,3.00000001404158));
#3792=CARTESIAN_POINT('',(0.,0.,0.));
#3793=CARTESIAN_POINT('Origin',(-164.225758953844,-43.3285400384823,48.));
#3794=CARTESIAN_POINT('',(-164.225758953844,-42.8285400384823,50.));
#3795=CARTESIAN_POINT('',(-166.225758953844,-42.8285400384823,48.));
#3796=CARTESIAN_POINT('Origin',(-164.225758953844,-42.8285400384823,48.));
#3797=CARTESIAN_POINT('',(-166.225758953844,-47.3285400384823,48.));
#3798=CARTESIAN_POINT('',(-166.225758953844,-43.3285400384823,48.));
#3799=CARTESIAN_POINT('',(-164.225758953844,-47.3285400384823,50.));
#3800=CARTESIAN_POINT('Origin',(-164.225758953844,-47.3285400384823,48.));
#3801=CARTESIAN_POINT('',(-164.225758953844,-43.3285400384823,50.));
#3802=CARTESIAN_POINT('Origin',(-117.675761812996,-47.3333226313516,48.));
#3803=CARTESIAN_POINT('',(-104.825762766046,-49.3333226313516,48.));
#3804=CARTESIAN_POINT('',(-96.8257627660463,-49.3333226313516,48.));
#3805=CARTESIAN_POINT('',(-117.675761812996,-49.3333226313516,48.));
#3806=CARTESIAN_POINT('',(-96.8257627660463,-47.3333226313516,50.));
#3807=CARTESIAN_POINT('Origin',(-96.8257627660463,-47.3333226313516,48.));
#3808=CARTESIAN_POINT('',(-105.861922078381,-47.3333226313516,50.));
#3809=CARTESIAN_POINT('',(-117.675761812996,-47.3333226313516,50.));
#3810=CARTESIAN_POINT('Origin',(-105.861922078381,-47.3333226313516,48.));
#3811=CARTESIAN_POINT('Origin',(-151.613994444957,-52.3937644182912,48.));
#3812=CARTESIAN_POINT('',(-156.225758953844,-49.3285400384823,48.));
#3813=CARTESIAN_POINT('',(-144.818630116956,-65.4886392240742,48.));
#3814=CARTESIAN_POINT('',(-153.247930171487,-53.5471308134885,48.));
#3815=CARTESIAN_POINT('',(-143.184694390426,-64.3352728288769,50.));
#3816=CARTESIAN_POINT('Origin',(-143.184694390426,-64.3352728288769,48.));
#3817=CARTESIAN_POINT('',(-155.189446948352,-47.3285400384823,50.));
#3818=CARTESIAN_POINT('',(-151.613994444957,-52.3937644182912,50.));
#3819=CARTESIAN_POINT('Origin',(-155.189446948352,-47.3285400384823,48.));
#3820=CARTESIAN_POINT('Origin',(-147.375759906895,-47.3285400384823,48.));
#3821=CARTESIAN_POINT('',(-147.375759906895,-47.3285400384823,50.));
#3822=CARTESIAN_POINT('',(-164.225758953844,-49.3285400384823,48.));
#3823=CARTESIAN_POINT('Origin',(-164.225758953844,-47.3285400384823,48.));
#3824=CARTESIAN_POINT('',(-147.375759906895,-49.3285400384823,48.));
#3825=CARTESIAN_POINT('Origin',(-139.916822937367,-62.0285400384823,48.));
#3826=CARTESIAN_POINT('',(-139.916822937367,-68.0285400384823,48.));
#3827=CARTESIAN_POINT('',(-139.916822937367,-66.0285400384823,50.));
#3828=CARTESIAN_POINT('Origin',(-139.916822937367,-66.0285400384823,48.));
#3829=CARTESIAN_POINT('Origin',(-139.916822937367,-62.0285400384823,50.));
#3830=CARTESIAN_POINT('Origin',(-139.916822937367,-62.0285400384823,48.));
#3831=CARTESIAN_POINT('Origin',(-135.221291898656,-66.0285400384823,48.));
#3832=CARTESIAN_POINT('',(-121.134236890849,-68.0285400384823,48.));
#3833=CARTESIAN_POINT('',(-121.134236890849,-66.0285400384823,50.));
#3834=CARTESIAN_POINT('Origin',(-121.134236890849,-66.0285400384823,48.));
#3835=CARTESIAN_POINT('',(-135.221291898656,-66.0285400384823,50.));
#3836=CARTESIAN_POINT('',(-135.221291898656,-68.0285400384823,48.));
#3837=CARTESIAN_POINT('Origin',(-121.134236890849,-62.0285400384823,48.));
#3838=CARTESIAN_POINT('',(-116.232846267016,-65.489229269345,48.));
#3839=CARTESIAN_POINT('',(-117.866643141627,-64.3356661923907,50.));
#3840=CARTESIAN_POINT('Origin',(-117.866643141627,-64.3356661923907,48.));
#3841=CARTESIAN_POINT('Origin',(-121.134236890849,-62.0285400384823,50.));
#3842=CARTESIAN_POINT('Origin',(-121.134236890849,-62.0285400384823,48.));
#3843=CARTESIAN_POINT('Origin',(-115.141150253522,-60.4755376469126,48.));
#3844=CARTESIAN_POINT('',(-115.141150253522,-60.4755376469126,50.));
#3845=CARTESIAN_POINT('',(-113.507353378911,-61.6291007238669,48.));
#3846=CARTESIAN_POINT('Origin',(-164.225758953844,-47.3285400384823,48.));
#3847=CARTESIAN_POINT('Origin',(-164.225758953844,-47.3285400384823,48.));
#3848=CARTESIAN_POINT('Origin',(-96.8257627660463,-45.5809313349169,48.));
#3849=CARTESIAN_POINT('',(-94.8257627660463,-42.8333226313516,48.));
#3850=CARTESIAN_POINT('',(-96.8257627660463,-42.8333226313516,50.));
#3851=CARTESIAN_POINT('Origin',(-96.8257627660463,-42.8333226313516,48.));
#3852=CARTESIAN_POINT('',(-96.8257627660463,-45.5809313349169,50.));
#3853=CARTESIAN_POINT('',(-94.8257627660463,-47.3333226313516,48.));
#3854=CARTESIAN_POINT('Origin',(-96.8257627660463,-47.3333226313516,48.));
#3855=CARTESIAN_POINT('',(-94.8257627660463,-45.5809313349169,48.));
#3856=CARTESIAN_POINT('Origin',(-96.8257627660463,-47.3333226313516,48.));
#3857=CARTESIAN_POINT('Origin',(-96.8257627660463,-47.3333226313516,48.));
#3858=CARTESIAN_POINT('Origin',(-153.220251677851,-42.8285400384823,5.));
#3859=CARTESIAN_POINT('',(-153.220251677851,-42.8285400384823,50.));
#3860=CARTESIAN_POINT('',(-166.225758953844,-42.8285400384823,50.));
#3861=CARTESIAN_POINT('',(-153.220251677851,-42.8285400384823,5.));
#3862=CARTESIAN_POINT('',(-153.220251677851,-42.8285400384823,5.));
#3863=CARTESIAN_POINT('',(-166.225758953844,-42.8285400384823,5.));
#3864=CARTESIAN_POINT('',(-166.225758953844,-42.8285400384823,5.));
#3865=CARTESIAN_POINT('',(-166.225758953844,-42.8285400384823,5.));
#3866=CARTESIAN_POINT('Origin',(-130.525760859945,-43.8285400384823,50.));
#3867=CARTESIAN_POINT('',(-107.83137210304,-42.8333226313516,50.));
#3868=CARTESIAN_POINT('',(-104.825762766046,-42.8333226313516,50.));
#3869=CARTESIAN_POINT('Origin',(-130.525758953844,-42.3285400384823,50.));
#3870=CARTESIAN_POINT('Origin',(-94.8257627660463,-42.8333226313516,5.));
#3871=CARTESIAN_POINT('',(-94.8257627660463,-42.8333226313516,5.));
#3872=CARTESIAN_POINT('',(-94.8257627660463,-42.8333226313516,5.));
#3873=CARTESIAN_POINT('',(-107.83137210304,-42.8333226313516,5.));
#3874=CARTESIAN_POINT('',(-104.825762766046,-42.8333226313516,5.));
#3875=CARTESIAN_POINT('',(-107.83137210304,-42.8333226313516,5.));
#3876=CARTESIAN_POINT('Origin',(-96.8257627660463,-47.3333226313516,5.));
#3877=CARTESIAN_POINT('',(-96.8257627660463,-49.3333226313516,5.));
#3878=CARTESIAN_POINT('',(-96.8257627660463,-49.3333226313516,5.));
#3879=CARTESIAN_POINT('',(-94.8257627660463,-47.3333226313516,5.));
#3880=CARTESIAN_POINT('Origin',(-96.8257627660463,-47.3333226313516,5.));
#3881=CARTESIAN_POINT('',(-94.8257627660463,-47.3333226313516,5.));
#3882=CARTESIAN_POINT('Origin',(-104.825762766046,-49.3333226313516,5.));
#3883=CARTESIAN_POINT('',(-104.825762766046,-49.3333226313516,5.));
#3884=CARTESIAN_POINT('',(-104.825762766046,-49.3333226313516,5.));
#3885=CARTESIAN_POINT('',(-96.8257627660463,-49.3333226313516,5.));
#3886=CARTESIAN_POINT('Origin',(-116.232846267016,-65.489229269345,5.));
#3887=CARTESIAN_POINT('',(-116.232846267016,-65.489229269345,5.));
#3888=CARTESIAN_POINT('',(-116.232846267016,-65.489229269345,5.));
#3889=CARTESIAN_POINT('',(-104.825762766046,-49.3333226313516,5.));
#3890=CARTESIAN_POINT('Origin',(-121.134236890849,-62.0285400384823,5.));
#3891=CARTESIAN_POINT('',(-121.134236890849,-68.0285400384823,5.));
#3892=CARTESIAN_POINT('',(-121.134236890849,-68.0285400384823,5.));
#3893=CARTESIAN_POINT('Origin',(-121.134236890849,-62.0285400384823,5.));
#3894=CARTESIAN_POINT('Origin',(-139.916822937367,-68.0285400384823,5.));
#3895=CARTESIAN_POINT('',(-139.916822937367,-68.0285400384823,5.));
#3896=CARTESIAN_POINT('',(-139.916822937367,-68.0285400384823,5.));
#3897=CARTESIAN_POINT('',(-139.916822937367,-68.0285400384823,5.));
#3898=CARTESIAN_POINT('Origin',(-139.916822937367,-62.0285400384823,5.));
#3899=CARTESIAN_POINT('',(-144.818630116956,-65.4886392240742,5.));
#3900=CARTESIAN_POINT('',(-144.818630116956,-65.4886392240742,5.));
#3901=CARTESIAN_POINT('Origin',(-139.916822937367,-62.0285400384823,5.));
#3902=CARTESIAN_POINT('Origin',(-156.225758953844,-49.3285400384823,5.));
#3903=CARTESIAN_POINT('',(-156.225758953844,-49.3285400384823,5.));
#3904=CARTESIAN_POINT('',(-156.225758953844,-49.3285400384823,5.));
#3905=CARTESIAN_POINT('',(-156.225758953844,-49.3285400384823,5.));
#3906=CARTESIAN_POINT('Origin',(-164.225758953844,-49.3285400384823,5.));
#3907=CARTESIAN_POINT('',(-164.225758953844,-49.3285400384823,5.));
#3908=CARTESIAN_POINT('',(-164.225758953844,-49.3285400384823,5.));
#3909=CARTESIAN_POINT('',(-164.225758953844,-49.3285400384823,5.));
#3910=CARTESIAN_POINT('Origin',(-164.225758953844,-47.3285400384823,5.));
#3911=CARTESIAN_POINT('',(-166.225758953844,-47.3285400384823,5.));
#3912=CARTESIAN_POINT('',(-166.225758953844,-47.3285400384823,5.));
#3913=CARTESIAN_POINT('Origin',(-164.225758953844,-47.3285400384823,5.));
#3914=CARTESIAN_POINT('Origin',(-166.225758953844,-42.8285400384823,5.));
#3915=CARTESIAN_POINT('',(-166.225758953844,-42.3285400384823,5.));
#3916=CARTESIAN_POINT('Origin',(-130.525758953844,-42.3285400384823,5.));
#3917=CARTESIAN_POINT('Origin',(-130.525758953844,-42.3285400384823,5.));
#3918=CARTESIAN_POINT('Origin',(-94.8257627660463,-47.3333226313516,5.));
#3919=CARTESIAN_POINT('',(-94.8257627660463,-42.3333226313516,5.));
#3920=CARTESIAN_POINT('Origin',(-130.525760859945,-43.8285400384823,5.));
#3921=CARTESIAN_POINT('Origin',(-130.525811890446,-53.9285400384823,0.));
#3922=CARTESIAN_POINT('',(-107.83137210304,-42.8333226313516,0.));
#3923=CARTESIAN_POINT('',(-153.220251677851,-42.8285400384823,0.));
#3924=CARTESIAN_POINT('Origin',(-130.525758953844,-42.3285400384823,0.));
#3925=CARTESIAN_POINT('',(-146.702605031672,-42.8292267981174,0.));
#3926=CARTESIAN_POINT('',(-107.83137210304,-42.8333226313516,0.));
#3927=CARTESIAN_POINT('',(-143.349018427242,-42.8295801630722,0.));
#3928=CARTESIAN_POINT('Origin',(-145.025758953844,-42.3285400384823,0.));
#3929=CARTESIAN_POINT('',(-141.514333248747,-42.8297734825006,0.));
#3930=CARTESIAN_POINT('',(-107.83137210304,-42.8333226313516,0.));
#3931=CARTESIAN_POINT('',(-119.537290532144,-42.8320891873333,0.));
#3932=CARTESIAN_POINT('Origin',(-130.525758953844,-42.3285400384823,0.));
#3933=CARTESIAN_POINT('',(-117.701689569482,-42.8322826032571,0.));
#3934=CARTESIAN_POINT('',(-107.83137210304,-42.8333226313516,0.));
#3935=CARTESIAN_POINT('',(-114.349934533386,-42.832635775221,0.));
#3936=CARTESIAN_POINT('Origin',(-116.025758953844,-42.3285400384823,0.));
#3937=CARTESIAN_POINT('',(-107.83137210304,-42.8333226313516,0.));
#3938=CARTESIAN_POINT('',(-128.775758953844,-56.8285400384823,0.));
#3939=CARTESIAN_POINT('Origin',(-130.525758953844,-56.8285400384823,0.));
#3940=CARTESIAN_POINT('Origin',(-130.525758953844,-42.3285400384823,0.));
#3941=CARTESIAN_POINT('',(-107.83137210304,-42.8333226313516,5.));
#3942=CARTESIAN_POINT('',(-107.83137210304,-42.8333226313516,0.));
#3943=CARTESIAN_POINT('',(-153.220251677851,-42.8285400384823,5.));
#3944=CARTESIAN_POINT('Origin',(-130.525758953844,-42.3285400384823,5.));
#3945=CARTESIAN_POINT('',(-153.220251677851,-42.8285400384823,0.));
#3946=CARTESIAN_POINT('Origin',(-107.83137210304,-42.8333226313516,0.));
#3947=CARTESIAN_POINT('',(-114.349934533386,-42.832635775221,5.));
#3948=CARTESIAN_POINT('',(-114.349934533386,-42.832635775221,0.));
#3949=CARTESIAN_POINT('',(-107.83137210304,-42.8333226313516,5.));
#3950=CARTESIAN_POINT('Origin',(-116.025758953844,-42.3285400384823,0.));
#3951=CARTESIAN_POINT('',(-117.701689569482,-42.8322826032571,5.));
#3952=CARTESIAN_POINT('',(-117.701689569482,-42.8322826032571,0.));
#3953=CARTESIAN_POINT('Origin',(-116.025758953844,-42.3285400384823,5.));
#3954=CARTESIAN_POINT('Origin',(-117.701689569482,-42.8322826032571,0.));
#3955=CARTESIAN_POINT('',(-118.035911920851,-42.8322473864937,5.));
#3956=CARTESIAN_POINT('',(-119.537290532144,-42.8320891873333,3.5));
#3957=CARTESIAN_POINT('Ctrl Pts',(-118.035911920851,-42.8322473864937,5.));
#3958=CARTESIAN_POINT('Ctrl Pts',(-118.221238682163,-42.8322278587491,4.99999999999999));
#3959=CARTESIAN_POINT('Ctrl Pts',(-118.439362302091,-42.8322048752237,4.95663712843408));
#3960=CARTESIAN_POINT('Ctrl Pts',(-118.781770403594,-42.8321687959338,4.81488331631978));
#3961=CARTESIAN_POINT('Ctrl Pts',(-118.966659944756,-42.8321493142587,4.69143060017903));
#3962=CARTESIAN_POINT('Ctrl Pts',(-119.228669204004,-42.8321217065357,4.42957970152699));
#3963=CARTESIAN_POINT('Ctrl Pts',(-119.352179206801,-42.8321086923776,4.24487672998236));
#3964=CARTESIAN_POINT('Ctrl Pts',(-119.493932302183,-42.8320937559581,3.9028649708357));
#3965=CARTESIAN_POINT('Ctrl Pts',(-119.537290532144,-42.8320891873333,3.68506306453822));
#3966=CARTESIAN_POINT('Ctrl Pts',(-119.537290532144,-42.8320891873333,3.49999999999998));
#3967=CARTESIAN_POINT('',(-107.83137210304,-42.8333226313516,5.));
#3968=CARTESIAN_POINT('',(-119.537290532144,-42.8320891873333,0.));
#3969=CARTESIAN_POINT('Origin',(-130.525758953844,-42.3285400384823,0.));
#3970=CARTESIAN_POINT('',(-141.514333248747,-42.8297734825006,3.5));
#3971=CARTESIAN_POINT('Origin',(-130.525758953844,-42.3285400384823,3.5));
#3972=CARTESIAN_POINT('',(-141.514333248747,-42.8297734825006,0.));
#3973=CARTESIAN_POINT('Origin',(-145.025758953844,-42.3285400384823,0.));
#3974=CARTESIAN_POINT('',(-146.702605031672,-42.8292267981174,5.));
#3975=CARTESIAN_POINT('',(-146.702605031672,-42.8292267981174,0.));
#3976=CARTESIAN_POINT('',(-143.349018427242,-42.8295801630722,5.));
#3977=CARTESIAN_POINT('Origin',(-145.025758953844,-42.3285400384823,5.));
#3978=CARTESIAN_POINT('',(-143.349018427242,-42.8295801630722,0.));
#3979=CARTESIAN_POINT('Origin',(-146.702605031672,-42.8292267981174,0.));
#3980=CARTESIAN_POINT('',(-107.83137210304,-42.8333226313516,5.));
#3981=CARTESIAN_POINT('Origin',(-130.525758953844,-56.8285400384823,0.));
#3982=CARTESIAN_POINT('',(-128.775758953844,-56.8285400384823,5.));
#3983=CARTESIAN_POINT('Origin',(-130.525758953844,-56.8285400384823,5.));
#3984=CARTESIAN_POINT('',(-128.775758953844,-56.8285400384823,0.));
#3985=CARTESIAN_POINT('Origin',(-141.514333248747,-42.8297734825006,0.));
#3986=CARTESIAN_POINT('',(-143.01571186004,-42.8296152833402,5.));
#3987=CARTESIAN_POINT('Ctrl Pts',(-141.514333248747,-42.8297734825006,3.49999999999998));
#3988=CARTESIAN_POINT('Ctrl Pts',(-141.514333248747,-42.8297734825006,3.68506306453822));
#3989=CARTESIAN_POINT('Ctrl Pts',(-141.557691478708,-42.8297689138757,3.9028649708357));
#3990=CARTESIAN_POINT('Ctrl Pts',(-141.69944457409,-42.8297539774563,4.24487672998236));
#3991=CARTESIAN_POINT('Ctrl Pts',(-141.822954576887,-42.8297409632981,4.42957970152699));
#3992=CARTESIAN_POINT('Ctrl Pts',(-142.084963836135,-42.8297133555751,4.69143060017903));
#3993=CARTESIAN_POINT('Ctrl Pts',(-142.269853377297,-42.8296938739001,4.81488331631979));
#3994=CARTESIAN_POINT('Ctrl Pts',(-142.6122614788,-42.8296577946102,4.95663712843408));
#3995=CARTESIAN_POINT('Ctrl Pts',(-142.830385098728,-42.8296348110847,4.99999999999999));
#3996=CARTESIAN_POINT('Ctrl Pts',(-143.01571186004,-42.8296152833402,5.));
#3997=CARTESIAN_POINT('',(-107.83137210304,-42.8333226313516,5.));
#3998=CARTESIAN_POINT('Origin',(-130.525811890446,-53.9285400384823,5.));
#3999=CARTESIAN_POINT('Origin',(-130.525758953844,-42.3285400384823,5.));
#4000=CARTESIAN_POINT('Origin',(-130.525758953844,-42.3285400384823,3.5));
#4001=CARTESIAN_POINT('Origin',(-130.526058898342,-23.3285400384823,24.3190142075342));
#4002=CARTESIAN_POINT('',(-133.526058898342,-19.8276911602056,24.3190142075342));
#4003=CARTESIAN_POINT('',(-127.526058898342,-19.8276111781659,24.3190142075342));
#4004=CARTESIAN_POINT('Ctrl Pts',(-133.526058898342,-19.8276911602056,24.3190142075342));
#4005=CARTESIAN_POINT('Ctrl Pts',(-133.526058898342,-19.8276911602056,24.6961770437149));
#4006=CARTESIAN_POINT('Ctrl Pts',(-133.450592355424,-19.8172282347433,25.0981743814767));
#4007=CARTESIAN_POINT('Ctrl Pts',(-133.144295134431,-19.7795472085916,25.837179462969));
#4008=CARTESIAN_POINT('Ctrl Pts',(-132.913488340492,-19.7528853132198,26.1742253609494));
#4009=CARTESIAN_POINT('Ctrl Pts',(-132.381273493756,-19.7029239743111,26.7064403907916));
#4010=CARTESIAN_POINT('Ctrl Pts',(-132.044226315992,-19.6763626315451,26.9372495240609));
#4011=CARTESIAN_POINT('Ctrl Pts',(-131.30521692348,-19.6389095947223,27.2435485786202));
#4012=CARTESIAN_POINT('Ctrl Pts',(-130.903218020222,-19.6285450240236,27.3190142075342));
#4013=CARTESIAN_POINT('Ctrl Pts',(-130.14890029081,-19.6285350569111,27.3190142075342));
#4014=CARTESIAN_POINT('Ctrl Pts',(-129.746901625299,-19.6388889779863,27.2435487627185));
#4015=CARTESIAN_POINT('Ctrl Pts',(-129.007892362348,-19.6763223766252,26.9372500171073));
#4016=CARTESIAN_POINT('Ctrl Pts',(-128.670845094265,-19.7028747280139,26.7064409990425));
#4017=CARTESIAN_POINT('Ctrl Pts',(-128.138629800398,-19.7528218405264,26.1742258882448));
#4018=CARTESIAN_POINT('Ctrl Pts',(-127.90782280553,-19.7794775399002,25.8371797545853));
#4019=CARTESIAN_POINT('Ctrl Pts',(-127.601525416862,-19.8171503069837,25.0981743766801));
#4020=CARTESIAN_POINT('Ctrl Pts',(-127.526058898342,-19.8276111781659,24.6961769885268));
#4021=CARTESIAN_POINT('Ctrl Pts',(-127.526058898342,-19.8276111781659,24.3190142075342));
#4022=CARTESIAN_POINT('Ctrl Pts',(-127.526058898342,-19.8276111781659,24.3190142075342));
#4023=CARTESIAN_POINT('Ctrl Pts',(-127.526058898342,-19.8276111781659,23.9418514265415));
#4024=CARTESIAN_POINT('Ctrl Pts',(-127.601525416862,-19.8171503069837,23.5398540383882));
#4025=CARTESIAN_POINT('Ctrl Pts',(-127.90782280553,-19.7794775399002,22.8008486604831));
#4026=CARTESIAN_POINT('Ctrl Pts',(-128.138629800398,-19.7528218405264,22.4638025268235));
#4027=CARTESIAN_POINT('Ctrl Pts',(-128.670845094265,-19.7028747280139,21.9315874160258));
#4028=CARTESIAN_POINT('Ctrl Pts',(-129.007892362348,-19.6763223766252,21.7007783979611));
#4029=CARTESIAN_POINT('Ctrl Pts',(-129.746901625299,-19.6388889779863,21.3944796523499));
#4030=CARTESIAN_POINT('Ctrl Pts',(-130.14890029081,-19.6285350569111,21.3190142075342));
#4031=CARTESIAN_POINT('Ctrl Pts',(-130.903218020222,-19.6285450240236,21.3190142075342));
#4032=CARTESIAN_POINT('Ctrl Pts',(-131.30521692348,-19.6389095947223,21.3944798364482));
#4033=CARTESIAN_POINT('Ctrl Pts',(-132.044226315992,-19.6763626315451,21.7007788910074));
#4034=CARTESIAN_POINT('Ctrl Pts',(-132.381273493756,-19.7029239743111,21.9315880242767));
#4035=CARTESIAN_POINT('Ctrl Pts',(-132.913488340492,-19.7528853132198,22.4638030541189));
#4036=CARTESIAN_POINT('Ctrl Pts',(-133.144295134431,-19.7795472085916,22.8008489520993));
#4037=CARTESIAN_POINT('Ctrl Pts',(-133.450592355424,-19.8172282347433,23.5398540335917));
#4038=CARTESIAN_POINT('Ctrl Pts',(-133.526058898342,-19.8276911602056,23.9418513713534));
#4039=CARTESIAN_POINT('Ctrl Pts',(-133.526058898342,-19.8276911602056,24.3190142075342));
#4040=CARTESIAN_POINT('',(-127.526058898342,-17.3285400384823,24.3190142075342));
#4041=CARTESIAN_POINT('',(-127.526058898342,-23.3285400384823,24.3190142075342));
#4042=CARTESIAN_POINT('Origin',(-130.526058898342,-17.3285400384823,24.3190142075342));
#4043=CARTESIAN_POINT('Origin',(-130.526058898342,-17.3285400384823,24.3190142075342));
#4044=CARTESIAN_POINT('',(-128.826058898342,-17.3285400384823,24.3190142075342));
#4045=CARTESIAN_POINT('Origin',(-130.526058898342,-17.3285400384823,24.3190142075342));
#4046=CARTESIAN_POINT('Origin',(-121.525758953844,-23.3285400384823,15.3190142075342));
#4047=CARTESIAN_POINT('',(-124.525758953844,-20.4358471936082,15.3190142075342));
#4048=CARTESIAN_POINT('',(-118.525758953844,-23.0596531998504,15.3190142075342));
#4049=CARTESIAN_POINT('Ctrl Pts',(-124.525758953844,-20.4358471936082,15.3190142075342));
#4050=CARTESIAN_POINT('Ctrl Pts',(-124.525758953844,-20.4358471936082,15.6936755301603));
#4051=CARTESIAN_POINT('Ctrl Pts',(-124.451145994349,-20.4558767039708,16.0924419558062));
#4052=CARTESIAN_POINT('Ctrl Pts',(-124.151177970466,-20.5414098534095,16.823425811842));
#4053=CARTESIAN_POINT('Ctrl Pts',(-123.925908254166,-20.6074907780895,17.1556106002513));
#4054=CARTESIAN_POINT('Ctrl Pts',(-123.394746236651,-20.7757656928566,17.6984885690571));
#4055=CARTESIAN_POINT('Ctrl Pts',(-123.047368867626,-20.8920469710365,17.9361117658224));
#4056=CARTESIAN_POINT('Ctrl Pts',(-122.297816064667,-21.1684240335379,18.246201236119));
#4057=CARTESIAN_POINT('Ctrl Pts',(-121.895972475682,-21.3290303710909,18.3190142075342));
#4058=CARTESIAN_POINT('Ctrl Pts',(-121.136848851547,-21.6568727570428,18.3190142075342));
#4059=CARTESIAN_POINT('Ctrl Pts',(-120.726035457494,-21.8484681475273,18.2393667483649));
#4060=CARTESIAN_POINT('Ctrl Pts',(-119.971941080966,-22.2266780951419,17.9177959306377));
#4061=CARTESIAN_POINT('Ctrl Pts',(-119.628362040821,-22.4128495904806,17.6760506742249));
#4062=CARTESIAN_POINT('Ctrl Pts',(-119.113131439318,-22.704073929194,17.1363698945028));
#4063=CARTESIAN_POINT('Ctrl Pts',(-118.895286832125,-22.8336262588418,16.8129132230056));
#4064=CARTESIAN_POINT('Ctrl Pts',(-118.601400240655,-23.0119871576257,16.0931218930138));
#4065=CARTESIAN_POINT('Ctrl Pts',(-118.525758953844,-23.0596531998504,15.6963410975838));
#4066=CARTESIAN_POINT('Ctrl Pts',(-118.525758953844,-23.0596531998504,15.3190142075342));
#4067=CARTESIAN_POINT('Ctrl Pts',(-118.525758953844,-23.0596531998504,15.3190142075342));
#4068=CARTESIAN_POINT('Ctrl Pts',(-118.525758953844,-23.0596531998504,14.9416873174845));
#4069=CARTESIAN_POINT('Ctrl Pts',(-118.601400240655,-23.0119871576257,14.5449065220545));
#4070=CARTESIAN_POINT('Ctrl Pts',(-118.895286832125,-22.8336262588418,13.8251151920628));
#4071=CARTESIAN_POINT('Ctrl Pts',(-119.113131439318,-22.704073929194,13.5016585205656));
#4072=CARTESIAN_POINT('Ctrl Pts',(-119.628362040821,-22.4128495904806,12.9619777408434));
#4073=CARTESIAN_POINT('Ctrl Pts',(-119.971941080966,-22.2266780951419,12.7202324844307));
#4074=CARTESIAN_POINT('Ctrl Pts',(-120.726035457494,-21.8484681475273,12.3986616667035));
#4075=CARTESIAN_POINT('Ctrl Pts',(-121.136848851547,-21.6568727570428,12.3190142075342));
#4076=CARTESIAN_POINT('Ctrl Pts',(-121.895972475682,-21.3290303710909,12.3190142075342));
#4077=CARTESIAN_POINT('Ctrl Pts',(-122.297816064667,-21.1684240335379,12.3918271789493));
#4078=CARTESIAN_POINT('Ctrl Pts',(-123.047368867626,-20.8920469710365,12.701916649246));
#4079=CARTESIAN_POINT('Ctrl Pts',(-123.394746236651,-20.7757656928566,12.9395398460112));
#4080=CARTESIAN_POINT('Ctrl Pts',(-123.925908254166,-20.6074907780895,13.4824178148171));
#4081=CARTESIAN_POINT('Ctrl Pts',(-124.151177970466,-20.5414098534095,13.8146026032264));
#4082=CARTESIAN_POINT('Ctrl Pts',(-124.451145994349,-20.4558767039708,14.5455864592621));
#4083=CARTESIAN_POINT('Ctrl Pts',(-124.525758953844,-20.4358471936082,14.9443528849081));
#4084=CARTESIAN_POINT('Ctrl Pts',(-124.525758953844,-20.4358471936082,15.3190142075342));
#4085=CARTESIAN_POINT('',(-118.525758953844,-17.3285400384823,15.3190142075342));
#4086=CARTESIAN_POINT('',(-118.525758953844,-23.3285400384823,15.3190142075342));
#4087=CARTESIAN_POINT('Origin',(-121.525758953844,-17.3285400384823,15.3190142075342));
#4088=CARTESIAN_POINT('Origin',(-121.525758953844,-17.3285400384823,15.3190142075342));
#4089=CARTESIAN_POINT('',(-119.825758953844,-17.3285400384823,15.3190142075342));
#4090=CARTESIAN_POINT('Origin',(-121.525758953844,-17.3285400384823,15.3190142075342));
#4091=CARTESIAN_POINT('Origin',(-139.525758953844,-23.3285400384823,15.3190142075342));
#4092=CARTESIAN_POINT('',(-142.525758953844,-23.0596531998505,15.3190142075342));
#4093=CARTESIAN_POINT('',(-136.525758953844,-20.4358471936082,15.3190142075342));
#4094=CARTESIAN_POINT('Ctrl Pts',(-142.525758953844,-23.0596531998504,15.3190142075342));
#4095=CARTESIAN_POINT('Ctrl Pts',(-142.525758953844,-23.0596531998504,15.6963410975838));
#4096=CARTESIAN_POINT('Ctrl Pts',(-142.450117667033,-23.0119871576258,16.0931218930138));
#4097=CARTESIAN_POINT('Ctrl Pts',(-142.156231075563,-22.8336262588418,16.8129132230056));
#4098=CARTESIAN_POINT('Ctrl Pts',(-141.938386468371,-22.704073929194,17.1363698945028));
#4099=CARTESIAN_POINT('Ctrl Pts',(-141.423155866867,-22.4128495904806,17.6760506742249));
#4100=CARTESIAN_POINT('Ctrl Pts',(-141.079576826722,-22.2266780951419,17.9177959306377));
#4101=CARTESIAN_POINT('Ctrl Pts',(-140.325482450194,-21.8484681475273,18.2393667483649));
#4102=CARTESIAN_POINT('Ctrl Pts',(-139.914669056141,-21.6568727570428,18.3190142075342));
#4103=CARTESIAN_POINT('Ctrl Pts',(-139.155545432006,-21.3290303710909,18.3190142075342));
#4104=CARTESIAN_POINT('Ctrl Pts',(-138.753701843021,-21.1684240335379,18.246201236119));
#4105=CARTESIAN_POINT('Ctrl Pts',(-138.004149040062,-20.8920469710365,17.9361117658224));
#4106=CARTESIAN_POINT('Ctrl Pts',(-137.656771671037,-20.7757656928566,17.6984885690571));
#4107=CARTESIAN_POINT('Ctrl Pts',(-137.125609653522,-20.6074907780895,17.1556106002513));
#4108=CARTESIAN_POINT('Ctrl Pts',(-136.900339937222,-20.5414098534095,16.823425811842));
#4109=CARTESIAN_POINT('Ctrl Pts',(-136.600371913339,-20.4558767039708,16.0924419558062));
#4110=CARTESIAN_POINT('Ctrl Pts',(-136.525758953844,-20.4358471936082,15.6936755301603));
#4111=CARTESIAN_POINT('Ctrl Pts',(-136.525758953844,-20.4358471936082,15.3190142075342));
#4112=CARTESIAN_POINT('Ctrl Pts',(-136.525758953844,-20.4358471936082,15.3190142075342));
#4113=CARTESIAN_POINT('Ctrl Pts',(-136.525758953844,-20.4358471936082,14.9443528849081));
#4114=CARTESIAN_POINT('Ctrl Pts',(-136.600371913339,-20.4558767039708,14.5455864592621));
#4115=CARTESIAN_POINT('Ctrl Pts',(-136.900339937222,-20.5414098534095,13.8146026032263));
#4116=CARTESIAN_POINT('Ctrl Pts',(-137.125609653522,-20.6074907780895,13.4824178148171));
#4117=CARTESIAN_POINT('Ctrl Pts',(-137.656771671037,-20.7757656928566,12.9395398460112));
#4118=CARTESIAN_POINT('Ctrl Pts',(-138.004149040062,-20.8920469710365,12.701916649246));
#4119=CARTESIAN_POINT('Ctrl Pts',(-138.753701843021,-21.1684240335379,12.3918271789493));
#4120=CARTESIAN_POINT('Ctrl Pts',(-139.155545432006,-21.3290303710909,12.3190142075342));
#4121=CARTESIAN_POINT('Ctrl Pts',(-139.914669056141,-21.6568727570428,12.3190142075342));
#4122=CARTESIAN_POINT('Ctrl Pts',(-140.325482450194,-21.8484681475273,12.3986616667035));
#4123=CARTESIAN_POINT('Ctrl Pts',(-141.079576826722,-22.2266780951419,12.7202324844307));
#4124=CARTESIAN_POINT('Ctrl Pts',(-141.423155866867,-22.4128495904806,12.9619777408434));
#4125=CARTESIAN_POINT('Ctrl Pts',(-141.938386468371,-22.704073929194,13.5016585205656));
#4126=CARTESIAN_POINT('Ctrl Pts',(-142.156231075563,-22.8336262588418,13.8251151920628));
#4127=CARTESIAN_POINT('Ctrl Pts',(-142.450117667033,-23.0119871576258,14.5449065220545));
#4128=CARTESIAN_POINT('Ctrl Pts',(-142.525758953844,-23.0596531998504,14.9416873174845));
#4129=CARTESIAN_POINT('Ctrl Pts',(-142.525758953844,-23.0596531998504,15.3190142075342));
#4130=CARTESIAN_POINT('',(-136.525758953844,-17.3285400384823,15.3190142075342));
#4131=CARTESIAN_POINT('',(-136.525758953844,-23.3285400384823,15.3190142075342));
#4132=CARTESIAN_POINT('Origin',(-139.525758953844,-17.3285400384823,15.3190142075342));
#4133=CARTESIAN_POINT('Origin',(-139.525758953844,-17.3285400384823,15.3190142075342));
#4134=CARTESIAN_POINT('',(-137.825758953844,-17.3285400384823,15.3190142075342));
#4135=CARTESIAN_POINT('Origin',(-139.525758953844,-17.3285400384823,15.3190142075342));
#4136=CARTESIAN_POINT('Origin',(-121.525758953844,-10.3285400384823,15.3190142075342));
#4137=CARTESIAN_POINT('',(-119.825758953844,-12.3285400384823,15.3190142075342));
#4138=CARTESIAN_POINT('Origin',(-121.525758953844,-12.3285400384823,15.3190142075342));
#4139=CARTESIAN_POINT('',(-119.825758953844,-10.3285400384823,15.3190142075342));
#4140=CARTESIAN_POINT('Origin',(-139.525758953844,-10.3285400384823,15.3190142075342));
#4141=CARTESIAN_POINT('',(-137.825758953844,-12.3285400384823,15.3190142075342));
#4142=CARTESIAN_POINT('Origin',(-139.525758953844,-12.3285400384823,15.3190142075342));
#4143=CARTESIAN_POINT('',(-137.825758953844,-10.3285400384823,15.3190142075342));
#4144=CARTESIAN_POINT('Origin',(-130.526058898342,-10.3285400384823,24.3190142075342));
#4145=CARTESIAN_POINT('',(-128.826058898342,-12.3285400384823,24.3190142075342));
#4146=CARTESIAN_POINT('Origin',(-130.526058898342,-12.3285400384823,24.3190142075342));
#4147=CARTESIAN_POINT('',(-128.826058898342,-10.3285400384823,24.3190142075342));
#4148=CARTESIAN_POINT('Origin',(-164.225758953844,-31.2047356866996,48.));
#4149=CARTESIAN_POINT('',(-166.225758953844,-35.3285400384823,48.));
#4150=CARTESIAN_POINT('',(-166.225758953844,-41.8285400384823,48.));
#4151=CARTESIAN_POINT('',(-166.225758953844,-31.2047356866996,48.));
#4152=CARTESIAN_POINT('',(-164.225758953844,-41.8285400384823,50.));
#4153=CARTESIAN_POINT('Origin',(-164.225758953844,-41.8285400384823,48.));
#4154=CARTESIAN_POINT('',(-164.225758953844,-37.3285400384823,50.));
#4155=CARTESIAN_POINT('',(-164.225758953844,-31.2047356866996,50.));
#4156=CARTESIAN_POINT('Origin',(-164.225758953844,-37.3285400384823,48.));
#4157=CARTESIAN_POINT('Origin',(-143.375758953844,-37.3285400384823,48.));
#4158=CARTESIAN_POINT('',(-156.225758953844,-35.3285400384823,48.));
#4159=CARTESIAN_POINT('',(-143.375758953844,-35.3285400384823,48.));
#4160=CARTESIAN_POINT('',(-155.215169389038,-37.3285400384823,50.));
#4161=CARTESIAN_POINT('',(-143.375758953844,-37.3285400384823,50.));
#4162=CARTESIAN_POINT('Origin',(-155.215169389038,-37.3285400384823,48.));
#4163=CARTESIAN_POINT('Origin',(-141.524312073819,-18.7488952552686,48.));
#4164=CARTESIAN_POINT('',(-143.025758953844,-17.4150299133138,48.));
#4165=CARTESIAN_POINT('',(-143.134399217971,-17.5624638884228,48.));
#4166=CARTESIAN_POINT('',(-139.067673357771,-15.4150299133138,50.));
#4167=CARTESIAN_POINT('',(-141.524312073819,-18.7488952552686,50.));
#4168=CARTESIAN_POINT('Origin',(-139.067673357771,-15.4150299133138,48.));
#4169=CARTESIAN_POINT('Origin',(-140.275759087955,-15.4150299133138,48.));
#4170=CARTESIAN_POINT('',(-150.025759222066,-17.4150299133138,48.));
#4171=CARTESIAN_POINT('',(-140.275759087955,-17.4150299133138,48.));
#4172=CARTESIAN_POINT('',(-148.025759222066,-15.4150299133138,50.));
#4173=CARTESIAN_POINT('',(-140.275759087955,-15.4150299133138,50.));
#4174=CARTESIAN_POINT('Origin',(-148.025759222066,-15.4150299133138,48.));
#4175=CARTESIAN_POINT('Origin',(-148.025759222066,-19.7047356866996,48.));
#4176=CARTESIAN_POINT('',(-150.025759222066,-12.3285400384823,48.));
#4177=CARTESIAN_POINT('',(-150.025759222066,-19.7047356866996,48.));
#4178=CARTESIAN_POINT('',(-148.025759222066,-14.3285400384823,50.));
#4179=CARTESIAN_POINT('',(-148.025759222066,-19.7047356866996,50.));
#4180=CARTESIAN_POINT('Origin',(-148.025759222066,-14.3285400384823,48.));
#4181=CARTESIAN_POINT('Origin',(-120.775758797382,-14.3285400384823,48.));
#4182=CARTESIAN_POINT('',(-111.025758640921,-12.3285400384823,48.));
#4183=CARTESIAN_POINT('',(-120.775758797382,-12.3285400384823,48.));
#4184=CARTESIAN_POINT('',(-113.025758640921,-14.3285400384823,50.));
#4185=CARTESIAN_POINT('',(-120.775758797382,-14.3285400384823,50.));
#4186=CARTESIAN_POINT('Origin',(-113.025758640921,-14.3285400384823,48.));
#4187=CARTESIAN_POINT('Origin',(-113.025758640921,-22.2479806241154,48.));
#4188=CARTESIAN_POINT('',(-111.025758640921,-17.4150299133138,48.));
#4189=CARTESIAN_POINT('',(-111.025758640921,-22.2479806241154,48.));
#4190=CARTESIAN_POINT('',(-113.025758640921,-15.4150299133138,50.));
#4191=CARTESIAN_POINT('',(-113.025758640921,-22.2479806241154,50.));
#4192=CARTESIAN_POINT('Origin',(-113.025758640921,-15.4150299133138,48.));
#4193=CARTESIAN_POINT('Origin',(-124.275758953844,-15.4150299133138,48.));
#4194=CARTESIAN_POINT('',(-118.025758953844,-17.4150299133138,48.));
#4195=CARTESIAN_POINT('',(-124.275758953844,-17.4150299133138,48.));
#4196=CARTESIAN_POINT('',(-121.983844549917,-15.4150299133138,50.));
#4197=CARTESIAN_POINT('',(-124.275758953844,-15.4150299133138,50.));
#4198=CARTESIAN_POINT('Origin',(-121.983844549917,-15.4150299133138,48.));
#4199=CARTESIAN_POINT('Origin',(-112.927205833869,-27.7056503178529,48.));
#4200=CARTESIAN_POINT('',(-104.825758953844,-35.3285400384823,48.));
#4201=CARTESIAN_POINT('',(-111.317118689717,-26.519218951007,48.));
#4202=CARTESIAN_POINT('',(-105.83634851865,-37.3285400384823,50.));
#4203=CARTESIAN_POINT('',(-112.927205833869,-27.7056503178529,50.));
#4204=CARTESIAN_POINT('Origin',(-105.83634851865,-37.3285400384823,48.));
#4205=CARTESIAN_POINT('Origin',(-112.675758953844,-37.3285400384823,48.));
#4206=CARTESIAN_POINT('',(-94.825758953844,-35.3285400384823,48.));
#4207=CARTESIAN_POINT('',(-112.675758953844,-35.3285400384823,48.));
#4208=CARTESIAN_POINT('',(-96.825758953844,-37.3285400384823,50.));
#4209=CARTESIAN_POINT('',(-112.675758953844,-37.3285400384823,50.));
#4210=CARTESIAN_POINT('Origin',(-96.825758953844,-37.3285400384823,48.));
#4211=CARTESIAN_POINT('Origin',(-96.825758953844,-34.4571269831343,48.));
#4212=CARTESIAN_POINT('',(-96.825758953844,-41.8333226313516,50.));
#4213=CARTESIAN_POINT('',(-96.825758953844,-34.4571269831343,50.));
#4214=CARTESIAN_POINT('',(-94.825758953844,-41.8333226313516,48.));
#4215=CARTESIAN_POINT('Origin',(-96.825758953844,-41.8333226313516,48.));
#4216=CARTESIAN_POINT('',(-94.825758953844,-34.4571269831343,48.));
#4217=CARTESIAN_POINT('Origin',(-130.525758953844,-27.0809313349169,50.));
#4218=CARTESIAN_POINT('',(-153.220251677851,-41.8285400384823,50.));
#4219=CARTESIAN_POINT('',(-156.225758953844,-41.8285400384823,50.));
#4220=CARTESIAN_POINT('',(-107.831161364998,-41.8333226313516,50.));
#4221=CARTESIAN_POINT('Origin',(-130.525758953844,-42.3285400384823,50.));
#4222=CARTESIAN_POINT('',(-94.825758953844,-41.8333226313516,50.));
#4223=CARTESIAN_POINT('Origin',(-166.225758953844,-41.8285400384823,5.));
#4224=CARTESIAN_POINT('',(-166.225758953844,-41.8285400384823,5.));
#4225=CARTESIAN_POINT('',(-166.225758953844,-41.8285400384823,5.));
#4226=CARTESIAN_POINT('',(-153.220251677851,-41.8285400384823,5.));
#4227=CARTESIAN_POINT('',(-156.225758953844,-41.8285400384823,5.));
#4228=CARTESIAN_POINT('',(-153.220251677851,-41.8285400384823,5.));
#4229=CARTESIAN_POINT('Origin',(-94.825758953844,-35.3285400384823,5.));
#4230=CARTESIAN_POINT('',(-94.825758953844,-35.3285400384823,5.));
#4231=CARTESIAN_POINT('',(-94.825758953844,-35.3285400384823,5.));
#4232=CARTESIAN_POINT('',(-104.825758953844,-35.3285400384823,5.));
#4233=CARTESIAN_POINT('',(-94.825758953844,-35.3285400384823,5.));
#4234=CARTESIAN_POINT('',(-104.825758953844,-35.3285400384823,5.));
#4235=CARTESIAN_POINT('Origin',(-94.825758953844,-41.8333226313516,5.));
#4236=CARTESIAN_POINT('',(-94.825758953844,-41.8333226313516,5.));
#4237=CARTESIAN_POINT('',(-94.825758953844,-41.8333226313516,5.));
#4238=CARTESIAN_POINT('',(-94.825758953844,-42.3285400384823,5.));
#4239=CARTESIAN_POINT('Origin',(-107.831161364998,-41.8333226313516,5.));
#4240=CARTESIAN_POINT('',(-107.831161364998,-41.8333226313516,5.));
#4241=CARTESIAN_POINT('',(-107.831161364998,-41.8333226313516,5.));
#4242=CARTESIAN_POINT('',(-94.825758953844,-41.8333226313516,5.));
#4243=CARTESIAN_POINT('Origin',(-130.525758953844,-42.3285400384823,5.));
#4244=CARTESIAN_POINT('Origin',(-130.525758953844,-42.3285400384823,5.));
#4245=CARTESIAN_POINT('Origin',(-166.225758953844,-35.3285400384823,5.));
#4246=CARTESIAN_POINT('',(-166.225758953844,-35.3285400384823,5.));
#4247=CARTESIAN_POINT('',(-166.225758953844,-35.3285400384823,5.));
#4248=CARTESIAN_POINT('',(-166.225758953844,-42.3285400384823,5.));
#4249=CARTESIAN_POINT('Origin',(-156.225758953844,-35.3285400384823,5.));
#4250=CARTESIAN_POINT('',(-156.225758953844,-35.3285400384823,5.));
#4251=CARTESIAN_POINT('',(-156.225758953844,-35.3285400384823,5.));
#4252=CARTESIAN_POINT('',(-166.225758953844,-35.3285400384823,5.));
#4253=CARTESIAN_POINT('Origin',(-143.025758953844,-17.4150299133138,5.));
#4254=CARTESIAN_POINT('',(-143.025758953844,-17.4150299133138,5.));
#4255=CARTESIAN_POINT('',(-143.025758953844,-17.4150299133138,5.));
#4256=CARTESIAN_POINT('',(-143.025758953844,-17.4150299133138,5.));
#4257=CARTESIAN_POINT('Origin',(-150.025759222066,-17.4150299133138,5.));
#4258=CARTESIAN_POINT('',(-150.025759222066,-17.4150299133138,5.));
#4259=CARTESIAN_POINT('',(-150.025759222066,-17.4150299133138,5.));
#4260=CARTESIAN_POINT('',(-143.025758953844,-17.4150299133138,5.));
#4261=CARTESIAN_POINT('Origin',(-150.025759222066,-12.3285400384823,5.));
#4262=CARTESIAN_POINT('',(-150.025759222066,-12.3285400384823,5.));
#4263=CARTESIAN_POINT('',(-150.025759222066,-12.3285400384823,5.));
#4264=CARTESIAN_POINT('',(-150.025759222066,-17.4150299133138,5.));
#4265=CARTESIAN_POINT('Origin',(-111.025758640921,-12.3285400384823,5.));
#4266=CARTESIAN_POINT('',(-111.025758640921,-12.3285400384823,5.));
#4267=CARTESIAN_POINT('',(-111.025758640921,-12.3285400384823,5.));
#4268=CARTESIAN_POINT('',(-177.188433743481,-12.3285400384823,5.));
#4269=CARTESIAN_POINT('Origin',(-111.025758640921,-17.4150299133138,5.));
#4270=CARTESIAN_POINT('',(-111.025758640921,-17.4150299133138,5.));
#4271=CARTESIAN_POINT('',(-111.025758640921,-17.4150299133138,5.));
#4272=CARTESIAN_POINT('',(-111.025758640921,-17.4150299133138,5.));
#4273=CARTESIAN_POINT('Origin',(-118.025758953844,-17.4150299133138,5.));
#4274=CARTESIAN_POINT('',(-118.025758953844,-17.4150299133138,5.));
#4275=CARTESIAN_POINT('',(-118.025758953844,-17.4150299133138,5.));
#4276=CARTESIAN_POINT('',(-118.025758953844,-17.4150299133138,5.));
#4277=CARTESIAN_POINT('Origin',(-104.825758953844,-35.3285400384823,5.));
#4278=CARTESIAN_POINT('',(-118.025758953844,-17.4150299133138,5.));
#4279=CARTESIAN_POINT('Origin',(-130.525758953844,-27.0809313349169,5.));
#4280=CARTESIAN_POINT('Origin',(-130.525706521424,-30.7309313349169,0.));
#4281=CARTESIAN_POINT('',(-153.220251677851,-41.8285400384823,0.));
#4282=CARTESIAN_POINT('',(-107.831161364998,-41.8333226313516,0.));
#4283=CARTESIAN_POINT('Origin',(-130.525758953844,-42.3285400384823,0.));
#4284=CARTESIAN_POINT('',(-114.347492229496,-41.8326360135474,0.));
#4285=CARTESIAN_POINT('',(-153.220251677851,-41.8285400384823,0.));
#4286=CARTESIAN_POINT('',(-117.703921135327,-41.8322823507433,0.));
#4287=CARTESIAN_POINT('Origin',(-116.025758953844,-42.3285400384823,0.));
#4288=CARTESIAN_POINT('',(-119.536967547605,-41.8320892048874,0.));
#4289=CARTESIAN_POINT('',(-153.220251677851,-41.8285400384823,0.));
#4290=CARTESIAN_POINT('',(-141.514445495243,-41.8297734649465,0.));
#4291=CARTESIAN_POINT('Origin',(-130.525758953844,-42.3285400384823,0.));
#4292=CARTESIAN_POINT('',(-143.348398198631,-41.8295802235957,0.));
#4293=CARTESIAN_POINT('',(-153.220251677851,-41.8285400384823,0.));
#4294=CARTESIAN_POINT('',(-146.703014522243,-41.8292267517813,0.));
#4295=CARTESIAN_POINT('Origin',(-145.025758953844,-42.3285400384823,0.));
#4296=CARTESIAN_POINT('',(-153.220251677851,-41.8285400384823,0.));
#4297=CARTESIAN_POINT('',(-128.775758953844,-27.8285400384823,0.));
#4298=CARTESIAN_POINT('Origin',(-130.525758953844,-27.8285400384823,0.));
#4299=CARTESIAN_POINT('Origin',(-130.525758953844,-42.3285400384823,0.));
#4300=CARTESIAN_POINT('',(-153.220251677851,-41.8285400384823,5.));
#4301=CARTESIAN_POINT('',(-153.220251677851,-41.8285400384823,0.));
#4302=CARTESIAN_POINT('',(-107.831161364998,-41.8333226313516,5.));
#4303=CARTESIAN_POINT('Origin',(-130.525758953844,-42.3285400384823,5.));
#4304=CARTESIAN_POINT('',(-107.831161364998,-41.8333226313516,0.));
#4305=CARTESIAN_POINT('Origin',(-153.220251677851,-41.8285400384823,0.));
#4306=CARTESIAN_POINT('',(-146.703014522243,-41.8292267517813,5.));
#4307=CARTESIAN_POINT('',(-146.703014522243,-41.8292267517813,0.));
#4308=CARTESIAN_POINT('',(-153.220251677851,-41.8285400384823,5.));
#4309=CARTESIAN_POINT('Origin',(-145.025758953844,-42.3285400384823,0.));
#4310=CARTESIAN_POINT('',(-143.348398198631,-41.8295802235957,5.));
#4311=CARTESIAN_POINT('',(-143.348398198631,-41.8295802235957,0.));
#4312=CARTESIAN_POINT('Origin',(-145.025758953844,-42.3285400384823,5.));
#4313=CARTESIAN_POINT('Origin',(-143.348398198631,-41.8295802235957,0.));
#4314=CARTESIAN_POINT('',(-143.015797947965,-41.8296152692769,5.));
#4315=CARTESIAN_POINT('',(-141.514445495243,-41.8297734649465,3.5));
#4316=CARTESIAN_POINT('Ctrl Pts',(-143.015797947965,-41.8296152692769,4.99999999999999));
#4317=CARTESIAN_POINT('Ctrl Pts',(-142.830475103694,-41.8296347965181,4.99999999999999));
#4318=CARTESIAN_POINT('Ctrl Pts',(-142.612356183236,-41.8296577794417,4.95663759605302));
#4319=CARTESIAN_POINT('Ctrl Pts',(-142.269954729539,-41.8296938578636,4.81488508982306));
#4320=CARTESIAN_POINT('Ctrl Pts',(-142.085068665228,-41.8297133390818,4.69143305467043));
#4321=CARTESIAN_POINT('Ctrl Pts',(-141.823063382907,-41.8297409462576,4.42958312765469));
#4322=CARTESIAN_POINT('Ctrl Pts',(-141.699555148325,-41.829753960169,4.24488009259459));
#4323=CARTESIAN_POINT('Ctrl Pts',(-141.557803345613,-41.8297688963829,3.90286746112789));
#4324=CARTESIAN_POINT('Ctrl Pts',(-141.514445495243,-41.8297734649465,3.68506415051817));
#4325=CARTESIAN_POINT('Ctrl Pts',(-141.514445495243,-41.8297734649465,3.49999999999998));
#4326=CARTESIAN_POINT('',(-153.220251677851,-41.8285400384823,5.));
#4327=CARTESIAN_POINT('',(-141.514445495243,-41.8297734649465,0.));
#4328=CARTESIAN_POINT('Origin',(-130.525758953844,-42.3285400384823,0.));
#4329=CARTESIAN_POINT('',(-119.536967547605,-41.8320892048874,3.5));
#4330=CARTESIAN_POINT('Origin',(-130.525758953844,-42.3285400384823,3.5));
#4331=CARTESIAN_POINT('',(-119.536967547605,-41.8320892048874,0.));
#4332=CARTESIAN_POINT('Origin',(-116.025758953844,-42.3285400384823,0.));
#4333=CARTESIAN_POINT('',(-114.347492229496,-41.8326360135474,5.));
#4334=CARTESIAN_POINT('',(-114.347492229496,-41.8326360135474,0.));
#4335=CARTESIAN_POINT('',(-117.703921135327,-41.8322823507433,5.));
#4336=CARTESIAN_POINT('Origin',(-116.025758953844,-42.3285400384823,5.));
#4337=CARTESIAN_POINT('',(-117.703921135327,-41.8322823507433,0.));
#4338=CARTESIAN_POINT('Origin',(-114.347492229496,-41.8326360135474,0.));
#4339=CARTESIAN_POINT('',(-153.220251677851,-41.8285400384823,5.));
#4340=CARTESIAN_POINT('Origin',(-130.525758953844,-27.8285400384823,0.));
#4341=CARTESIAN_POINT('',(-128.775758953844,-27.8285400384823,5.));
#4342=CARTESIAN_POINT('Origin',(-130.525758953844,-27.8285400384823,5.));
#4343=CARTESIAN_POINT('',(-128.775758953844,-27.8285400384823,0.));
#4344=CARTESIAN_POINT('Origin',(-119.536967547605,-41.8320892048874,0.));
#4345=CARTESIAN_POINT('',(-118.035615094883,-41.832247400557,5.));
#4346=CARTESIAN_POINT('Ctrl Pts',(-119.536967547605,-41.8320892048874,3.49999999999998));
#4347=CARTESIAN_POINT('Ctrl Pts',(-119.536967547605,-41.8320892048874,3.68506415051817));
#4348=CARTESIAN_POINT('Ctrl Pts',(-119.493609697236,-41.832093773451,3.90286746112789));
#4349=CARTESIAN_POINT('Ctrl Pts',(-119.351857894523,-41.8321087096649,4.24488009259459));
#4350=CARTESIAN_POINT('Ctrl Pts',(-119.228349659941,-41.8321217235763,4.42958312765469));
#4351=CARTESIAN_POINT('Ctrl Pts',(-118.96634437762,-41.8321493307521,4.69143305467043));
#4352=CARTESIAN_POINT('Ctrl Pts',(-118.781458313309,-41.8321688119703,4.81488508982306));
#4353=CARTESIAN_POINT('Ctrl Pts',(-118.439056859613,-41.8322048903922,4.95663759605302));
#4354=CARTESIAN_POINT('Ctrl Pts',(-118.220937939155,-41.8322278733158,5.));
#4355=CARTESIAN_POINT('Ctrl Pts',(-118.035615094883,-41.832247400557,5.));
#4356=CARTESIAN_POINT('',(-153.220251677851,-41.8285400384823,5.));
#4357=CARTESIAN_POINT('Origin',(-130.525706521424,-30.7309313349169,5.));
#4358=CARTESIAN_POINT('Origin',(-130.525758953844,-42.3285400384823,5.));
#4359=CARTESIAN_POINT('Origin',(-130.525758953844,-42.3285400384823,3.5));
#4360=CARTESIAN_POINT('',(0.,0.,0.));
#4361=CARTESIAN_POINT('',(0.,0.,0.));
#4362=UNCERTAINTY_MEASURE_WITH_UNIT(LENGTH_MEASURE(0.01),#4370,
'DISTANCE_ACCURACY_VALUE',
'Maximum model space distance between geometric entities at asserted c
onnectivities');
#4363=UNCERTAINTY_MEASURE_WITH_UNIT(LENGTH_MEASURE(0.01),#4370,
'DISTANCE_ACCURACY_VALUE',
'Maximum model space distance between geometric entities at asserted c
onnectivities');
#4364=UNCERTAINTY_MEASURE_WITH_UNIT(LENGTH_MEASURE(0.01),#4370,
'DISTANCE_ACCURACY_VALUE',
'Maximum model space distance between geometric entities at asserted c
onnectivities');
#4365=UNCERTAINTY_MEASURE_WITH_UNIT(LENGTH_MEASURE(0.01),#4370,
'DISTANCE_ACCURACY_VALUE',
'Maximum model space distance between geometric entities at asserted c
onnectivities');
#4366=(
GEOMETRIC_REPRESENTATION_CONTEXT(3)
GLOBAL_UNCERTAINTY_ASSIGNED_CONTEXT((#4362))
GLOBAL_UNIT_ASSIGNED_CONTEXT((#4370,#4371,#4372))
REPRESENTATION_CONTEXT('','3D')
);
#4367=(
GEOMETRIC_REPRESENTATION_CONTEXT(3)
GLOBAL_UNCERTAINTY_ASSIGNED_CONTEXT((#4363))
GLOBAL_UNIT_ASSIGNED_CONTEXT((#4370,#4371,#4372))
REPRESENTATION_CONTEXT('','3D')
);
#4368=(
GEOMETRIC_REPRESENTATION_CONTEXT(3)
GLOBAL_UNCERTAINTY_ASSIGNED_CONTEXT((#4364))
GLOBAL_UNIT_ASSIGNED_CONTEXT((#4370,#4371,#4372))
REPRESENTATION_CONTEXT('','3D')
);
#4369=(
GEOMETRIC_REPRESENTATION_CONTEXT(3)
GLOBAL_UNCERTAINTY_ASSIGNED_CONTEXT((#4365))
GLOBAL_UNIT_ASSIGNED_CONTEXT((#4370,#4371,#4372))
REPRESENTATION_CONTEXT('','3D')
);
#4370=(
LENGTH_UNIT()
NAMED_UNIT(*)
SI_UNIT(.MILLI.,.METRE.)
);
#4371=(
NAMED_UNIT(*)
PLANE_ANGLE_UNIT()
SI_UNIT($,.RADIAN.)
);
#4372=(
NAMED_UNIT(*)
SI_UNIT($,.STERADIAN.)
SOLID_ANGLE_UNIT()
);
#4373=SHAPE_DEFINITION_REPRESENTATION(#4376,#4381);
#4374=SHAPE_DEFINITION_REPRESENTATION(#4377,#4382);
#4375=SHAPE_DEFINITION_REPRESENTATION(#4378,#4383);
#4376=PRODUCT_DEFINITION_SHAPE('',$,#4385);
#4377=PRODUCT_DEFINITION_SHAPE('',$,#4386);
#4378=PRODUCT_DEFINITION_SHAPE('',$,#4387);
#4379=PRODUCT_DEFINITION_SHAPE($,$,#17);
#4380=PRODUCT_DEFINITION_SHAPE($,$,#18);
#4381=SHAPE_REPRESENTATION('',(#2523,#2779,#2780),#4366);
#4382=SHAPE_REPRESENTATION('',(#2524),#4367);
#4383=SHAPE_REPRESENTATION('',(#2622),#4368);
#4384=PRODUCT_DEFINITION_CONTEXT('part definition',#4395,'design');
#4385=PRODUCT_DEFINITION('Z-Axis','Z-Axis v4',#4388,#4384);
#4386=PRODUCT_DEFINITION('Frame','Frame',#4389,#4384);
#4387=PRODUCT_DEFINITION('Carriage','Carriage',#4390,#4384);
#4388=PRODUCT_DEFINITION_FORMATION('',$,#4397);
#4389=PRODUCT_DEFINITION_FORMATION('',$,#4398);
#4390=PRODUCT_DEFINITION_FORMATION('',$,#4399);
#4391=PRODUCT_RELATED_PRODUCT_CATEGORY('Z-Axis v4','Z-Axis v4',(#4397));
#4392=PRODUCT_RELATED_PRODUCT_CATEGORY('Frame','Frame',(#4398));
#4393=PRODUCT_RELATED_PRODUCT_CATEGORY('Carriage','Carriage',(#4399));
#4394=APPLICATION_PROTOCOL_DEFINITION('international standard',
'automotive_design',2009,#4395);
#4395=APPLICATION_CONTEXT(
'Core Data for Automotive Mechanical Design Process');
#4396=PRODUCT_CONTEXT('part definition',#4395,'mechanical');
#4397=PRODUCT('Z-Axis','Z-Axis v4',$,(#4396));
#4398=PRODUCT('Frame','Frame',$,(#4396));
#4399=PRODUCT('Carriage','Carriage',$,(#4396));
#4400=PRESENTATION_STYLE_ASSIGNMENT((#4402));
#4401=PRESENTATION_STYLE_ASSIGNMENT((#4403));
#4402=SURFACE_STYLE_USAGE(.BOTH.,#4404);
#4403=SURFACE_STYLE_USAGE(.BOTH.,#4405);
#4404=SURFACE_SIDE_STYLE('',(#4406));
#4405=SURFACE_SIDE_STYLE('',(#4407));
#4406=SURFACE_STYLE_FILL_AREA(#4408);
#4407=SURFACE_STYLE_FILL_AREA(#4409);
#4408=FILL_AREA_STYLE('Steel - Satin',(#4410));
#4409=FILL_AREA_STYLE('Opaque(198,193,188)',(#4411));
#4410=FILL_AREA_STYLE_COLOUR('Steel - Satin',#4412);
#4411=FILL_AREA_STYLE_COLOUR('Opaque(198,193,188)',#4413);
#4412=COLOUR_RGB('Steel - Satin',0.627450980392157,0.627450980392157,0.627450980392157);
#4413=COLOUR_RGB('Opaque(198,193,188)',0.776470588235294,0.756862745098039,
0.737254901960784);
ENDSEC;
END-ISO-10303-21;
